ISO-10303-21;
HEADER;
FILE_DESCRIPTION (( 'STEP AP214' ),
    '1' );
FILE_NAME ('APC-817D1-SL.STEP',
    '2026-06-11T13:43:28',
    ( '' ),
    ( '' ),
    'SwSTEP 2.0',
    'SolidWorks 2026',
    '' );
FILE_SCHEMA (( 'AUTOMOTIVE_DESIGN' ));
ENDSEC;

DATA;
#1 = VERTEX_POINT ( 'NONE', #1903 ) ;
#2 = VERTEX_POINT ( 'NONE', #646 ) ;
#3 = FACE_OUTER_BOUND ( 'NONE', #68, .T. ) ;
#4 = AXIS2_PLACEMENT_3D ( 'NONE', #1821, #808, #1519 ) ;
#5 = EDGE_CURVE ( 'NONE', #197, #439, #2146, .T. ) ;
#6 = PRESENTATION_STYLE_ASSIGNMENT (( #1473 ) ) ;
#7 = LINE ( 'NONE', #2914, #1272 ) ;
#8 = ORIENTED_EDGE ( 'NONE', *, *, #686, .F. ) ;
#9 = DIRECTION ( 'NONE',  ( -0.7071067811865489050, 0.000000000000000000, -0.7071067811865462405 ) ) ;
#10 = DIRECTION ( 'NONE',  ( -0.000000000000000000, -1.000000000000000000, -0.000000000000000000 ) ) ;
#11 = PRESENTATION_LAYER_ASSIGNMENT (  '', '', ( #2882 ) ) ;
#12 = EDGE_CURVE ( 'NONE', #1239, #283, #687, .T. ) ;
#13 = ORIENTED_EDGE ( 'NONE', *, *, #2354, .T. ) ;
#14 = DIRECTION ( 'NONE',  ( -0.000000000000000000, -1.000000000000000000, -0.000000000000000000 ) ) ;
#15 = ORIENTED_EDGE ( 'NONE', *, *, #450, .T. ) ;
#16 = DIRECTION ( 'NONE',  ( -1.000000000000000000, 0.000000000000000000, 0.000000000000000000 ) ) ;
#17 = ORIENTED_EDGE ( 'NONE', *, *, #1074, .T. ) ;
#18 = CARTESIAN_POINT ( 'NONE',  ( 0.000000000000000000, 1.750000000000000000, -2.003468656348744048 ) ) ;
#19 = ORIENTED_EDGE ( 'NONE', *, *, #2968, .T. ) ;
#20 = EDGE_CURVE ( 'NONE', #2240, #3031, #1624, .T. ) ;
#21 = DIRECTION ( 'NONE',  ( -0.000000000000000000, -0.000000000000000000, 1.000000000000000000 ) ) ;
#22 = VECTOR ( 'NONE', #2757, 1000.000000000000114 ) ;
#23 = VECTOR ( 'NONE', #2594, 1000.000000000000000 ) ;
#24 = CARTESIAN_POINT ( 'NONE',  ( -5.075000000000001066, -1.850000000000000533, 1.520000000000000018 ) ) ;
#25 = CARTESIAN_POINT ( 'NONE',  ( 4.275000000000000355, -1.550000000000000266, -0.6200000000000001066 ) ) ;
#26 = PLANE ( 'NONE',  #369 ) ;
#27 = VECTOR ( 'NONE', #566, 1000.000000000000000 ) ;
#28 = ORIENTED_EDGE ( 'NONE', *, *, #1784, .T. ) ;
#29 = SURFACE_STYLE_USAGE ( .BOTH. , #1747 ) ;
#30 = VERTEX_POINT ( 'NONE', #449 ) ;
#31 = CARTESIAN_POINT ( 'NONE',  ( -4.367065325376102258, -1.600000000000000089, -0.6200000000000001066 ) ) ;
#32 = ORIENTED_EDGE ( 'NONE', *, *, #1242, .T. ) ;
#33 =( NAMED_UNIT ( * ) SI_UNIT ( $, .STERADIAN. ) SOLID_ANGLE_UNIT ( ) );
#34 = EDGE_CURVE ( 'NONE', #825, #2790, #900, .T. ) ;
#35 = CARTESIAN_POINT ( 'NONE',  ( -3.717934674623899927, -0.2750000000000308864, -1.520000000000000018 ) ) ;
#36 = VECTOR ( 'NONE', #1234, 1000.000000000000000 ) ;
#37 = ORIENTED_EDGE ( 'NONE', *, *, #456, .T. ) ;
#38 = DIRECTION ( 'NONE',  ( 0.000000000000000000, 0.000000000000000000, -1.000000000000000000 ) ) ;
#39 = CARTESIAN_POINT ( 'NONE',  ( -3.918107167550506809, -0.8750000000000309752, 1.920000000000000151 ) ) ;
#40 = EDGE_CURVE ( 'NONE', #354, #2900, #2082, .T. ) ;
#41 = VERTEX_POINT ( 'NONE', #1843 ) ;
#42 = CARTESIAN_POINT ( 'NONE',  ( 3.918107167550506809, -0.8750000000000309752, -0.6200000000000001066 ) ) ;
#43 = ORIENTED_EDGE ( 'NONE', *, *, #659, .T. ) ;
#44 = CARTESIAN_POINT ( 'NONE',  ( 2.963468656348744013, -1.750000000000000000, 2.290000000000000036 ) ) ;
#45 = ADVANCED_FACE ( 'NONE', ( #1607 ), #2574, .F. ) ;
#46 = LINE ( 'NONE', #2689, #2319 ) ;
#47 = EDGE_LOOP ( 'NONE', ( #2500, #2674, #2623, #2930, #1673, #2903, #227 ) ) ;
#48 = LINE ( 'NONE', #284, #795 ) ;
#49 = ORIENTED_EDGE ( 'NONE', *, *, #1111, .T. ) ;
#50 = DIRECTION ( 'NONE',  ( -0.000000000000000000, -0.000000000000000000, -1.000000000000000000 ) ) ;
#51 = AXIS2_PLACEMENT_3D ( 'NONE', #2570, #2170, #16 ) ;
#52 = CARTESIAN_POINT ( 'NONE',  ( -5.075000000000001066, -1.600000000000000755, 1.920000000000000151 ) ) ;
#53 = EDGE_LOOP ( 'NONE', ( #2401, #2479 ) ) ;
#54 = MANIFOLD_SOLID_BREP ( 'Cut-Extrude2[4]', #2485 ) ;
#55 = CARTESIAN_POINT ( 'NONE',  ( -3.810000000000000941, -0.1750000000000308253, -0.6200000000000001066 ) ) ;
#56 = ORIENTED_EDGE ( 'NONE', *, *, #423, .F. ) ;
#57 = LINE ( 'NONE', #756, #2553 ) ;
#58 = CARTESIAN_POINT ( 'NONE',  ( 4.767065325376100837, -23.25000000000000000, 1.520000000000000018 ) ) ;
#59 = FACE_OUTER_BOUND ( 'NONE', #1231, .T. ) ;
#60 = ORIENTED_EDGE ( 'NONE', *, *, #2812, .F. ) ;
#61 = ADVANCED_FACE ( 'NONE', ( #1422 ), #1120, .F. ) ;
#62 = DIRECTION ( 'NONE',  ( 0.08248397231594427337, 0.9965923912568178666, 0.000000000000000000 ) ) ;
#63 = CARTESIAN_POINT ( 'NONE',  ( -3.810000000000000941, 0.1249999999999696493, -0.6200000000000001066 ) ) ;
#64 = VECTOR ( 'NONE', #2962, 1000.000000000000000 ) ;
#65 = EDGE_CURVE ( 'NONE', #2647, #1510, #3128, .T. ) ;
#66 = DIRECTION ( 'NONE',  ( -1.000000000000000000, -1.627809783326294483E-16, 0.000000000000000000 ) ) ;
#67 = CARTESIAN_POINT ( 'NONE',  ( -25.00000000000000000, -0.8750000000000308642, -1.520000000000000018 ) ) ;
#68 = EDGE_LOOP ( 'NONE', ( #1617, #2473, #1163, #1090 ) ) ;
#69 = SURFACE_SIDE_STYLE ('',( #1023 ) ) ;
#70 = EDGE_LOOP ( 'NONE', ( #87, #1703, #43, #2395 ) ) ;
#71 = DIRECTION ( 'NONE',  ( -1.000000000000000000, 0.000000000000000000, 0.000000000000000000 ) ) ;
#72 = ORIENTED_EDGE ( 'NONE', *, *, #510, .F. ) ;
#73 = ADVANCED_FACE ( 'NONE', ( #957 ), #2411, .T. ) ;
#74 = CARTESIAN_POINT ( 'NONE',  ( 4.767065325376100837, -23.25000000000000000, -1.020000000000000018 ) ) ;
#75 = VECTOR ( 'NONE', #50, 1000.000000000000000 ) ;
#76 = CARTESIAN_POINT ( 'NONE',  ( 3.867423533312422723, -0.2626274041526392988, 1.920000000000000151 ) ) ;
#77 = DIRECTION ( 'NONE',  ( -0.000000000000000000, 1.000000000000000000, -0.000000000000000000 ) ) ;
#78 = MECHANICAL_DESIGN_GEOMETRIC_PRESENTATION_REPRESENTATION (  '', ( #472 ), #2610 ) ;
#79 = EDGE_CURVE ( 'NONE', #1580, #2367, #2393, .T. ) ;
#80 = CARTESIAN_POINT ( 'NONE',  ( 5.371032662688050685, -1.850000000000000533, -0.9160326626880482825 ) ) ;
#81 = FACE_OUTER_BOUND ( 'NONE', #1984, .T. ) ;
#82 = SURFACE_STYLE_FILL_AREA ( #2289 ) ;
#83 = VECTOR ( 'NONE', #2462, 1000.000000000000000 ) ;
#84 = ORIENTED_EDGE ( 'NONE', *, *, #992, .T. ) ;
#85 = VECTOR ( 'NONE', #2038, 1000.000000000000000 ) ;
#86 = DIRECTION ( 'NONE',  ( -0.000000000000000000, -0.000000000000000000, -1.000000000000000000 ) ) ;
#87 = ORIENTED_EDGE ( 'NONE', *, *, #2380, .F. ) ;
#88 = DIRECTION ( 'NONE',  ( 0.000000000000000000, 0.000000000000000000, 1.000000000000000000 ) ) ;
#89 = DIRECTION ( 'NONE',  ( 2.710505431213757141E-16, 1.000000000000000000, -0.000000000000000000 ) ) ;
#90 = COLOUR_RGB ( '',0.2666666666666666630, 0.2666666666666666630, 0.2666666666666666630 ) ;
#91 = ORIENTED_EDGE ( 'NONE', *, *, #1210, .F. ) ;
#92 = VECTOR ( 'NONE', #1425, 1000.000000000000000 ) ;
#93 = DIRECTION ( 'NONE',  ( -1.000000000000000000, 0.000000000000000000, 0.000000000000000000 ) ) ;
#94 = CARTESIAN_POINT ( 'NONE',  ( 5.075000000000001066, -1.850000000000000533, -0.6200000000000001066 ) ) ;
#95 = ORIENTED_EDGE ( 'NONE', *, *, #2611, .F. ) ;
#96 = PLANE ( 'NONE',  #1358 ) ;
#97 = EDGE_CURVE ( 'NONE', #1363, #853, #2441, .T. ) ;
#98 = EDGE_CURVE ( 'NONE', #2329, #2153, #2893, .T. ) ;
#99 = PLANE ( 'NONE',  #2281 ) ;
#100 = DIRECTION ( 'NONE',  ( 0.000000000000000000, 0.000000000000000000, 1.000000000000000000 ) ) ;
#101 = ADVANCED_FACE ( 'NONE', ( #717 ), #1950, .F. ) ;
#102 = VERTEX_POINT ( 'NONE', #747 ) ;
#103 = CARTESIAN_POINT ( 'NONE',  ( -5.075000000000001066, -1.850000000000000533, -1.520000000000000018 ) ) ;
#104 = EDGE_LOOP ( 'NONE', ( #2128, #503, #1737, #3037, #60, #290, #2885, #3002 ) ) ;
#105 = CARTESIAN_POINT ( 'NONE',  ( -4.367065325376102258, -1.600000000000000755, 0.6200000000000001066 ) ) ;
#106 = ADVANCED_FACE ( 'NONE', ( #1692 ), #1181, .F. ) ;
#107 = AXIS2_PLACEMENT_3D ( 'NONE', #266, #2439, #2875 ) ;
#108 = VERTEX_POINT ( 'NONE', #1490 ) ;
#109 = DIRECTION ( 'NONE',  ( -0.000000000000000000, -0.000000000000000000, -1.000000000000000000 ) ) ;
#110 = DIRECTION ( 'NONE',  ( -0.000000000000000000, -0.000000000000000000, -1.000000000000000000 ) ) ;
#111 = ORIENTED_EDGE ( 'NONE', *, *, #2446, .F. ) ;
#112 =( NAMED_UNIT ( * ) SI_UNIT ( $, .STERADIAN. ) SOLID_ANGLE_UNIT ( ) );
#113 = CARTESIAN_POINT ( 'NONE',  ( -4.367065325376102258, -23.25000000000000000, -1.920000000000000151 ) ) ;
#114 = MANIFOLD_SOLID_BREP ( 'Cut-Extrude2[1]', #407 ) ;
#115 = DIRECTION ( 'NONE',  ( 0.000000000000000000, 0.000000000000000000, 1.000000000000000000 ) ) ;
#116 = EDGE_CURVE ( 'NONE', #1768, #2549, #1308, .T. ) ;
#117 = CARTESIAN_POINT ( 'NONE',  ( 1.719785658213591528, -0.1250000000000311695, 1.520000000000000018 ) ) ;
#118 = SURFACE_SIDE_STYLE ('',( #82 ) ) ;
#119 = EDGE_LOOP ( 'NONE', ( #2780, #203, #835, #72 ) ) ;
#120 = VERTEX_POINT ( 'NONE', #2460 ) ;
#121 = UNCERTAINTY_MEASURE_WITH_UNIT (LENGTH_MEASURE( 1.000000000000000082E-05 ), #2332, 'distance_accuracy_value', 'NONE');
#122 = CYLINDRICAL_SURFACE ( 'NONE', #1194, 0.1499999999999999667 ) ;
#123 = LINE ( 'NONE', #2563, #763 ) ;
#124 = AXIS2_PLACEMENT_3D ( 'NONE', #1527, #2701, #2687 ) ;
#125 = ORIENTED_EDGE ( 'NONE', *, *, #2058, .F. ) ;
#126 = CARTESIAN_POINT ( 'NONE',  ( 4.367065325376102258, -23.25000000000000000, 1.920000000000000151 ) ) ;
#127 =( GEOMETRIC_REPRESENTATION_CONTEXT ( 3 ) GLOBAL_UNCERTAINTY_ASSIGNED_CONTEXT ( ( #1918 ) ) GLOBAL_UNIT_ASSIGNED_CONTEXT ( ( #647, #3065, #2680 ) ) REPRESENTATION_CONTEXT ( 'NONE', 'WORKASPACE' ) );
#128 = AXIS2_PLACEMENT_3D ( 'NONE', #1829, #2980, #353 ) ;
#129 = PRESENTATION_STYLE_ASSIGNMENT (( #2583 ) ) ;
#130 = ORIENTED_EDGE ( 'NONE', *, *, #3048, .T. ) ;
#131 = CARTESIAN_POINT ( 'NONE',  ( -4.367065325376102258, -23.25000000000000000, -0.6200000000000001066 ) ) ;
#132 = PRESENTATION_LAYER_ASSIGNMENT (  '', '', ( #472 ) ) ;
#133 = FACE_OUTER_BOUND ( 'NONE', #1844, .T. ) ;
#134 = DIRECTION ( 'NONE',  ( 1.000000000000000000, 0.000000000000000000, 0.000000000000000000 ) ) ;
#135 = EDGE_CURVE ( 'NONE', #1415, #219, #1852, .T. ) ;
#136 = ORIENTED_EDGE ( 'NONE', *, *, #1593, .F. ) ;
#137 = CARTESIAN_POINT ( 'NONE',  ( -3.250000000000000000, -0.1249999999999691080, 2.290000000000000036 ) ) ;
#138 = VERTEX_POINT ( 'NONE', #2976 ) ;
#139 = CARTESIAN_POINT ( 'NONE',  ( 4.275000000000000355, -1.850000000000000311, 0.6200000000000001066 ) ) ;
#140 = DIRECTION ( 'NONE',  ( -1.000000000000000000, 0.000000000000000000, 0.000000000000000000 ) ) ;
#141 = EDGE_CURVE ( 'NONE', #248, #2425, #1555, .T. ) ;
#142 = VERTEX_POINT ( 'NONE', #1270 ) ;
#143 = CARTESIAN_POINT ( 'NONE',  ( 3.810000000000000941, -0.1750000000000308253, -1.520000000000000018 ) ) ;
#144 = ORIENTED_EDGE ( 'NONE', *, *, #859, .F. ) ;
#145 = VECTOR ( 'NONE', #2517, 1000.000000000000000 ) ;
#146 = EDGE_CURVE ( 'NONE', #248, #1768, #317, .T. ) ;
#147 =( NAMED_UNIT ( * ) PLANE_ANGLE_UNIT ( ) SI_UNIT ( $, .RADIAN. ) );
#148 = CARTESIAN_POINT ( 'NONE',  ( -4.767065325376100837, -1.850000000000000533, -1.520000000000000018 ) ) ;
#149 = CARTESIAN_POINT ( 'NONE',  ( -4.767065325376100837, -1.600000000000000755, -1.020000000000000018 ) ) ;
#150 = LINE ( 'NONE', #2573, #357 ) ;
#151 = ORIENTED_EDGE ( 'NONE', *, *, #1320, .T. ) ;
#152 = SURFACE_SIDE_STYLE ('',( #397 ) ) ;
#153 = PLANE ( 'NONE',  #2272 ) ;
#154 = PLANE ( 'NONE',  #320 ) ;
#155 = ORIENTED_EDGE ( 'NONE', *, *, #2322, .T. ) ;
#156 = DIRECTION ( 'NONE',  ( -0.000000000000000000, 1.000000000000000000, -0.000000000000000000 ) ) ;
#157 = EDGE_CURVE ( 'NONE', #361, #1415, #541, .T. ) ;
#158 = VERTEX_POINT ( 'NONE', #2013 ) ;
#159 = AXIS2_PLACEMENT_3D ( 'NONE', #987, #956, #1935 ) ;
#160 = DIRECTION ( 'NONE',  ( -0.000000000000000000, -0.000000000000000000, -1.000000000000000000 ) ) ;
#161 = CARTESIAN_POINT ( 'NONE',  ( -4.275000000000000355, -1.550000000000000266, -0.6200000000000001066 ) ) ;
#162 = DIRECTION ( 'NONE',  ( -0.000000000000000000, 1.000000000000000000, -0.000000000000000000 ) ) ;
#163 = DIRECTION ( 'NONE',  ( -0.000000000000000000, 1.000000000000000000, -0.000000000000000000 ) ) ;
#164 = DIRECTION ( 'NONE',  ( 1.000000000000000000, 0.000000000000000000, -0.000000000000000000 ) ) ;
#165 = CARTESIAN_POINT ( 'NONE',  ( -3.918107167550506809, -0.8750000000000308642, 1.920000000000000151 ) ) ;
#166 = ORIENTED_EDGE ( 'NONE', *, *, #716, .F. ) ;
#167 = CARTESIAN_POINT ( 'NONE',  ( 1.719785658213591528, 0.1249999999999691080, 0.6200000000000001066 ) ) ;
#168 = DIRECTION ( 'NONE',  ( -0.000000000000000000, -0.000000000000000000, -1.000000000000000000 ) ) ;
#169 = VERTEX_POINT ( 'NONE', #1034 ) ;
#170 = ORIENTED_EDGE ( 'NONE', *, *, #267, .F. ) ;
#171 = VECTOR ( 'NONE', #1743, 999.9999999999998863 ) ;
#172 = AXIS2_PLACEMENT_3D ( 'NONE', #2279, #601, #140 ) ;
#173 = EDGE_CURVE ( 'NONE', #1833, #383, #2772, .T. ) ;
#174 = LINE ( 'NONE', #1582, #279 ) ;
#175 = CARTESIAN_POINT ( 'NONE',  ( -4.108977717377046979, -0.1502548083052476779, 1.920000000000000151 ) ) ;
#176 = PLANE ( 'NONE',  #2078 ) ;
#177 = FILL_AREA_STYLE_COLOUR ( '', #447 ) ;
#178 = ADVANCED_FACE ( 'NONE', ( #1084 ), #2472, .F. ) ;
#179 = ORIENTED_EDGE ( 'NONE', *, *, #555, .T. ) ;
#180 = SURFACE_STYLE_USAGE ( .BOTH. , #152 ) ;
#181 = VERTEX_POINT ( 'NONE', #2064 ) ;
#182 = UNCERTAINTY_MEASURE_WITH_UNIT (LENGTH_MEASURE( 1.000000000000000082E-05 ), #2719, 'distance_accuracy_value', 'NONE');
#183 = DIRECTION ( 'NONE',  ( -0.000000000000000000, 1.000000000000000000, -0.000000000000000000 ) ) ;
#184 = CARTESIAN_POINT ( 'NONE',  ( -3.717934674623899927, -0.1250000000000308364, 1.920000000000000151 ) ) ;
#185 = EDGE_LOOP ( 'NONE', ( #411, #95, #3015, #1740 ) ) ;
#186 =( NAMED_UNIT ( * ) SI_UNIT ( $, .STERADIAN. ) SOLID_ANGLE_UNIT ( ) );
#187 = ORIENTED_EDGE ( 'NONE', *, *, #1735, .F. ) ;
#188 = AXIS2_PLACEMENT_3D ( 'NONE', #945, #2134, #2341 ) ;
#189 = FACE_OUTER_BOUND ( 'NONE', #1642, .T. ) ;
#190 = AXIS2_PLACEMENT_3D ( 'NONE', #3072, #2811, #1659 ) ;
#191 = EDGE_CURVE ( 'NONE', #2048, #2750, #845, .T. ) ;
#192 =( LENGTH_UNIT ( ) NAMED_UNIT ( * ) SI_UNIT ( .MILLI., .METRE. ) );
#193 = ORIENTED_EDGE ( 'NONE', *, *, #594, .T. ) ;
#194 = EDGE_CURVE ( 'NONE', #2443, #1781, #595, .T. ) ;
#195 = CARTESIAN_POINT ( 'NONE',  ( -3.717934674623899927, -0.1250000000000308364, 1.520000000000000018 ) ) ;
#196 = LINE ( 'NONE', #2824, #23 ) ;
#197 = VERTEX_POINT ( 'NONE', #2239 ) ;
#198 = FACE_OUTER_BOUND ( 'NONE', #1304, .T. ) ;
#199 = EDGE_CURVE ( 'NONE', #439, #2088, #560, .T. ) ;
#200 = ORIENTED_EDGE ( 'NONE', *, *, #1043, .T. ) ;
#201 = CARTESIAN_POINT ( 'NONE',  ( -3.250000000000000000, 1.750000000000000000, 2.290000000000000036 ) ) ;
#202 = EDGE_CURVE ( 'NONE', #1496, #298, #905, .T. ) ;
#203 = ORIENTED_EDGE ( 'NONE', *, *, #1787, .F. ) ;
#204 = AXIS2_PLACEMENT_3D ( 'NONE', #2802, #627, #1873 ) ;
#205 = LINE ( 'NONE', #607, #2375 ) ;
#206 = SURFACE_STYLE_USAGE ( .BOTH. , #2819 ) ;
#207 = EDGE_CURVE ( 'NONE', #383, #2647, #1293, .T. ) ;
#208 = ORIENTED_EDGE ( 'NONE', *, *, #97, .T. ) ;
#209 = CARTESIAN_POINT ( 'NONE',  ( 4.108977717377046979, -0.1502548083052476779, -1.920000000000000151 ) ) ;
#210 = ORIENTED_EDGE ( 'NONE', *, *, #2255, .F. ) ;
#211 = LINE ( 'NONE', #429, #242 ) ;
#212 = DIRECTION ( 'NONE',  ( -1.000000000000000000, 0.000000000000000000, 0.000000000000000000 ) ) ;
#213 = EDGE_LOOP ( 'NONE', ( #912, #731, #15, #1428, #1453, #2308 ) ) ;
#214 = SURFACE_STYLE_USAGE ( .BOTH. , #402 ) ;
#215 = EDGE_LOOP ( 'NONE', ( #2345, #1997, #1955, #1277 ) ) ;
#216 = AXIS2_PLACEMENT_3D ( 'NONE', #2619, #1909, #1126 ) ;
#217 = ORIENTED_EDGE ( 'NONE', *, *, #1565, .T. ) ;
#218 = VECTOR ( 'NONE', #385, 1000.000000000000000 ) ;
#219 = VERTEX_POINT ( 'NONE', #2044 ) ;
#220 = CARTESIAN_POINT ( 'NONE',  ( 3.717934674623899927, -0.2750000000000308864, 1.520000000000000018 ) ) ;
#221 = AXIS2_PLACEMENT_3D ( 'NONE', #1694, #2177, #2271 ) ;
#222 = CARTESIAN_POINT ( 'NONE',  ( 4.767065325376100837, -23.25000000000000000, 1.020000000000000018 ) ) ;
#223 = PLANE ( 'NONE',  #1591 ) ;
#224 = CARTESIAN_POINT ( 'NONE',  ( 3.250000000000000000, 0.1249999999999691080, 2.290000000000000036 ) ) ;
#225 = LINE ( 'NONE', #1410, #712 ) ;
#226 = VECTOR ( 'NONE', #2993, 1000.000000000000000 ) ;
#227 = ORIENTED_EDGE ( 'NONE', *, *, #2556, .T. ) ;
#228 = PLANE ( 'NONE',  #2665 ) ;
#229 = VERTEX_POINT ( 'NONE', #2273 ) ;
#230 = CARTESIAN_POINT ( 'NONE',  ( -4.168961982611580019, -0.8750000000000308642, 1.920000000000000151 ) ) ;
#231 = AXIS2_PLACEMENT_3D ( 'NONE', #539, #1771, #1235 ) ;
#232 = ADVANCED_FACE ( 'NONE', ( #1996 ), #99, .F. ) ;
#233 = VECTOR ( 'NONE', #2740, 1000.000000000000000 ) ;
#234 =( NAMED_UNIT ( * ) SI_UNIT ( $, .STERADIAN. ) SOLID_ANGLE_UNIT ( ) );
#235 = ADVANCED_FACE ( 'NONE', ( #2754 ), #350, .F. ) ;
#236 = ORIENTED_EDGE ( 'NONE', *, *, #334, .F. ) ;
#237 = VECTOR ( 'NONE', #1769, 1000.000000000000000 ) ;
#238 = ORIENTED_EDGE ( 'NONE', *, *, #450, .F. ) ;
#239 = EDGE_CURVE ( 'NONE', #1217, #2826, #531, .T. ) ;
#240 =( NAMED_UNIT ( * ) PLANE_ANGLE_UNIT ( ) SI_UNIT ( $, .RADIAN. ) );
#241 = AXIS2_PLACEMENT_3D ( 'NONE', #872, #3089, #1847 ) ;
#242 = VECTOR ( 'NONE', #412, 1000.000000000000000 ) ;
#243 = DIRECTION ( 'NONE',  ( -0.000000000000000000, 0.000000000000000000, -1.000000000000000000 ) ) ;
#244 = CARTESIAN_POINT ( 'NONE',  ( 4.367065325376102258, -1.600000000000000089, -0.6200000000000001066 ) ) ;
#245 = VERTEX_POINT ( 'NONE', #63 ) ;
#246 = CARTESIAN_POINT ( 'NONE',  ( 3.717934674623899927, -0.1250000000000308364, -0.6200000000000001066 ) ) ;
#247 = CARTESIAN_POINT ( 'NONE',  ( 1.719785658213591528, 0.1249999999999691080, 1.920000000000000151 ) ) ;
#248 = VERTEX_POINT ( 'NONE', #1018 ) ;
#249 = VERTEX_POINT ( 'NONE', #779 ) ;
#250 = LINE ( 'NONE', #658, #1640 ) ;
#251 = DIRECTION ( 'NONE',  ( -0.000000000000000000, -0.000000000000000000, -1.000000000000000000 ) ) ;
#252 = VERTEX_POINT ( 'NONE', #2588 ) ;
#253 = ORIENTED_EDGE ( 'NONE', *, *, #436, .T. ) ;
#254 = LINE ( 'NONE', #776, #2985 ) ;
#255 = VECTOR ( 'NONE', #2421, 1000.000000000000000 ) ;
#256 = LINE ( 'NONE', #270, #1174 ) ;
#257 = ORIENTED_EDGE ( 'NONE', *, *, #1634, .F. ) ;
#258 = CARTESIAN_POINT ( 'NONE',  ( -4.275000000000000355, -1.550000000000000266, 1.920000000000000151 ) ) ;
#259 = CARTESIAN_POINT ( 'NONE',  ( 3.250000000000000000, 1.750000000000000000, 2.290000000000000036 ) ) ;
#260 = VERTEX_POINT ( 'NONE', #863 ) ;
#261 = ORIENTED_EDGE ( 'NONE', *, *, #3080, .F. ) ;
#262 = LINE ( 'NONE', #2937, #2698 ) ;
#263 = DIRECTION ( 'NONE',  ( 1.000000000000000000, 0.000000000000000000, 0.000000000000000000 ) ) ;
#264 = ADVANCED_FACE ( 'NONE', ( #408 ), #2323, .F. ) ;
#265 = PLANE ( 'NONE',  #1439 ) ;
#266 = CARTESIAN_POINT ( 'NONE',  ( -3.250000000000000000, -0.1249999999999691080, 2.290000000000000036 ) ) ;
#267 = EDGE_CURVE ( 'NONE', #1968, #2367, #205, .T. ) ;
#268 = AXIS2_PLACEMENT_3D ( 'NONE', #2555, #1855, #1098 ) ;
#269 = CARTESIAN_POINT ( 'NONE',  ( 3.810000000000000941, 0.1249999999999691080, 1.920000000000000151 ) ) ;
#270 = CARTESIAN_POINT ( 'NONE',  ( 4.168961982611580019, -0.8750000000000308642, 1.920000000000000151 ) ) ;
#271 = ORIENTED_EDGE ( 'NONE', *, *, #585, .F. ) ;
#272 = DIRECTION ( 'NONE',  ( -0.000000000000000000, -0.000000000000000000, -1.000000000000000000 ) ) ;
#273 = ADVANCED_FACE ( 'NONE', ( #1161 ), #1149, .F. ) ;
#274 = SURFACE_STYLE_FILL_AREA ( #1461 ) ;
#275 = VERTEX_POINT ( 'NONE', #1389 ) ;
#276 = DIRECTION ( 'NONE',  ( 0.000000000000000000, 0.000000000000000000, 1.000000000000000000 ) ) ;
#277 = VERTEX_POINT ( 'NONE', #1117 ) ;
#278 = LINE ( 'NONE', #1498, #417 ) ;
#279 = VECTOR ( 'NONE', #2554, 1000.000000000000000 ) ;
#280 = CARTESIAN_POINT ( 'NONE',  ( 4.275000000000000355, -1.850000000000000311, -0.6200000000000001066 ) ) ;
#281 = AXIS2_PLACEMENT_3D ( 'NONE', #1501, #2956, #556 ) ;
#282 = CARTESIAN_POINT ( 'NONE',  ( 3.976022282622954762, -1.574745191694783442, 1.920000000000000151 ) ) ;
#283 = VERTEX_POINT ( 'NONE', #2336 ) ;
#284 = CARTESIAN_POINT ( 'NONE',  ( -3.250000000000000000, 1.750000000000000000, 2.290000000000000036 ) ) ;
#285 = DIRECTION ( 'NONE',  ( 0.000000000000000000, 0.000000000000000000, 1.000000000000000000 ) ) ;
#286 = EDGE_CURVE ( 'NONE', #2848, #1525, #2800, .T. ) ;
#287 = AXIS2_PLACEMENT_3D ( 'NONE', #2234, #2906, #1706 ) ;
#288 = ORIENTED_EDGE ( 'NONE', *, *, #3004, .F. ) ;
#289 = FACE_OUTER_BOUND ( 'NONE', #1766, .T. ) ;
#290 = ORIENTED_EDGE ( 'NONE', *, *, #1765, .F. ) ;
#291 = LINE ( 'NONE', #2884, #2356 ) ;
#292 = ORIENTED_EDGE ( 'NONE', *, *, #2612, .F. ) ;
#293 = PLANE ( 'NONE',  #813 ) ;
#294 = EDGE_CURVE ( 'NONE', #1933, #2420, #644, .T. ) ;
#295 = DIRECTION ( 'NONE',  ( 0.7071067811865462405, 6.497605520585456774E-16, 0.7071067811865489050 ) ) ;
#296 = ADVANCED_FACE ( 'NONE', ( #1622 ), #176, .F. ) ;
#297 = CYLINDRICAL_SURFACE ( 'NONE', #1284, 0.1499999999999999667 ) ;
#298 = VERTEX_POINT ( 'NONE', #1586 ) ;
#299 =( NAMED_UNIT ( * ) SI_UNIT ( $, .STERADIAN. ) SOLID_ANGLE_UNIT ( ) );
#300 = CARTESIAN_POINT ( 'NONE',  ( -4.367065325376102258, -1.600000000000000089, 1.920000000000000151 ) ) ;
#301 = ORIENTED_EDGE ( 'NONE', *, *, #3137, .T. ) ;
#302 = LINE ( 'NONE', #1200, #1702 ) ;
#303 = DIRECTION ( 'NONE',  ( -0.1710878697460326281, -0.9702875252478150303, 0.1710878697460326281 ) ) ;
#304 = EDGE_CURVE ( 'NONE', #1968, #1911, #695, .T. ) ;
#305 = EDGE_LOOP ( 'NONE', ( #546, #2418, #1696, #1812, #2461, #856, #1227, #1798, #2160, #934, #2908 ) ) ;
#306 = CARTESIAN_POINT ( 'NONE',  ( -3.976022282622954762, -1.574745191694783442, 1.920000000000000151 ) ) ;
#307 = ORIENTED_EDGE ( 'NONE', *, *, #34, .T. ) ;
#308 = UNCERTAINTY_MEASURE_WITH_UNIT (LENGTH_MEASURE( 1.000000000000000082E-05 ), #515, 'distance_accuracy_value', 'NONE');
#309 = PLANE ( 'NONE',  #511 ) ;
#310 = AXIS2_PLACEMENT_3D ( 'NONE', #1936, #1003, #285 ) ;
#311 = EDGE_LOOP ( 'NONE', ( #1677, #848, #653, #1599 ) ) ;
#312 = LINE ( 'NONE', #1514, #36 ) ;
#313 = ADVANCED_FACE ( 'NONE', ( #2111 ), #3049, .F. ) ;
#314 = PLANE ( 'NONE',  #3010 ) ;
#315 = VERTEX_POINT ( 'NONE', #149 ) ;
#316 = DIRECTION ( 'NONE',  ( 1.000000000000000000, 0.000000000000000000, 0.000000000000000000 ) ) ;
#317 = LINE ( 'NONE', #365, #473 ) ;
#318 = DIRECTION ( 'NONE',  ( -0.000000000000000000, -0.000000000000000000, -1.000000000000000000 ) ) ;
#319 = LINE ( 'NONE', #1295, #3103 ) ;
#320 = AXIS2_PLACEMENT_3D ( 'NONE', #1106, #372, #3035 ) ;
#321 = ORIENTED_EDGE ( 'NONE', *, *, #2351, .F. ) ;
#322 = CARTESIAN_POINT ( 'NONE',  ( 5.075000000000001066, -1.850000000000000533, 1.920000000000000151 ) ) ;
#323 = ORIENTED_EDGE ( 'NONE', *, *, #2516, .T. ) ;
#324 = DIRECTION ( 'NONE',  ( -1.000000000000000000, 0.000000000000000000, 0.000000000000000000 ) ) ;
#325 = ORIENTED_EDGE ( 'NONE', *, *, #1888, .F. ) ;
#326 = DIRECTION ( 'NONE',  ( -0.000000000000000000, -0.000000000000000000, -1.000000000000000000 ) ) ;
#327 = EDGE_CURVE ( 'NONE', #2873, #1687, #2572, .T. ) ;
#328 = LINE ( 'NONE', #2190, #1851 ) ;
#329 = ADVANCED_FACE ( 'NONE', ( #2831 ), #2326, .F. ) ;
#330 = FACE_OUTER_BOUND ( 'NONE', #1475, .T. ) ;
#331 = DIRECTION ( 'NONE',  ( -0.7071067811865489050, 0.000000000000000000, -0.7071067811865462405 ) ) ;
#332 = VECTOR ( 'NONE', #2538, 1000.000000000000114 ) ;
#333 = DIRECTION ( 'NONE',  ( 0.7071067811865462405, -1.916616770854211633E-16, 0.7071067811865489050 ) ) ;
#334 = EDGE_CURVE ( 'NONE', #1, #1264, #568, .T. ) ;
#335 = CARTESIAN_POINT ( 'NONE',  ( 3.810000000000000941, 0.1249999999999691080, 0.6200000000000001066 ) ) ;
#336 = LINE ( 'NONE', #563, #22 ) ;
#337 = VECTOR ( 'NONE', #913, 1000.000000000000000 ) ;
#338 = ORIENTED_EDGE ( 'NONE', *, *, #2015, .F. ) ;
#339 = VECTOR ( 'NONE', #156, 1000.000000000000000 ) ;
#340 = UNCERTAINTY_MEASURE_WITH_UNIT (LENGTH_MEASURE( 1.000000000000000082E-05 ), #641, 'distance_accuracy_value', 'NONE');
#341 = CARTESIAN_POINT ( 'NONE',  ( 2.963468656348744013, 1.750000000000000000, 2.003468656348744048 ) ) ;
#342 = CARTESIAN_POINT ( 'NONE',  ( 4.108977717377046091, -0.1502548083052476224, 1.520000000000000018 ) ) ;
#343 = STYLED_ITEM ( 'NONE', ( #2362 ), #2582 ) ;
#344 = ORIENTED_EDGE ( 'NONE', *, *, #65, .F. ) ;
#345 = AXIS2_PLACEMENT_3D ( 'NONE', #1331, #88, #2778 ) ;
#346 = LINE ( 'NONE', #839, #2115 ) ;
#347 = EDGE_CURVE ( 'NONE', #3021, #2790, #836, .T. ) ;
#348 = CARTESIAN_POINT ( 'NONE',  ( -3.717934674623899927, -0.8750000000000308642, 1.920000000000000151 ) ) ;
#349 = CARTESIAN_POINT ( 'NONE',  ( 3.717934674623899927, -0.1250000000000308087, 0.6200000000000001066 ) ) ;
#350 = PLANE ( 'NONE',  #1665 ) ;
#351 = DIRECTION ( 'NONE',  ( 0.08248397231594292722, -0.9965923912568179777, -0.000000000000000000 ) ) ;
#352 = VERTEX_POINT ( 'NONE', #1299 ) ;
#353 = DIRECTION ( 'NONE',  ( 0.000000000000000000, -0.000000000000000000, -1.000000000000000000 ) ) ;
#354 = VERTEX_POINT ( 'NONE', #2747 ) ;
#355 = CARTESIAN_POINT ( 'NONE',  ( -5.075000000000001066, -1.850000000000000533, -0.6200000000000001066 ) ) ;
#356 = LINE ( 'NONE', #2021, #2892 ) ;
#357 = VECTOR ( 'NONE', #661, 1000.000000000000114 ) ;
#358 = ORIENTED_EDGE ( 'NONE', *, *, #545, .F. ) ;
#359 = CARTESIAN_POINT ( 'NONE',  ( -3.867423533312422723, -0.2626274041526392988, -0.6200000000000001066 ) ) ;
#360 =( NAMED_UNIT ( * ) SI_UNIT ( $, .STERADIAN. ) SOLID_ANGLE_UNIT ( ) );
#361 = VERTEX_POINT ( 'NONE', #1595 ) ;
#362 = EDGE_LOOP ( 'NONE', ( #2086, #2074, #2331, #1785 ) ) ;
#363 = ADVANCED_FACE ( 'NONE', ( #2069 ), #153, .F. ) ;
#364 = DIRECTION ( 'NONE',  ( -0.9965923912568179777, -0.08248397231594428725, 0.000000000000000000 ) ) ;
#365 = CARTESIAN_POINT ( 'NONE',  ( -3.976022282622954762, -1.574745191694783442, -0.6200000000000001066 ) ) ;
#366 = EDGE_CURVE ( 'NONE', #2549, #1171, #2311, .T. ) ;
#367 = DIRECTION ( 'NONE',  ( -0.000000000000000000, 0.000000000000000000, -1.000000000000000000 ) ) ;
#368 = ORIENTED_EDGE ( 'NONE', *, *, #1823, .F. ) ;
#369 = AXIS2_PLACEMENT_3D ( 'NONE', #67, #2946, #1967 ) ;
#370 = DIRECTION ( 'NONE',  ( 1.000000000000000000, -2.710505431213757141E-16, -0.000000000000000000 ) ) ;
#371 = VERTEX_POINT ( 'NONE', #341 ) ;
#372 = DIRECTION ( 'NONE',  ( -0.9965923912568180887, 0.08248397231594294110, 0.000000000000000000 ) ) ;
#373 = CIRCLE ( 'NONE', #967, 0.1499999999999999667 ) ;
#374 = VERTEX_POINT ( 'NONE', #1576 ) ;
#375 = CARTESIAN_POINT ( 'NONE',  ( -4.367065325376102258, -1.450000000000000178, 0.6200000000000001066 ) ) ;
#376 = EDGE_LOOP ( 'NONE', ( #2361, #3120, #1160, #1195 ) ) ;
#377 = LINE ( 'NONE', #2348, #1745 ) ;
#378 = DIRECTION ( 'NONE',  ( -0.000000000000000000, -0.000000000000000000, -1.000000000000000000 ) ) ;
#379 = VECTOR ( 'NONE', #1051, 1000.000000000000000 ) ;
#380 = PRESENTATION_LAYER_ASSIGNMENT (  '', '', ( #1736 ) ) ;
#381 = PLANE ( 'NONE',  #1850 ) ;
#382 = CARTESIAN_POINT ( 'NONE',  ( -2.963468656348744013, 1.750000000000000000, 0.000000000000000000 ) ) ;
#383 = VERTEX_POINT ( 'NONE', #854 ) ;
#384 = LINE ( 'NONE', #2067, #3005 ) ;
#385 = DIRECTION ( 'NONE',  ( -0.000000000000000000, 1.000000000000000000, -0.000000000000000000 ) ) ;
#386 = EDGE_LOOP ( 'NONE', ( #2450, #969, #91, #2290 ) ) ;
#387 = DIRECTION ( 'NONE',  ( 0.000000000000000000, 0.000000000000000000, 1.000000000000000000 ) ) ;
#388 = VERTEX_POINT ( 'NONE', #817 ) ;
#389 = ADVANCED_FACE ( 'NONE', ( #1105 ), #122, .F. ) ;
#390 = VECTOR ( 'NONE', #2983, 1000.000000000000000 ) ;
#391 = DIRECTION ( 'NONE',  ( -0.1710878697460326281, -0.9702875252478150303, -0.1710878697460326281 ) ) ;
#392 = FACE_OUTER_BOUND ( 'NONE', #47, .T. ) ;
#393 = ADVANCED_FACE ( 'NONE', ( #2495 ), #3016, .F. ) ;
#394 = DIRECTION ( 'NONE',  ( 0.000000000000000000, 0.000000000000000000, -1.000000000000000000 ) ) ;
#395 = FILL_AREA_STYLE ('',( #1887 ) ) ;
#396 = ORIENTED_EDGE ( 'NONE', *, *, #840, .T. ) ;
#397 = SURFACE_STYLE_FILL_AREA ( #2357 ) ;
#398 = EDGE_LOOP ( 'NONE', ( #1637, #2173, #735, #1663 ) ) ;
#399 = CARTESIAN_POINT ( 'NONE',  ( 4.367065325376102258, -1.600000000000000089, 1.520000000000000018 ) ) ;
#400 = LINE ( 'NONE', #1362, #1589 ) ;
#401 = ORIENTED_EDGE ( 'NONE', *, *, #1818, .T. ) ;
#402 = SURFACE_SIDE_STYLE ('',( #415 ) ) ;
#403 = ORIENTED_EDGE ( 'NONE', *, *, #2981, .T. ) ;
#404 = CARTESIAN_POINT ( 'NONE',  ( 4.217576466687580350, -1.462372595847391432, -1.920000000000000151 ) ) ;
#405 = EDGE_CURVE ( 'NONE', #2777, #2240, #1708, .T. ) ;
#406 = CARTESIAN_POINT ( 'NONE',  ( -1.719785658213591528, -0.1250000000000311695, 1.520000000000000018 ) ) ;
#407 = CLOSED_SHELL ( 'NONE', ( #61, #2171, #814, #2995, #1977, #2676, #1388, #273, #329, #1156, #1189, #1880, #2841, #1587, #106, #529, #2215, #1167, #101, #587 ) ) ;
#408 = FACE_OUTER_BOUND ( 'NONE', #1533, .T. ) ;
#409 = DIRECTION ( 'NONE',  ( -1.000000000000000000, 0.000000000000000000, 0.000000000000000000 ) ) ;
#410 = ORIENTED_EDGE ( 'NONE', *, *, #2856, .T. ) ;
#411 = ORIENTED_EDGE ( 'NONE', *, *, #2516, .F. ) ;
#412 = DIRECTION ( 'NONE',  ( -0.000000000000000000, -0.000000000000000000, -1.000000000000000000 ) ) ;
#413 = DIRECTION ( 'NONE',  ( -0.000000000000000000, 1.000000000000000000, -0.000000000000000000 ) ) ;
#414 = VERTEX_POINT ( 'NONE', #139 ) ;
#415 = SURFACE_STYLE_FILL_AREA ( #1912 ) ;
#416 =( GEOMETRIC_REPRESENTATION_CONTEXT ( 3 ) GLOBAL_UNCERTAINTY_ASSIGNED_CONTEXT ( ( #2310 ) ) GLOBAL_UNIT_ASSIGNED_CONTEXT ( ( #3030, #1328, #2307 ) ) REPRESENTATION_CONTEXT ( 'NONE', 'WORKASPACE' ) );
#417 = VECTOR ( 'NONE', #1233, 1000.000000000000000 ) ;
#418 = EDGE_CURVE ( 'NONE', #1264, #2388, #1091, .T. ) ;
#419 = DIRECTION ( 'NONE',  ( 1.000000000000000000, 0.000000000000000000, 0.000000000000000000 ) ) ;
#420 = CARTESIAN_POINT ( 'NONE',  ( 0.000000000000000000, 0.000000000000000000, 0.000000000000000000 ) ) ;
#421 = CARTESIAN_POINT ( 'NONE',  ( -4.367065325376102258, -1.600000000000000755, -1.920000000000000151 ) ) ;
#422 = AXIS2_PLACEMENT_3D ( 'NONE', #2449, #1497, #276 ) ;
#423 = EDGE_CURVE ( 'NONE', #2033, #260, #613, .T. ) ;
#424 = EDGE_CURVE ( 'NONE', #2492, #142, #2971, .T. ) ;
#425 = VERTEX_POINT ( 'NONE', #676 ) ;
#426 = STYLED_ITEM ( 'NONE', ( #129 ), #2129 ) ;
#427 = LINE ( 'NONE', #688, #1992 ) ;
#428 = VERTEX_POINT ( 'NONE', #1124 ) ;
#429 = CARTESIAN_POINT ( 'NONE',  ( -4.217576466687580350, -1.462372595847391432, 1.920000000000000151 ) ) ;
#430 = CARTESIAN_POINT ( 'NONE',  ( -3.976022282622954762, -1.574745191694783442, 0.6200000000000001066 ) ) ;
#431 = ORIENTED_EDGE ( 'NONE', *, *, #2856, .F. ) ;
#432 = FILL_AREA_STYLE_COLOUR ( '', #895 ) ;
#433 = ORIENTED_EDGE ( 'NONE', *, *, #1884, .T. ) ;
#434 = FILL_AREA_STYLE ('',( #1131 ) ) ;
#435 = AXIS2_PLACEMENT_3D ( 'NONE', #742, #2723, #2484 ) ;
#436 = EDGE_CURVE ( 'NONE', #2373, #2420, #211, .T. ) ;
#437 = ORIENTED_EDGE ( 'NONE', *, *, #2765, .F. ) ;
#438 = CARTESIAN_POINT ( 'NONE',  ( 4.767065325376100837, -23.25000000000000000, -1.020000000000000018 ) ) ;
#439 = VERTEX_POINT ( 'NONE', #1395 ) ;
#440 = FILL_AREA_STYLE ('',( #2617 ) ) ;
#441 = CARTESIAN_POINT ( 'NONE',  ( -3.976022282622954762, -1.574745191694783442, -1.520000000000000018 ) ) ;
#442 = LINE ( 'NONE', #3115, #2247 ) ;
#443 = ORIENTED_EDGE ( 'NONE', *, *, #1816, .T. ) ;
#444 = EDGE_LOOP ( 'NONE', ( #680, #1862, #358, #1597 ) ) ;
#445 = AXIS2_PLACEMENT_3D ( 'NONE', #2843, #660, #1871 ) ;
#446 = EDGE_LOOP ( 'NONE', ( #573, #2922, #2964, #980 ) ) ;
#447 = COLOUR_RGB ( '',0.2666666666666666630, 0.2666666666666666630, 0.2666666666666666630 ) ;
#448 = CARTESIAN_POINT ( 'NONE',  ( -5.075000000000001066, -23.25000000000000000, 1.520000000000000018 ) ) ;
#449 = CARTESIAN_POINT ( 'NONE',  ( 5.075000000000001066, -1.850000000000000977, 1.020000000000000018 ) ) ;
#450 = EDGE_CURVE ( 'NONE', #1171, #1459, #665, .T. ) ;
#451 = LINE ( 'NONE', #1183, #2098 ) ;
#452 = ORIENTED_EDGE ( 'NONE', *, *, #2651, .F. ) ;
#453 = DIRECTION ( 'NONE',  ( 1.000000000000000000, -0.000000000000000000, -0.000000000000000000 ) ) ;
#454 = DIRECTION ( 'NONE',  ( 0.000000000000000000, 0.000000000000000000, -1.000000000000000000 ) ) ;
#455 = ORIENTED_EDGE ( 'NONE', *, *, #741, .F. ) ;
#456 = EDGE_CURVE ( 'NONE', #799, #707, #689, .T. ) ;
#457 = ORIENTED_EDGE ( 'NONE', *, *, #1685, .T. ) ;
#458 = ORIENTED_EDGE ( 'NONE', *, *, #334, .T. ) ;
#459 = ORIENTED_EDGE ( 'NONE', *, *, #846, .T. ) ;
#460 = DIRECTION ( 'NONE',  ( -0.000000000000000000, -0.000000000000000000, -1.000000000000000000 ) ) ;
#461 = AXIS2_PLACEMENT_3D ( 'NONE', #2027, #1921, #2693 ) ;
#462 = CARTESIAN_POINT ( 'NONE',  ( -4.367065325376102258, -1.850000000000000977, -0.6200000000000001066 ) ) ;
#463 = ORIENTED_EDGE ( 'NONE', *, *, #973, .T. ) ;
#464 = LINE ( 'NONE', #2916, #475 ) ;
#465 = DIRECTION ( 'NONE',  ( 0.000000000000000000, 0.000000000000000000, 1.000000000000000000 ) ) ;
#466 = EDGE_CURVE ( 'NONE', #354, #1363, #2164, .T. ) ;
#467 = AXIS2_PLACEMENT_3D ( 'NONE', #2977, #2787, #2257 ) ;
#468 = ORIENTED_EDGE ( 'NONE', *, *, #12, .F. ) ;
#469 = DIRECTION ( 'NONE',  ( -1.000000000000000000, 0.000000000000000000, -0.000000000000000000 ) ) ;
#470 = VERTEX_POINT ( 'NONE', #224 ) ;
#471 = DIRECTION ( 'NONE',  ( -0.000000000000000000, -0.000000000000000000, -1.000000000000000000 ) ) ;
#472 = STYLED_ITEM ( 'NONE', ( #1540 ), #1972 ) ;
#473 = VECTOR ( 'NONE', #1064, 1000.000000000000000 ) ;
#474 = FACE_OUTER_BOUND ( 'NONE', #2009, .T. ) ;
#475 = VECTOR ( 'NONE', #975, 1000.000000000000000 ) ;
#476 = VERTEX_POINT ( 'NONE', #3098 ) ;
#477 = ORIENTED_EDGE ( 'NONE', *, *, #743, .F. ) ;
#478 = DIRECTION ( 'NONE',  ( 1.000000000000000000, 0.000000000000000000, -0.000000000000000000 ) ) ;
#479 = EDGE_CURVE ( 'NONE', #2088, #2229, #2369, .T. ) ;
#480 = MECHANICAL_DESIGN_GEOMETRIC_PRESENTATION_REPRESENTATION (  '', ( #2269 ), #2453 ) ;
#481 = VECTOR ( 'NONE', #2998, 999.9999999999998863 ) ;
#482 = PRESENTATION_STYLE_ASSIGNMENT (( #2643 ) ) ;
#483 = CARTESIAN_POINT ( 'NONE',  ( 4.275000000000000355, -1.850000000000000311, -1.920000000000000151 ) ) ;
#484 = ORIENTED_EDGE ( 'NONE', *, *, #1271, .T. ) ;
#485 = LINE ( 'NONE', #2212, #2515 ) ;
#486 = CARTESIAN_POINT ( 'NONE',  ( 3.918107167550506809, -0.8750000000000308642, 1.920000000000000151 ) ) ;
#487 = ORIENTED_EDGE ( 'NONE', *, *, #2089, .T. ) ;
#488 = CARTESIAN_POINT ( 'NONE',  ( 1.719785658213591528, -0.1250000000000311695, -0.6200000000000001066 ) ) ;
#489 = EDGE_CURVE ( 'NONE', #252, #2182, #1153, .T. ) ;
#490 = ORIENTED_EDGE ( 'NONE', *, *, #1980, .F. ) ;
#491 = CARTESIAN_POINT ( 'NONE',  ( 3.867423533312422723, -0.2626274041526391878, -1.520000000000000018 ) ) ;
#492 = CARTESIAN_POINT ( 'NONE',  ( -4.367065325376102258, -23.25000000000000000, 1.920000000000000151 ) ) ;
#493 = ORIENTED_EDGE ( 'NONE', *, *, #3004, .T. ) ;
#494 = CARTESIAN_POINT ( 'NONE',  ( 4.367065325376102258, -1.450000000000000178, -0.6200000000000001066 ) ) ;
#495 = EDGE_CURVE ( 'NONE', #120, #315, #1165, .T. ) ;
#496 = ORIENTED_EDGE ( 'NONE', *, *, #2801, .T. ) ;
#497 = DIRECTION ( 'NONE',  ( -0.000000000000000000, 1.000000000000000000, -0.000000000000000000 ) ) ;
#498 = ORIENTED_EDGE ( 'NONE', *, *, #1418, .F. ) ;
#499 = FACE_OUTER_BOUND ( 'NONE', #1815, .T. ) ;
#500 = CARTESIAN_POINT ( 'NONE',  ( 3.115938548982001954, -0.8853002698699261597, -2.155938548982001546 ) ) ;
#501 = ORIENTED_EDGE ( 'NONE', *, *, #267, .T. ) ;
#502 = CARTESIAN_POINT ( 'NONE',  ( -4.367065325376102258, -23.25000000000000000, 1.920000000000000151 ) ) ;
#503 = ORIENTED_EDGE ( 'NONE', *, *, #2399, .F. ) ;
#504 = DIRECTION ( 'NONE',  ( 1.000000000000000000, -1.627809783326294483E-16, 0.000000000000000000 ) ) ;
#505 = LINE ( 'NONE', #1248, #1859 ) ;
#506 = EDGE_CURVE ( 'NONE', #1239, #2373, #2618, .T. ) ;
#507 = VECTOR ( 'NONE', #413, 1000.000000000000000 ) ;
#508 = UNCERTAINTY_MEASURE_WITH_UNIT (LENGTH_MEASURE( 1.000000000000000082E-05 ), #2521, 'distance_accuracy_value', 'NONE');
#509 = FILL_AREA_STYLE ('',( #1236 ) ) ;
#510 = EDGE_CURVE ( 'NONE', #2638, #2873, #1639, .T. ) ;
#511 = AXIS2_PLACEMENT_3D ( 'NONE', #2467, #89, #2923 ) ;
#512 = DIRECTION ( 'NONE',  ( 1.000000000000000000, 0.000000000000000000, 0.000000000000000000 ) ) ;
#513 = ORIENTED_EDGE ( 'NONE', *, *, #555, .F. ) ;
#514 = LINE ( 'NONE', #1966, #888 ) ;
#515 =( LENGTH_UNIT ( ) NAMED_UNIT ( * ) SI_UNIT ( .MILLI., .METRE. ) );
#516 = EDGE_CURVE ( 'NONE', #2, #1204, #1185, .T. ) ;
#517 = VECTOR ( 'NONE', #1927, 1000.000000000000000 ) ;
#518 = EDGE_LOOP ( 'NONE', ( #2174, #1860, #764, #2870 ) ) ;
#519 = PLANE ( 'NONE',  #2571 ) ;
#520 = ORIENTED_EDGE ( 'NONE', *, *, #893, .F. ) ;
#521 = UNCERTAINTY_MEASURE_WITH_UNIT (LENGTH_MEASURE( 1.000000000000000082E-05 ), #630, 'distance_accuracy_value', 'NONE');
#522 = LINE ( 'NONE', #2451, #1734 ) ;
#523 = EDGE_CURVE ( 'NONE', #2211, #138, #1552, .T. ) ;
#524 = AXIS2_PLACEMENT_3D ( 'NONE', #2076, #1367, #1321 ) ;
#525 = CARTESIAN_POINT ( 'NONE',  ( 1.719785658213591528, -0.1250000000000311695, 1.520000000000000018 ) ) ;
#526 = PRESENTATION_LAYER_ASSIGNMENT (  '', '', ( #2459 ) ) ;
#527 = CARTESIAN_POINT ( 'NONE',  ( -3.976022282622954762, -1.574745191694783442, 1.920000000000000151 ) ) ;
#528 = ORIENTED_EDGE ( 'NONE', *, *, #625, .F. ) ;
#529 = ADVANCED_FACE ( 'NONE', ( #2823 ), #1891, .F. ) ;
#530 = AXIS2_PLACEMENT_3D ( 'NONE', #2204, #1265, #1752 ) ;
#531 = LINE ( 'NONE', #829, #2476 ) ;
#532 = ORIENTED_EDGE ( 'NONE', *, *, #941, .F. ) ;
#533 = CARTESIAN_POINT ( 'NONE',  ( -4.168961982611580019, -0.8750000000000308642, -0.6200000000000001066 ) ) ;
#534 = FACE_OUTER_BOUND ( 'NONE', #2810, .T. ) ;
#535 = ORIENTED_EDGE ( 'NONE', *, *, #2253, .F. ) ;
#536 = ORIENTED_EDGE ( 'NONE', *, *, #2333, .F. ) ;
#537 = LINE ( 'NONE', #1731, #2200 ) ;
#538 = LINE ( 'NONE', #492, #1291 ) ;
#539 = CARTESIAN_POINT ( 'NONE',  ( -2.274163689043441128, 1.745000000000000107, -1.322879531535087194 ) ) ;
#540 = CYLINDRICAL_SURFACE ( 'NONE', #2587, 0.3000000000000003775 ) ;
#541 = LINE ( 'NONE', #1773, #1602 ) ;
#542 = DIRECTION ( 'NONE',  ( -1.000000000000000000, -1.627809783326294483E-16, 0.000000000000000000 ) ) ;
#543 = VECTOR ( 'NONE', #2391, 1000.000000000000000 ) ;
#544 = PLANE ( 'NONE',  #1013 ) ;
#545 = EDGE_CURVE ( 'NONE', #249, #1357, #2807, .T. ) ;
#546 = ORIENTED_EDGE ( 'NONE', *, *, #2440, .T. ) ;
#547 = CARTESIAN_POINT ( 'NONE',  ( 3.250000000000000000, -0.1249999999999691080, -2.290000000000000036 ) ) ;
#548 = ORIENTED_EDGE ( 'NONE', *, *, #1484, .T. ) ;
#549 = DIRECTION ( 'NONE',  ( 0.000000000000000000, 0.000000000000000000, -1.000000000000000000 ) ) ;
#550 = DIRECTION ( 'NONE',  ( 1.000000000000000000, 9.189001850162264434E-16, 0.000000000000000000 ) ) ;
#551 = VECTOR ( 'NONE', #1101, 1000.000000000000000 ) ;
#552 = EDGE_CURVE ( 'NONE', #2367, #1518, #1863, .T. ) ;
#553 = ORIENTED_EDGE ( 'NONE', *, *, #3042, .T. ) ;
#554 = CARTESIAN_POINT ( 'NONE',  ( -4.367065325376102258, -23.25000000000000000, 0.6200000000000001066 ) ) ;
#555 = EDGE_CURVE ( 'NONE', #853, #2900, #1361, .T. ) ;
#556 = DIRECTION ( 'NONE',  ( -1.000000000000000000, 0.000000000000000000, 0.000000000000000000 ) ) ;
#557 = ORIENTED_EDGE ( 'NONE', *, *, #2255, .T. ) ;
#558 = CARTESIAN_POINT ( 'NONE',  ( -3.810000000000000941, -0.1750000000000308253, -0.6200000000000001066 ) ) ;
#559 = CARTESIAN_POINT ( 'NONE',  ( -5.075000000000001066, -1.850000000000000533, -0.6200000000000001066 ) ) ;
#560 = LINE ( 'NONE', #1520, #3036 ) ;
#561 = VECTOR ( 'NONE', #2463, 999.9999999999998863 ) ;
#562 = LINE ( 'NONE', #1539, #1741 ) ;
#563 = CARTESIAN_POINT ( 'NONE',  ( -3.976022282622954762, -1.574745191694783442, 1.520000000000000018 ) ) ;
#564 = VECTOR ( 'NONE', #2967, 1000.000000000000000 ) ;
#565 = ORIENTED_EDGE ( 'NONE', *, *, #2776, .T. ) ;
#566 = DIRECTION ( 'NONE',  ( -0.7071067811865462405, -1.916616770854211633E-16, -0.7071067811865489050 ) ) ;
#567 = ORIENTED_EDGE ( 'NONE', *, *, #1583, .T. ) ;
#568 = LINE ( 'NONE', #3034, #3040 ) ;
#569 = CARTESIAN_POINT ( 'NONE',  ( -5.075000000000001066, -1.600000000000000755, 1.020000000000000018 ) ) ;
#570 = VECTOR ( 'NONE', #2118, 1000.000000000000000 ) ;
#571 = EDGE_LOOP ( 'NONE', ( #3123, #1443, #2789, #3084, #2700, #1464 ) ) ;
#572 = DIRECTION ( 'NONE',  ( 0.000000000000000000, 1.000000000000000000, 0.000000000000000000 ) ) ;
#573 = ORIENTED_EDGE ( 'NONE', *, *, #347, .F. ) ;
#574 = CARTESIAN_POINT ( 'NONE',  ( 4.367065325376102258, -1.599999999999999645, -1.920000000000000151 ) ) ;
#575 = CARTESIAN_POINT ( 'NONE',  ( -3.810000000000000941, -0.1750000000000308253, 1.920000000000000151 ) ) ;
#576 = CARTESIAN_POINT ( 'NONE',  ( -1.719785658213591528, -0.1250000000000311695, 1.920000000000000151 ) ) ;
#577 = CARTESIAN_POINT ( 'NONE',  ( 3.976022282622954762, -1.574745191694783664, 1.920000000000000151 ) ) ;
#578 = AXIS2_PLACEMENT_3D ( 'NONE', #2382, #1668, #2865 ) ;
#579 = EDGE_LOOP ( 'NONE', ( #111, #2390, #56, #455 ) ) ;
#580 = STYLED_ITEM ( 'NONE', ( #1384 ), #2196 ) ;
#581 = LINE ( 'NONE', #2542, #1382 ) ;
#582 = UNCERTAINTY_MEASURE_WITH_UNIT (LENGTH_MEASURE( 1.000000000000000082E-05 ), #700, 'distance_accuracy_value', 'NONE');
#583 = DIRECTION ( 'NONE',  ( -1.000000000000000000, 7.228014483236697541E-16, 0.000000000000000000 ) ) ;
#584 = VERTEX_POINT ( 'NONE', #650 ) ;
#585 = EDGE_CURVE ( 'NONE', #1334, #41, #2593, .T. ) ;
#586 = DIRECTION ( 'NONE',  ( -1.000000000000000000, 0.000000000000000000, 0.000000000000000000 ) ) ;
#587 = ADVANCED_FACE ( 'NONE', ( #1140 ), #2122, .F. ) ;
#588 = SURFACE_SIDE_STYLE ('',( #1819 ) ) ;
#589 = EDGE_CURVE ( 'NONE', #1243, #181, #2835, .T. ) ;
#590 = ORIENTED_EDGE ( 'NONE', *, *, #157, .T. ) ;
#591 = CARTESIAN_POINT ( 'NONE',  ( 3.717934674623899927, -0.2750000000000308864, -0.6200000000000001066 ) ) ;
#592 = ORIENTED_EDGE ( 'NONE', *, *, #1888, .T. ) ;
#593 = CARTESIAN_POINT ( 'NONE',  ( 3.810000000000000941, -0.1750000000000308253, 1.920000000000000151 ) ) ;
#594 = EDGE_CURVE ( 'NONE', #1298, #1594, #302, .T. ) ;
#595 = LINE ( 'NONE', #2726, #233 ) ;
#596 = PLANE ( 'NONE',  #2955 ) ;
#597 = CARTESIAN_POINT ( 'NONE',  ( 0.000000000000000000, -1.750000000000000000, 0.000000000000000000 ) ) ;
#598 = ORIENTED_EDGE ( 'NONE', *, *, #1150, .T. ) ;
#599 = VECTOR ( 'NONE', #2043, 1000.000000000000000 ) ;
#600 = DIRECTION ( 'NONE',  ( -0.000000000000000000, -0.000000000000000000, -1.000000000000000000 ) ) ;
#601 = DIRECTION ( 'NONE',  ( -0.000000000000000000, 0.000000000000000000, -1.000000000000000000 ) ) ;
#602 = VECTOR ( 'NONE', #2130, 1000.000000000000227 ) ;
#603 = ORIENTED_EDGE ( 'NONE', *, *, #2861, .F. ) ;
#604 = DIRECTION ( 'NONE',  ( 1.000000000000000000, 0.000000000000000000, 0.000000000000000000 ) ) ;
#605 = DIRECTION ( 'NONE',  ( 1.000000000000000000, 0.000000000000000000, -0.000000000000000000 ) ) ;
#606 = ADVANCED_FACE ( 'NONE', ( #2696 ), #990, .F. ) ;
#607 = CARTESIAN_POINT ( 'NONE',  ( 4.367065325376102258, -1.600000000000000089, 1.920000000000000151 ) ) ;
#608 = LINE ( 'NONE', #3011, #2405 ) ;
#609 = VERTEX_POINT ( 'NONE', #1005 ) ;
#610 = AXIS2_PLACEMENT_3D ( 'NONE', #704, #465, #212 ) ;
#611 = FACE_OUTER_BOUND ( 'NONE', #728, .T. ) ;
#612 = ORIENTED_EDGE ( 'NONE', *, *, #615, .F. ) ;
#613 = LINE ( 'NONE', #1041, #390 ) ;
#614 = CARTESIAN_POINT ( 'NONE',  ( -3.717934674623899927, -0.1250000000000308364, 1.920000000000000151 ) ) ;
#615 = EDGE_CURVE ( 'NONE', #2103, #825, #1712, .T. ) ;
#616 = VECTOR ( 'NONE', #1481, 1000.000000000000000 ) ;
#617 = EDGE_LOOP ( 'NONE', ( #2486, #1846, #1725, #468 ) ) ;
#618 = DIRECTION ( 'NONE',  ( 1.000000000000000000, 0.000000000000000000, 0.000000000000000000 ) ) ;
#619 = ORIENTED_EDGE ( 'NONE', *, *, #743, .T. ) ;
#620 = EDGE_CURVE ( 'NONE', #2388, #1525, #1492, .T. ) ;
#621 = VECTOR ( 'NONE', #1951, 1000.000000000000000 ) ;
#622 = FACE_BOUND ( 'NONE', #2635, .T. ) ;
#623 = CARTESIAN_POINT ( 'NONE',  ( 3.810000000000000941, -0.8750000000000308642, -1.920000000000000151 ) ) ;
#624 = VECTOR ( 'NONE', #1521, 1000.000000000000000 ) ;
#625 = EDGE_CURVE ( 'NONE', #1946, #374, #2682, .T. ) ;
#626 = AXIS2_PLACEMENT_3D ( 'NONE', #18, #1961, #1517 ) ;
#627 = DIRECTION ( 'NONE',  ( 0.000000000000000000, -0.1736481776669273336, -0.9848077530122086864 ) ) ;
#628 = PRESENTATION_LAYER_ASSIGNMENT (  '', '', ( #1549 ) ) ;
#629 = CARTESIAN_POINT ( 'NONE',  ( 1.719785658213591528, 0.1249999999999691080, 1.920000000000000151 ) ) ;
#630 =( LENGTH_UNIT ( ) NAMED_UNIT ( * ) SI_UNIT ( .MILLI., .METRE. ) );
#631 = ORIENTED_EDGE ( 'NONE', *, *, #2546, .T. ) ;
#632 = CARTESIAN_POINT ( 'NONE',  ( 3.867423533312422723, -0.2626274041526392988, -0.6200000000000001066 ) ) ;
#633 = DIRECTION ( 'NONE',  ( -0.000000000000000000, -0.000000000000000000, -1.000000000000000000 ) ) ;
#634 = AXIS2_PLACEMENT_3D ( 'NONE', #1885, #951, #2840 ) ;
#635 = EDGE_LOOP ( 'NONE', ( #1288, #1563, #567, #2655 ) ) ;
#636 = ADVANCED_FACE ( 'NONE', ( #499 ), #2415, .F. ) ;
#637 = CARTESIAN_POINT ( 'NONE',  ( -4.367065325376102258, -1.450000000000000178, -0.6200000000000001066 ) ) ;
#638 = ORIENTED_EDGE ( 'NONE', *, *, #34, .F. ) ;
#639 = VECTOR ( 'NONE', #679, 1000.000000000000000 ) ;
#640 = VECTOR ( 'NONE', #2396, 1000.000000000000114 ) ;
#641 =( LENGTH_UNIT ( ) NAMED_UNIT ( * ) SI_UNIT ( .MILLI., .METRE. ) );
#642 = DIRECTION ( 'NONE',  ( 0.000000000000000000, 0.000000000000000000, 1.000000000000000000 ) ) ;
#643 = LINE ( 'NONE', #1635, #2094 ) ;
#644 = LINE ( 'NONE', #1342, #2481 ) ;
#645 =( NAMED_UNIT ( * ) PLANE_ANGLE_UNIT ( ) SI_UNIT ( $, .RADIAN. ) );
#646 = CARTESIAN_POINT ( 'NONE',  ( -1.719785658213591528, -0.1250000000000311695, -0.6200000000000001066 ) ) ;
#647 =( LENGTH_UNIT ( ) NAMED_UNIT ( * ) SI_UNIT ( .MILLI., .METRE. ) );
#648 = ORIENTED_EDGE ( 'NONE', *, *, #885, .F. ) ;
#649 = UNCERTAINTY_MEASURE_WITH_UNIT (LENGTH_MEASURE( 1.000000000000000082E-05 ), #3136, 'distance_accuracy_value', 'NONE');
#650 = CARTESIAN_POINT ( 'NONE',  ( 5.075000000000001066, -1.850000000000000977, 1.520000000000000018 ) ) ;
#651 = LINE ( 'NONE', #1683, #2145 ) ;
#652 = EDGE_CURVE ( 'NONE', #821, #30, #464, .T. ) ;
#653 = ORIENTED_EDGE ( 'NONE', *, *, #2157, .F. ) ;
#654 = DIRECTION ( 'NONE',  ( -0.7071067811865462405, 1.916616770854211633E-16, 0.7071067811865489050 ) ) ;
#655 = VECTOR ( 'NONE', #1224, 1000.000000000000000 ) ;
#656 = EDGE_CURVE ( 'NONE', #2103, #2248, #2897, .T. ) ;
#657 = CARTESIAN_POINT ( 'NONE',  ( 5.075000000000001066, -23.25000000000000000, 1.020000000000000018 ) ) ;
#658 = CARTESIAN_POINT ( 'NONE',  ( -4.275000000000000355, -1.850000000000000311, -0.6200000000000001066 ) ) ;
#659 = EDGE_CURVE ( 'NONE', #2826, #989, #514, .T. ) ;
#660 = DIRECTION ( 'NONE',  ( -0.000000000000000000, -0.000000000000000000, -1.000000000000000000 ) ) ;
#661 = DIRECTION ( 'NONE',  ( 0.08248397231594292722, -0.9965923912568179777, -0.000000000000000000 ) ) ;
#662 = SURFACE_SIDE_STYLE ('',( #2116 ) ) ;
#663 = PRESENTATION_STYLE_ASSIGNMENT (( #2099 ) ) ;
#664 = ORIENTED_EDGE ( 'NONE', *, *, #1645, .F. ) ;
#665 = LINE ( 'NONE', #441, #640 ) ;
#666 = DIRECTION ( 'NONE',  ( 0.000000000000000000, -1.000000000000000000, 0.000000000000000000 ) ) ;
#667 = VERTEX_POINT ( 'NONE', #765 ) ;
#668 = DIRECTION ( 'NONE',  ( -0.7071067811865462405, 6.497605520585456774E-16, -0.7071067811865489050 ) ) ;
#669 = ORIENTED_EDGE ( 'NONE', *, *, #2671, .F. ) ;
#670 = AXIS2_PLACEMENT_3D ( 'NONE', #2829, #1943, #605 ) ;
#671 = CARTESIAN_POINT ( 'NONE',  ( 4.168961982611573802, -0.8750000000000305311, -1.520000000000000018 ) ) ;
#672 = MECHANICAL_DESIGN_GEOMETRIC_PRESENTATION_REPRESENTATION (  '', ( #1736 ), #127 ) ;
#673 = ORIENTED_EDGE ( 'NONE', *, *, #1685, .F. ) ;
#674 = VECTOR ( 'NONE', #1723, 1000.000000000000000 ) ;
#675 = CARTESIAN_POINT ( 'NONE',  ( -3.717934674623899927, -0.2750000000000308864, -0.6200000000000001066 ) ) ;
#676 = CARTESIAN_POINT ( 'NONE',  ( -5.075000000000001066, -1.850000000000000977, -1.520000000000000018 ) ) ;
#677 = DIRECTION ( 'NONE',  ( 0.000000000000000000, 0.000000000000000000, -1.000000000000000000 ) ) ;
#678 = ORIENTED_EDGE ( 'NONE', *, *, #2380, .T. ) ;
#679 = DIRECTION ( 'NONE',  ( 0.7071067811865462405, 1.916616770854211633E-16, -0.7071067811865489050 ) ) ;
#680 = ORIENTED_EDGE ( 'NONE', *, *, #3088, .T. ) ;
#681 = DIRECTION ( 'NONE',  ( 1.000000000000000000, 0.000000000000000000, -0.000000000000000000 ) ) ;
#682 = AXIS2_PLACEMENT_3D ( 'NONE', #2924, #251, #263 ) ;
#683 = ADVANCED_FACE ( 'NONE', ( #289 ), #1228, .F. ) ;
#684 = ORIENTED_EDGE ( 'NONE', *, *, #2578, .T. ) ;
#685 = CARTESIAN_POINT ( 'NONE',  ( -3.867423533312422723, -0.2626274041526391878, 1.520000000000000018 ) ) ;
#686 = EDGE_CURVE ( 'NONE', #584, #30, #485, .T. ) ;
#687 = LINE ( 'NONE', #2832, #1364 ) ;
#688 = CARTESIAN_POINT ( 'NONE',  ( -25.00000000000000000, -0.8750000000000308642, -1.520000000000000018 ) ) ;
#689 = LINE ( 'NONE', #2849, #1037 ) ;
#690 = CARTESIAN_POINT ( 'NONE',  ( -3.717934674623899927, -0.1250000000000308087, -1.520000000000000018 ) ) ;
#691 = ORIENTED_EDGE ( 'NONE', *, *, #620, .F. ) ;
#692 = PLANE ( 'NONE',  #2417 ) ;
#693 = EDGE_LOOP ( 'NONE', ( #28, #871, #1610, #908 ) ) ;
#694 = SURFACE_STYLE_FILL_AREA ( #1432 ) ;
#695 = CIRCLE ( 'NONE', #445, 0.1499999999999999667 ) ;
#696 = AXIS2_PLACEMENT_3D ( 'NONE', #2975, #2471, #316 ) ;
#697 = EDGE_LOOP ( 'NONE', ( #401, #2758, #1259, #2720 ) ) ;
#698 = CLOSED_SHELL ( 'NONE', ( #1839, #1247, #73, #2220, #1680, #235, #1716, #1175, #1263, #819, #2292, #1689, #711, #2011, #2642, #757, #45, #1451, #1989, #2673 ) ) ;
#699 = ADVANCED_FACE ( 'NONE', ( #2931 ), #2178, .F. ) ;
#700 =( LENGTH_UNIT ( ) NAMED_UNIT ( * ) SI_UNIT ( .MILLI., .METRE. ) );
#701 = CARTESIAN_POINT ( 'NONE',  ( -25.00000000000000000, -0.8750000000000308642, 1.520000000000000018 ) ) ;
#702 = CARTESIAN_POINT ( 'NONE',  ( -3.717934674623899927, -0.8750000000000308642, -1.920000000000000151 ) ) ;
#703 = CARTESIAN_POINT ( 'NONE',  ( -3.250000000000000000, 1.750000000000000000, -2.290000000000000036 ) ) ;
#704 = CARTESIAN_POINT ( 'NONE',  ( 4.275000000000000355, -1.550000000000000266, 1.920000000000000151 ) ) ;
#705 = ORIENTED_EDGE ( 'NONE', *, *, #2131, .T. ) ;
#706 = DIRECTION ( 'NONE',  ( 0.000000000000000000, 0.000000000000000000, -1.000000000000000000 ) ) ;
#707 = VERTEX_POINT ( 'NONE', #2945 ) ;
#708 = CARTESIAN_POINT ( 'NONE',  ( 5.075000000000001066, -1.600000000000000755, -1.520000000000000018 ) ) ;
#709 = AXIS2_PLACEMENT_3D ( 'NONE', #2398, #2631, #1879 ) ;
#710 = DIRECTION ( 'NONE',  ( 0.000000000000000000, 1.000000000000000000, 0.000000000000000000 ) ) ;
#711 = ADVANCED_FACE ( 'NONE', ( #1923 ), #1729, .T. ) ;
#712 = VECTOR ( 'NONE', #3131, 1000.000000000000000 ) ;
#713 = ORIENTED_EDGE ( 'NONE', *, *, #2119, .T. ) ;
#714 = ORIENTED_EDGE ( 'NONE', *, *, #973, .F. ) ;
#715 = PRESENTATION_LAYER_ASSIGNMENT (  '', '', ( #1738 ) ) ;
#716 = EDGE_CURVE ( 'NONE', #476, #414, #2879, .T. ) ;
#717 = FACE_OUTER_BOUND ( 'NONE', #311, .T. ) ;
#718 = FACE_OUTER_BOUND ( 'NONE', #1678, .T. ) ;
#719 = CARTESIAN_POINT ( 'NONE',  ( -1.719785658213591528, 0.1249999999999691080, -0.6200000000000001066 ) ) ;
#720 = DIRECTION ( 'NONE',  ( 0.000000000000000000, -1.000000000000000000, 0.000000000000000000 ) ) ;
#721 = ORIENTED_EDGE ( 'NONE', *, *, #1448, .T. ) ;
#722 = DIRECTION ( 'NONE',  ( 0.000000000000000000, 0.000000000000000000, 1.000000000000000000 ) ) ;
#723 = EDGE_LOOP ( 'NONE', ( #2950, #2438, #869, #368, #838, #2245 ) ) ;
#724 = LINE ( 'NONE', #1025, #2448 ) ;
#725 = ADVANCED_FACE ( 'NONE', ( #1214 ), #1682, .T. ) ;
#726 = DIRECTION ( 'NONE',  ( -1.000000000000000000, 0.000000000000000000, -0.000000000000000000 ) ) ;
#727 = AXIS2_PLACEMENT_3D ( 'NONE', #719, #1982, #2429 ) ;
#728 = EDGE_LOOP ( 'NONE', ( #496, #2717, #1748, #968, #2813, #463, #1866 ) ) ;
#729 = VECTOR ( 'NONE', #3003, 1000.000000000000000 ) ;
#730 = DIRECTION ( 'NONE',  ( 0.08248397231594292722, 0.9965923912568179777, 0.000000000000000000 ) ) ;
#731 = ORIENTED_EDGE ( 'NONE', *, *, #366, .T. ) ;
#732 = DIRECTION ( 'NONE',  ( -0.7071067811865462405, 6.497605520585456774E-16, -0.7071067811865489050 ) ) ;
#733 = AXIS2_PLACEMENT_3D ( 'NONE', #2152, #2633, #2372 ) ;
#734 = SURFACE_SIDE_STYLE ('',( #1679 ) ) ;
#735 = ORIENTED_EDGE ( 'NONE', *, *, #3018, .T. ) ;
#736 = DIRECTION ( 'NONE',  ( -0.7071067811865462405, 0.000000000000000000, 0.7071067811865489050 ) ) ;
#737 = SURFACE_STYLE_USAGE ( .BOTH. , #1215 ) ;
#738 = ORIENTED_EDGE ( 'NONE', *, *, #2768, .F. ) ;
#739 = EDGE_LOOP ( 'NONE', ( #1932, #2592, #631, #1122, #501, #2695 ) ) ;
#740 = DIRECTION ( 'NONE',  ( -1.000000000000000000, 0.000000000000000000, 0.000000000000000000 ) ) ;
#741 = EDGE_CURVE ( 'NONE', #1901, #2033, #1441, .T. ) ;
#742 = CARTESIAN_POINT ( 'NONE',  ( -4.367065325376102258, -1.600000000000000089, 1.920000000000000151 ) ) ;
#743 = EDGE_CURVE ( 'NONE', #1541, #260, #1020, .T. ) ;
#744 = CARTESIAN_POINT ( 'NONE',  ( 5.371032662688050685, -1.850000000000000533, 1.623967337311951864 ) ) ;
#745 = ADVANCED_FACE ( 'NONE', ( #2756 ), #1065, .F. ) ;
#746 = PLANE ( 'NONE',  #159 ) ;
#747 = CARTESIAN_POINT ( 'NONE',  ( -5.075000000000001066, -1.850000000000000977, 1.520000000000000018 ) ) ;
#748 = DIRECTION ( 'NONE',  ( 1.000000000000000000, -9.189001850162264434E-16, 0.000000000000000000 ) ) ;
#749 = EDGE_CURVE ( 'NONE', #2750, #2159, #608, .T. ) ;
#750 = EDGE_LOOP ( 'NONE', ( #1970, #713, #2509, #1652 ) ) ;
#751 = DIRECTION ( 'NONE',  ( -1.000000000000000000, 1.627809783326294483E-16, 0.000000000000000000 ) ) ;
#752 = LINE ( 'NONE', #259, #1324 ) ;
#753 = ORIENTED_EDGE ( 'NONE', *, *, #1551, .T. ) ;
#754 = FACE_OUTER_BOUND ( 'NONE', #1952, .T. ) ;
#755 = ORIENTED_EDGE ( 'NONE', *, *, #97, .F. ) ;
#756 = CARTESIAN_POINT ( 'NONE',  ( -4.367065325376102258, -1.600000000000000089, 1.520000000000000018 ) ) ;
#757 = ADVANCED_FACE ( 'NONE', ( #3029 ), #596, .F. ) ;
#758 = CARTESIAN_POINT ( 'NONE',  ( 1.719785658213591528, -0.1250000000000311695, -1.520000000000000018 ) ) ;
#759 = CIRCLE ( 'NONE', #2550, 0.1499999999999999667 ) ;
#760 = FACE_OUTER_BOUND ( 'NONE', #1578, .T. ) ;
#761 = VERTEX_POINT ( 'NONE', #2539 ) ;
#762 = SURFACE_STYLE_USAGE ( .BOTH. , #2942 ) ;
#763 = VECTOR ( 'NONE', #2070, 1000.000000000000000 ) ;
#764 = ORIENTED_EDGE ( 'NONE', *, *, #405, .F. ) ;
#765 = CARTESIAN_POINT ( 'NONE',  ( -4.217576466687580350, -1.462372595847391432, -1.920000000000000151 ) ) ;
#766 = CARTESIAN_POINT ( 'NONE',  ( -2.904825006755033634, 2.082584663776845257, 1.944825006755033669 ) ) ;
#767 = ORIENTED_EDGE ( 'NONE', *, *, #1431, .T. ) ;
#768 = PRESENTATION_STYLE_ASSIGNMENT (( #29 ) ) ;
#769 = ORIENTED_EDGE ( 'NONE', *, *, #1512, .F. ) ;
#770 = CARTESIAN_POINT ( 'NONE',  ( -4.367065325376102258, -23.25000000000000000, 0.6200000000000001066 ) ) ;
#771 = VECTOR ( 'NONE', #1902, 1000.000000000000000 ) ;
#772 = LINE ( 'NONE', #1028, #1033 ) ;
#773 = AXIS2_PLACEMENT_3D ( 'NONE', #936, #1914, #681 ) ;
#774 = CARTESIAN_POINT ( 'NONE',  ( -4.108977717377046979, -0.1502548083052476779, -1.920000000000000151 ) ) ;
#775 = EDGE_LOOP ( 'NONE', ( #2325, #170, #1469, #962 ) ) ;
#776 = CARTESIAN_POINT ( 'NONE',  ( -2.963468656348744013, 1.750000000000000000, 0.000000000000000000 ) ) ;
#777 = EDGE_CURVE ( 'NONE', #2933, #1833, #1809, .T. ) ;
#778 = VECTOR ( 'NONE', #1944, 1000.000000000000227 ) ;
#779 = CARTESIAN_POINT ( 'NONE',  ( 3.867423533312422723, -0.2626274041526392988, -0.6200000000000001066 ) ) ;
#780 = VECTOR ( 'NONE', #933, 999.9999999999998863 ) ;
#781 = LINE ( 'NONE', #1761, #3116 ) ;
#782 = EDGE_CURVE ( 'NONE', #2088, #277, #2288, .T. ) ;
#783 = LINE ( 'NONE', #2197, #561 ) ;
#784 = ORIENTED_EDGE ( 'NONE', *, *, #116, .F. ) ;
#785 = CARTESIAN_POINT ( 'NONE',  ( -1.719785658213592638, 0.1249999999999691080, 1.520000000000000018 ) ) ;
#786 = ORIENTED_EDGE ( 'NONE', *, *, #3088, .F. ) ;
#787 = LINE ( 'NONE', #1704, #2352 ) ;
#788 = ADVANCED_FACE ( 'NONE', ( #81 ), #381, .T. ) ;
#789 = ORIENTED_EDGE ( 'NONE', *, *, #191, .T. ) ;
#790 = PLANE ( 'NONE',  #2661 ) ;
#791 = CARTESIAN_POINT ( 'NONE',  ( 3.918107167550505032, -0.8750000000000308642, 1.520000000000000018 ) ) ;
#792 = CARTESIAN_POINT ( 'NONE',  ( -1.719785658213591528, -0.1250000000000311695, 0.6200000000000001066 ) ) ;
#793 = DIRECTION ( 'NONE',  ( -0.7071067811865462405, 0.000000000000000000, -0.7071067811865489050 ) ) ;
#794 = CARTESIAN_POINT ( 'NONE',  ( -25.00000000000000000, -0.8750000000000308642, 2.889603058124849078 ) ) ;
#795 = VECTOR ( 'NONE', #1948, 1000.000000000000000 ) ;
#796 = CARTESIAN_POINT ( 'NONE',  ( 4.367065325376102258, -1.600000000000000755, 1.920000000000000151 ) ) ;
#797 = ORIENTED_EDGE ( 'NONE', *, *, #625, .T. ) ;
#798 = CARTESIAN_POINT ( 'NONE',  ( 3.810000000000000941, -0.1750000000000308253, 1.920000000000000151 ) ) ;
#799 = VERTEX_POINT ( 'NONE', #1327 ) ;
#800 = UNCERTAINTY_MEASURE_WITH_UNIT (LENGTH_MEASURE( 1.000000000000000082E-05 ), #192, 'distance_accuracy_value', 'NONE');
#801 = CARTESIAN_POINT ( 'NONE',  ( -3.717934674623899927, -0.2750000000000308864, 0.6200000000000001066 ) ) ;
#802 = CARTESIAN_POINT ( 'NONE',  ( 3.717934674623899927, -0.1250000000000308087, 1.920000000000000151 ) ) ;
#803 = AXIS2_PLACEMENT_3D ( 'NONE', #1137, #1371, #164 ) ;
#804 = ORIENTED_EDGE ( 'NONE', *, *, #1886, .T. ) ;
#805 = CARTESIAN_POINT ( 'NONE',  ( -1.719785658213592638, 0.1249999999999691080, -1.520000000000000018 ) ) ;
#806 = CARTESIAN_POINT ( 'NONE',  ( 5.075000000000001066, -23.25000000000000000, 1.520000000000000018 ) ) ;
#807 = DIRECTION ( 'NONE',  ( -0.000000000000000000, 1.000000000000000000, -0.000000000000000000 ) ) ;
#808 = DIRECTION ( 'NONE',  ( -0.000000000000000000, 0.000000000000000000, -1.000000000000000000 ) ) ;
#809 = CARTESIAN_POINT ( 'NONE',  ( -4.767065325376100837, -23.25000000000000000, 1.520000000000000018 ) ) ;
#810 = COLOUR_RGB ( '',0.2666666666666666630, 0.2666666666666666630, 0.2666666666666666630 ) ;
#811 = CYLINDRICAL_SURFACE ( 'NONE', #1280, 0.1499999999999999667 ) ;
#812 = DIRECTION ( 'NONE',  ( 0.000000000000000000, -1.000000000000000000, 0.000000000000000000 ) ) ;
#813 = AXIS2_PLACEMENT_3D ( 'NONE', #770, #1971, #2904 ) ;
#814 = ADVANCED_FACE ( 'NONE', ( #133 ), #1796, .F. ) ;
#815 = EDGE_LOOP ( 'NONE', ( #1424, #619, #1471, #1157, #457, #2547 ) ) ;
#816 = LINE ( 'NONE', #322, #924 ) ;
#817 = CARTESIAN_POINT ( 'NONE',  ( -4.275000000000000355, -1.850000000000000311, 1.920000000000000151 ) ) ;
#818 = LINE ( 'NONE', #614, #1791 ) ;
#819 = ADVANCED_FACE ( 'NONE', ( #1825 ), #811, .F. ) ;
#820 = VECTOR ( 'NONE', #1393, 1000.000000000000227 ) ;
#821 = VERTEX_POINT ( 'NONE', #2961 ) ;
#822 = DIRECTION ( 'NONE',  ( 0.000000000000000000, -0.000000000000000000, 1.000000000000000000 ) ) ;
#823 = VECTOR ( 'NONE', #391, 999.9999999999998863 ) ;
#824 = DIRECTION ( 'NONE',  ( -1.000000000000000000, 0.000000000000000000, 0.000000000000000000 ) ) ;
#825 = VERTEX_POINT ( 'NONE', #2490 ) ;
#826 = DIRECTION ( 'NONE',  ( 1.000000000000000000, -0.000000000000000000, -0.000000000000000000 ) ) ;
#827 = ORIENTED_EDGE ( 'NONE', *, *, #749, .T. ) ;
#828 = FACE_OUTER_BOUND ( 'NONE', #775, .T. ) ;
#829 = CARTESIAN_POINT ( 'NONE',  ( -25.00000000000000000, 0.1249999999999691080, 1.520000000000000018 ) ) ;
#830 = DIRECTION ( 'NONE',  ( 0.08248397231594427337, -0.9965923912568178666, 0.000000000000000000 ) ) ;
#831 = CARTESIAN_POINT ( 'NONE',  ( 4.767065325376100837, -1.600000000000000755, -1.020000000000000018 ) ) ;
#832 = ORIENTED_EDGE ( 'NONE', *, *, #1320, .F. ) ;
#833 = VECTOR ( 'NONE', #710, 1000.000000000000000 ) ;
#834 = PLANE ( 'NONE',  #971 ) ;
#835 = ORIENTED_EDGE ( 'NONE', *, *, #327, .F. ) ;
#836 = LINE ( 'NONE', #1544, #481 ) ;
#837 = CARTESIAN_POINT ( 'NONE',  ( 3.717934674623899927, -0.1250000000000308364, -1.520000000000000018 ) ) ;
#838 = ORIENTED_EDGE ( 'NONE', *, *, #849, .F. ) ;
#839 = CARTESIAN_POINT ( 'NONE',  ( 4.367065325376102258, -23.25000000000000000, -1.920000000000000151 ) ) ;
#840 = EDGE_CURVE ( 'NONE', #3082, #1281, #781, .T. ) ;
#841 = VERTEX_POINT ( 'NONE', #1036 ) ;
#842 = CARTESIAN_POINT ( 'NONE',  ( -2.876724789947767480, 2.241948912483211931, -1.916724789947768182 ) ) ;
#843 = ORIENTED_EDGE ( 'NONE', *, *, #3000, .T. ) ;
#844 = DIRECTION ( 'NONE',  ( -1.000000000000000000, 0.000000000000000000, 0.000000000000000000 ) ) ;
#845 = LINE ( 'NONE', #80, #881 ) ;
#846 = EDGE_CURVE ( 'NONE', #1107, #853, #2256, .T. ) ;
#847 = DIRECTION ( 'NONE',  ( 0.000000000000000000, -1.000000000000000000, -0.000000000000000000 ) ) ;
#848 = ORIENTED_EDGE ( 'NONE', *, *, #1777, .F. ) ;
#849 = EDGE_CURVE ( 'NONE', #1146, #2910, #562, .T. ) ;
#850 = VECTOR ( 'NONE', #162, 1000.000000000000000 ) ;
#851 = VECTOR ( 'NONE', #77, 1000.000000000000000 ) ;
#852 = LINE ( 'NONE', #2277, #1489 ) ;
#853 = VERTEX_POINT ( 'NONE', #335 ) ;
#854 = CARTESIAN_POINT ( 'NONE',  ( -4.767065325376100837, -1.600000000000000755, 1.520000000000000018 ) ) ;
#855 = PLANE ( 'NONE',  #2948 ) ;
#856 = ORIENTED_EDGE ( 'NONE', *, *, #5, .T. ) ;
#857 = DIRECTION ( 'NONE',  ( 0.000000000000000000, -0.000000000000000000, 1.000000000000000000 ) ) ;
#858 = VERTEX_POINT ( 'NONE', #1294 ) ;
#859 = EDGE_CURVE ( 'NONE', #229, #2621, #2274, .T. ) ;
#860 =( NAMED_UNIT ( * ) PLANE_ANGLE_UNIT ( ) SI_UNIT ( $, .RADIAN. ) );
#861 = LINE ( 'NONE', #1619, #1601 ) ;
#862 = CARTESIAN_POINT ( 'NONE',  ( 5.075000000000001066, -1.850000000000000533, -1.920000000000000151 ) ) ;
#863 = CARTESIAN_POINT ( 'NONE',  ( 4.168961982611580908, -0.8750000000000308642, 1.520000000000000018 ) ) ;
#864 = SURFACE_STYLE_USAGE ( .BOTH. , #2601 ) ;
#865 = EDGE_CURVE ( 'NONE', #2329, #354, #2031, .T. ) ;
#866 = DIRECTION ( 'NONE',  ( -1.000000000000000000, -0.000000000000000000, -0.000000000000000000 ) ) ;
#867 = AXIS2_PLACEMENT_3D ( 'NONE', #52, #976, #1954 ) ;
#868 = LINE ( 'NONE', #209, #820 ) ;
#869 = ORIENTED_EDGE ( 'NONE', *, *, #2328, .T. ) ;
#870 = DIRECTION ( 'NONE',  ( 0.000000000000000000, 0.000000000000000000, -1.000000000000000000 ) ) ;
#871 = ORIENTED_EDGE ( 'NONE', *, *, #1216, .F. ) ;
#872 = CARTESIAN_POINT ( 'NONE',  ( -2.274163689043441128, 1.745000000000000107, -1.322879531535087194 ) ) ;
#873 = VECTOR ( 'NONE', #826, 1000.000000000000000 ) ;
#874 = PRESENTATION_STYLE_ASSIGNMENT (( #3061 ) ) ;
#875 = CARTESIAN_POINT ( 'NONE',  ( -4.367065325376102258, -1.850000000000000977, 0.6200000000000001066 ) ) ;
#876 = VECTOR ( 'NONE', #2728, 1000.000000000000000 ) ;
#877 = DIRECTION ( 'NONE',  ( -9.189001850162264434E-16, -1.000000000000000000, 0.000000000000000000 ) ) ;
#878 = CIRCLE ( 'NONE', #281, 0.2999999999999999334 ) ;
#879 = EDGE_CURVE ( 'NONE', #249, #2777, #1557, .T. ) ;
#880 = CARTESIAN_POINT ( 'NONE',  ( -4.275000000000000355, -1.850000000000000311, -0.6200000000000001066 ) ) ;
#881 = VECTOR ( 'NONE', #333, 1000.000000000000000 ) ;
#882 = EDGE_CURVE ( 'NONE', #989, #1835, #1309, .T. ) ;
#883 = ORIENTED_EDGE ( 'NONE', *, *, #1349, .F. ) ;
#884 = PLANE ( 'NONE',  #1644 ) ;
#885 = EDGE_CURVE ( 'NONE', #102, #2848, #1390, .T. ) ;
#886 = ORIENTED_EDGE ( 'NONE', *, *, #1242, .F. ) ;
#887 = DIRECTION ( 'NONE',  ( -0.7071067811865462405, 1.916616770854211633E-16, 0.7071067811865489050 ) ) ;
#888 = VECTOR ( 'NONE', #272, 1000.000000000000000 ) ;
#889 = DIRECTION ( 'NONE',  ( -1.000000000000000000, -1.627809783326294483E-16, 0.000000000000000000 ) ) ;
#890 = VECTOR ( 'NONE', #1351, 1000.000000000000000 ) ;
#891 = EDGE_LOOP ( 'NONE', ( #1407, #1209, #187, #1176 ) ) ;
#892 = LINE ( 'NONE', #1380, #1147 ) ;
#893 = EDGE_CURVE ( 'NONE', #2621, #414, #2934, .T. ) ;
#894 = ORIENTED_EDGE ( 'NONE', *, *, #2253, .T. ) ;
#895 = COLOUR_RGB ( '',0.2666666666666666630, 0.2666666666666666630, 0.2666666666666666630 ) ;
#896 = MECHANICAL_DESIGN_GEOMETRIC_PRESENTATION_REPRESENTATION (  '', ( #3081 ), #1452 ) ;
#897 =( NAMED_UNIT ( * ) SI_UNIT ( $, .STERADIAN. ) SOLID_ANGLE_UNIT ( ) );
#898 = CARTESIAN_POINT ( 'NONE',  ( -3.810000000000000941, 0.1249999999999691080, 1.520000000000000018 ) ) ;
#899 = LINE ( 'NONE', #2337, #1416 ) ;
#900 = LINE ( 'NONE', #2338, #551 ) ;
#901 = DIRECTION ( 'NONE',  ( 0.7071067811865462405, 0.000000000000000000, 0.7071067811865489050 ) ) ;
#902 = ORIENTED_EDGE ( 'NONE', *, *, #1093, .F. ) ;
#903 = DIRECTION ( 'NONE',  ( 0.7071067811865462405, 0.000000000000000000, 0.7071067811865489050 ) ) ;
#904 = DIRECTION ( 'NONE',  ( 1.627809783326294483E-16, 1.000000000000000000, -0.000000000000000000 ) ) ;
#905 = CIRCLE ( 'NONE', #1465, 0.3000000000000003775 ) ;
#906 = VERTEX_POINT ( 'NONE', #671 ) ;
#907 =( NAMED_UNIT ( * ) PLANE_ANGLE_UNIT ( ) SI_UNIT ( $, .RADIAN. ) );
#908 = ORIENTED_EDGE ( 'NONE', *, *, #1919, .F. ) ;
#909 = SURFACE_STYLE_USAGE ( .BOTH. , #3076 ) ;
#910 = ORIENTED_EDGE ( 'NONE', *, *, #2015, .T. ) ;
#911 = LINE ( 'NONE', #1138, #570 ) ;
#912 = ORIENTED_EDGE ( 'NONE', *, *, #116, .T. ) ;
#913 = DIRECTION ( 'NONE',  ( 0.000000000000000000, 1.000000000000000000, 0.000000000000000000 ) ) ;
#914 = CARTESIAN_POINT ( 'NONE',  ( -3.976022282622954762, -1.574745191694783442, -1.920000000000000151 ) ) ;
#915 = EDGE_CURVE ( 'NONE', #352, #2638, #1406, .T. ) ;
#916 = VECTOR ( 'NONE', #1983, 1000.000000000000000 ) ;
#917 = EDGE_LOOP ( 'NONE', ( #2371, #1360, #2023, #261 ) ) ;
#918 = FACE_OUTER_BOUND ( 'NONE', #697, .T. ) ;
#919 = VERTEX_POINT ( 'NONE', #685 ) ;
#920 = EDGE_CURVE ( 'NONE', #219, #1107, #1162, .T. ) ;
#921 = CIRCLE ( 'NONE', #3107, 0.2999999999999999334 ) ;
#922 = AXIS2_PLACEMENT_3D ( 'NONE', #558, #1226, #1535 ) ;
#923 = EDGE_CURVE ( 'NONE', #3106, #1251, #1623, .T. ) ;
#924 = VECTOR ( 'NONE', #370, 1000.000000000000000 ) ;
#925 = VERTEX_POINT ( 'NONE', #880 ) ;
#926 = DIRECTION ( 'NONE',  ( -0.000000000000000000, 0.000000000000000000, -1.000000000000000000 ) ) ;
#927 = AXIS2_PLACEMENT_3D ( 'NONE', #2895, #807, #1423 ) ;
#928 = EDGE_LOOP ( 'NONE', ( #2168, #301, #1994, #1917, #2317, #1110, #1403, #1568 ) ) ;
#929 = VECTOR ( 'NONE', #3043, 1000.000000000000000 ) ;
#930 = DIRECTION ( 'NONE',  ( -0.08248397231594427337, -0.9965923912568178666, 0.000000000000000000 ) ) ;
#931 = LINE ( 'NONE', #2866, #2796 ) ;
#932 = EDGE_LOOP ( 'NONE', ( #1926, #2735, #1523, #1329 ) ) ;
#933 = DIRECTION ( 'NONE',  ( -0.1710878697460326281, 0.9702875252478150303, -0.1710878697460326281 ) ) ;
#934 = ORIENTED_EDGE ( 'NONE', *, *, #879, .T. ) ;
#935 = CIRCLE ( 'NONE', #1753, 0.1499999999999999667 ) ;
#936 = CARTESIAN_POINT ( 'NONE',  ( -3.250000000000000000, 1.750000000000000000, -2.290000000000000036 ) ) ;
#937 = VECTOR ( 'NONE', #2609, 1000.000000000000000 ) ;
#938 = DIRECTION ( 'NONE',  ( 1.000000000000000000, 0.000000000000000000, 0.000000000000000000 ) ) ;
#939 = EDGE_LOOP ( 'NONE', ( #2567, #1828, #1626, #2536 ) ) ;
#940 = ORIENTED_EDGE ( 'NONE', *, *, #1048, .T. ) ;
#941 = EDGE_CURVE ( 'NONE', #821, #3039, #899, .T. ) ;
#942 = CARTESIAN_POINT ( 'NONE',  ( -3.717934674623899927, -0.2750000000000308864, 0.6200000000000001066 ) ) ;
#943 = DIRECTION ( 'NONE',  ( -9.189001850162264434E-16, -1.000000000000000000, 0.000000000000000000 ) ) ;
#944 = ORIENTED_EDGE ( 'NONE', *, *, #2209, .F. ) ;
#945 = CARTESIAN_POINT ( 'NONE',  ( -25.00000000000000000, -0.8750000000000308642, 2.889603058124849078 ) ) ;
#946 = DIRECTION ( 'NONE',  ( -1.000000000000000000, 9.189001850162264434E-16, -0.000000000000000000 ) ) ;
#947 = ORIENTED_EDGE ( 'NONE', *, *, #2727, .F. ) ;
#948 = DIRECTION ( 'NONE',  ( -0.000000000000000000, -0.000000000000000000, -1.000000000000000000 ) ) ;
#949 = EDGE_LOOP ( 'NONE', ( #3064, #954, #2656, #2142, #1480, #2666 ) ) ;
#950 = DIRECTION ( 'NONE',  ( 1.000000000000000000, 0.000000000000000000, 0.000000000000000000 ) ) ;
#951 = DIRECTION ( 'NONE',  ( -0.000000000000000000, 0.000000000000000000, 1.000000000000000000 ) ) ;
#952 = AXIS2_PLACEMENT_3D ( 'NONE', #2505, #331, #1252 ) ;
#953 = EDGE_CURVE ( 'NONE', #2061, #3082, #1573, .T. ) ;
#954 = ORIENTED_EDGE ( 'NONE', *, *, #1208, .T. ) ;
#955 = CLOSED_SHELL ( 'NONE', ( #1651, #2839, #1721, #636, #389, #2287, #725, #2624, #2974, #2080, #296, #1067, #2410, #788, #1867, #1414, #264, #606, #2188, #2894 ) ) ;
#956 = DIRECTION ( 'NONE',  ( 0.000000000000000000, 0.000000000000000000, 1.000000000000000000 ) ) ;
#957 = FACE_OUTER_BOUND ( 'NONE', #1630, .T. ) ;
#958 = CARTESIAN_POINT ( 'NONE',  ( 5.075000000000001066, -1.600000000000000755, 1.020000000000000018 ) ) ;
#959 = DIRECTION ( 'NONE',  ( 1.627809783326294483E-16, 1.000000000000000000, -0.000000000000000000 ) ) ;
#960 = ADVANCED_FACE ( 'NONE', ( #2095 ), #1420, .T. ) ;
#961 = FACE_OUTER_BOUND ( 'NONE', #2708, .T. ) ;
#962 = ORIENTED_EDGE ( 'NONE', *, *, #2578, .F. ) ;
#963 =( NAMED_UNIT ( * ) SI_UNIT ( $, .STERADIAN. ) SOLID_ANGLE_UNIT ( ) );
#964 = ORIENTED_EDGE ( 'NONE', *, *, #1012, .F. ) ;
#965 = DIRECTION ( 'NONE',  ( 0.000000000000000000, -1.000000000000000000, 0.000000000000000000 ) ) ;
#966 = LINE ( 'NONE', #1719, #778 ) ;
#967 = AXIS2_PLACEMENT_3D ( 'NONE', #1800, #2761, #583 ) ;
#968 = ORIENTED_EDGE ( 'NONE', *, *, #2346, .T. ) ;
#969 = ORIENTED_EDGE ( 'NONE', *, *, #1757, .T. ) ;
#970 = LINE ( 'NONE', #2640, #655 ) ;
#971 = AXIS2_PLACEMENT_3D ( 'NONE', #1811, #1313, #2034 ) ;
#972 = DIRECTION ( 'NONE',  ( -0.000000000000000000, 1.000000000000000000, -0.000000000000000000 ) ) ;
#973 = EDGE_CURVE ( 'NONE', #1901, #229, #150, .T. ) ;
#974 = CARTESIAN_POINT ( 'NONE',  ( -4.367065325376102258, -23.25000000000000000, -0.6200000000000001066 ) ) ;
#975 = DIRECTION ( 'NONE',  ( 1.000000000000000000, -2.710505431213757141E-16, 0.000000000000000000 ) ) ;
#976 = DIRECTION ( 'NONE',  ( 1.000000000000000000, 0.000000000000000000, -0.000000000000000000 ) ) ;
#977 = ORIENTED_EDGE ( 'NONE', *, *, #1282, .T. ) ;
#978 = ADVANCED_FACE ( 'NONE', ( #1100 ), #3050, .T. ) ;
#979 = FACE_OUTER_BOUND ( 'NONE', #1218, .T. ) ;
#980 = ORIENTED_EDGE ( 'NONE', *, *, #2119, .F. ) ;
#981 = LINE ( 'NONE', #44, #616 ) ;
#982 = EDGE_CURVE ( 'NONE', #428, #1714, #2657, .T. ) ;
#983 = CARTESIAN_POINT ( 'NONE',  ( -2.963468656348744013, 1.750000000000000000, 2.003468656348744048 ) ) ;
#984 = AXIS2_PLACEMENT_3D ( 'NONE', #1878, #3085, #903 ) ;
#985 = MECHANICAL_DESIGN_GEOMETRIC_PRESENTATION_REPRESENTATION (  '', ( #2815 ), #1657 ) ;
#986 =( NAMED_UNIT ( * ) SI_UNIT ( $, .STERADIAN. ) SOLID_ANGLE_UNIT ( ) );
#987 = CARTESIAN_POINT ( 'NONE',  ( -4.767065325376100837, -23.25000000000000000, -1.520000000000000018 ) ) ;
#988 = DIRECTION ( 'NONE',  ( -0.000000000000000000, -0.000000000000000000, -1.000000000000000000 ) ) ;
#989 = VERTEX_POINT ( 'NONE', #2409 ) ;
#990 = PLANE ( 'NONE',  #2814 ) ;
#991 = DIRECTION ( 'NONE',  ( -0.000000000000000000, -0.000000000000000000, -1.000000000000000000 ) ) ;
#992 = EDGE_CURVE ( 'NONE', #2248, #2851, #1726, .T. ) ;
#993 = ORIENTED_EDGE ( 'NONE', *, *, #3105, .T. ) ;
#994 = DIRECTION ( 'NONE',  ( -0.000000000000000000, -0.000000000000000000, -1.000000000000000000 ) ) ;
#995 = LINE ( 'NONE', #2246, #564 ) ;
#996 = AXIS2_PLACEMENT_3D ( 'NONE', #1841, #877, #3094 ) ;
#997 = DIRECTION ( 'NONE',  ( -0.000000000000000000, 1.000000000000000000, -0.000000000000000000 ) ) ;
#998 = VECTOR ( 'NONE', #2585, 1000.000000000000000 ) ;
#999 =( NAMED_UNIT ( * ) PLANE_ANGLE_UNIT ( ) SI_UNIT ( $, .RADIAN. ) );
#1000 = ORIENTED_EDGE ( 'NONE', *, *, #1818, .F. ) ;
#1001 = CARTESIAN_POINT ( 'NONE',  ( -4.367065325376102258, -23.25000000000000000, -1.920000000000000151 ) ) ;
#1002 = MECHANICAL_DESIGN_GEOMETRIC_PRESENTATION_REPRESENTATION (  '', ( #2135 ), #1770 ) ;
#1003 = DIRECTION ( 'NONE',  ( -1.000000000000000000, 0.000000000000000000, 0.000000000000000000 ) ) ;
#1004 = ORIENTED_EDGE ( 'NONE', *, *, #2318, .F. ) ;
#1005 = CARTESIAN_POINT ( 'NONE',  ( -2.274163689043441128, 1.750000000000000000, -1.701250488252930015 ) ) ;
#1006 = DIRECTION ( 'NONE',  ( -0.08248397231594427337, -0.9965923912568178666, 0.000000000000000000 ) ) ;
#1007 = ORIENTED_EDGE ( 'NONE', *, *, #2867, .F. ) ;
#1008 = FILL_AREA_STYLE ('',( #2432 ) ) ;
#1009 = ORIENTED_EDGE ( 'NONE', *, *, #1449, .F. ) ;
#1010 = DIRECTION ( 'NONE',  ( 0.08248397231594292722, 0.9965923912568179777, 0.000000000000000000 ) ) ;
#1011 = CARTESIAN_POINT ( 'NONE',  ( 4.108977717377046979, -0.1502548083052476779, 1.920000000000000151 ) ) ;
#1012 = EDGE_CURVE ( 'NONE', #2986, #1281, #1456, .T. ) ;
#1013 = AXIS2_PLACEMENT_3D ( 'NONE', #247, #720, #2664 ) ;
#1014 =( LENGTH_UNIT ( ) NAMED_UNIT ( * ) SI_UNIT ( .MILLI., .METRE. ) );
#1015 = EDGE_CURVE ( 'NONE', #2248, #470, #1472, .T. ) ;
#1016 = VERTEX_POINT ( 'NONE', #2192 ) ;
#1017 = CARTESIAN_POINT ( 'NONE',  ( -3.810000000000000941, -0.1750000000000308253, 1.520000000000000018 ) ) ;
#1018 = CARTESIAN_POINT ( 'NONE',  ( -3.976022282622954762, -1.574745191694783442, -0.6200000000000001066 ) ) ;
#1019 = AXIS2_PLACEMENT_3D ( 'NONE', #591, #1305, #1114 ) ;
#1020 = LINE ( 'NONE', #2306, #1337 ) ;
#1021 = CARTESIAN_POINT ( 'NONE',  ( 3.717934674623899927, -0.1250000000000308364, 0.6200000000000001066 ) ) ;
#1022 = EDGE_LOOP ( 'NONE', ( #1009, #1044, #1000, #1087, #2071, #784, #2686 ) ) ;
#1023 = SURFACE_STYLE_FILL_AREA ( #2049 ) ;
#1024 = UNCERTAINTY_MEASURE_WITH_UNIT (LENGTH_MEASURE( 1.000000000000000082E-05 ), #1799, 'distance_accuracy_value', 'NONE');
#1025 = CARTESIAN_POINT ( 'NONE',  ( -3.717934674623899927, -0.1250000000000308364, 0.6200000000000001066 ) ) ;
#1026 = ORIENTED_EDGE ( 'NONE', *, *, #1083, .T. ) ;
#1027 =( GEOMETRIC_REPRESENTATION_CONTEXT ( 3 ) GLOBAL_UNCERTAINTY_ASSIGNED_CONTEXT ( ( #508 ) ) GLOBAL_UNIT_ASSIGNED_CONTEXT ( ( #2521, #3025, #112 ) ) REPRESENTATION_CONTEXT ( 'NONE', 'WORKASPACE' ) );
#1028 = CARTESIAN_POINT ( 'NONE',  ( 3.810000000000000941, 0.1249999999999691080, -0.6200000000000001066 ) ) ;
#1029 = VECTOR ( 'NONE', #1031, 1000.000000000000000 ) ;
#1030 = VECTOR ( 'NONE', #988, 1000.000000000000000 ) ;
#1031 = DIRECTION ( 'NONE',  ( -0.000000000000000000, -0.000000000000000000, -1.000000000000000000 ) ) ;
#1032 = DIRECTION ( 'NONE',  ( 0.000000000000000000, 0.000000000000000000, 1.000000000000000000 ) ) ;
#1033 = VECTOR ( 'NONE', #1220, 1000.000000000000000 ) ;
#1034 = CARTESIAN_POINT ( 'NONE',  ( -4.275000000000000355, -1.850000000000000311, -1.920000000000000151 ) ) ;
#1035 = AXIS2_PLACEMENT_3D ( 'NONE', #1969, #722, #1701 ) ;
#1036 = CARTESIAN_POINT ( 'NONE',  ( 2.963468656348744013, 1.750000000000000000, -2.003468656348744048 ) ) ;
#1037 = VECTOR ( 'NONE', #1376, 1000.000000000000000 ) ;
#1038 = VERTEX_POINT ( 'NONE', #2426 ) ;
#1039 = DIRECTION ( 'NONE',  ( 1.000000000000000000, 2.710505431213757141E-16, -0.000000000000000000 ) ) ;
#1040 = ORIENTED_EDGE ( 'NONE', *, *, #1292, .F. ) ;
#1041 = CARTESIAN_POINT ( 'NONE',  ( -25.00000000000000000, -0.8750000000000308642, 1.520000000000000018 ) ) ;
#1042 = FACE_OUTER_BOUND ( 'NONE', #185, .T. ) ;
#1043 = EDGE_CURVE ( 'NONE', #2037, #2970, #1468, .T. ) ;
#1044 = ORIENTED_EDGE ( 'NONE', *, *, #1012, .T. ) ;
#1045 = FACE_OUTER_BOUND ( 'NONE', #1094, .T. ) ;
#1046 = DIRECTION ( 'NONE',  ( -1.000000000000000000, 0.000000000000000000, 0.000000000000000000 ) ) ;
#1047 = CARTESIAN_POINT ( 'NONE',  ( -3.250000000000000000, -1.750000000000000000, 2.003468656348744048 ) ) ;
#1048 = EDGE_CURVE ( 'NONE', #584, #1580, #970, .T. ) ;
#1049 = CYLINDRICAL_SURFACE ( 'NONE', #2378, 0.3000000000000007661 ) ;
#1050 = DIRECTION ( 'NONE',  ( 0.000000000000000000, -0.000000000000000000, -1.000000000000000000 ) ) ;
#1051 = DIRECTION ( 'NONE',  ( -0.000000000000000000, -0.000000000000000000, -1.000000000000000000 ) ) ;
#1052 = VECTOR ( 'NONE', #1963, 1000.000000000000000 ) ;
#1053 =( NAMED_UNIT ( * ) PLANE_ANGLE_UNIT ( ) SI_UNIT ( $, .RADIAN. ) );
#1054 = ORIENTED_EDGE ( 'NONE', *, *, #2954, .F. ) ;
#1055 = FACE_OUTER_BOUND ( 'NONE', #3058, .T. ) ;
#1056 = EDGE_CURVE ( 'NONE', #275, #2790, #48, .T. ) ;
#1057 = DIRECTION ( 'NONE',  ( -1.000000000000000000, 0.000000000000000000, 0.000000000000000000 ) ) ;
#1058 = DIRECTION ( 'NONE',  ( -0.000000000000000000, -0.000000000000000000, -1.000000000000000000 ) ) ;
#1059 = ORIENTED_EDGE ( 'NONE', *, *, #1387, .F. ) ;
#1060 = CARTESIAN_POINT ( 'NONE',  ( 4.108977717377046091, -0.1502548083052476502, 1.920000000000000151 ) ) ;
#1061 = CARTESIAN_POINT ( 'NONE',  ( -3.918107167550505032, -0.8750000000000308642, 1.520000000000000018 ) ) ;
#1062 = ORIENTED_EDGE ( 'NONE', *, *, #1662, .F. ) ;
#1063 = DIRECTION ( 'NONE',  ( 0.7071067811865489050, 0.000000000000000000, 0.7071067811865462405 ) ) ;
#1064 = DIRECTION ( 'NONE',  ( -0.000000000000000000, -0.000000000000000000, -1.000000000000000000 ) ) ;
#1065 = PLANE ( 'NONE',  #467 ) ;
#1066 = VECTOR ( 'NONE', #1058, 1000.000000000000000 ) ;
#1067 = ADVANCED_FACE ( 'NONE', ( #3 ), #2927, .T. ) ;
#1068 = ORIENTED_EDGE ( 'NONE', *, *, #1949, .T. ) ;
#1069 = DIRECTION ( 'NONE',  ( -0.7071067811865462405, -6.497605520585456774E-16, 0.7071067811865489050 ) ) ;
#1070 = ORIENTED_EDGE ( 'NONE', *, *, #424, .F. ) ;
#1071 = FILL_AREA_STYLE ('',( #2760 ) ) ;
#1072 = DIRECTION ( 'NONE',  ( 1.000000000000000000, 1.627809783326294483E-16, 0.000000000000000000 ) ) ;
#1073 = VECTOR ( 'NONE', #706, 1000.000000000000000 ) ;
#1074 = EDGE_CURVE ( 'NONE', #1658, #3100, #2911, .T. ) ;
#1075 = ORIENTED_EDGE ( 'NONE', *, *, #20, .T. ) ;
#1076 = CARTESIAN_POINT ( 'NONE',  ( -3.867423533312422723, -0.2626274041526392988, 0.6200000000000001066 ) ) ;
#1077 = ADVANCED_FACE ( 'NONE', ( #1978 ), #746, .F. ) ;
#1078 = CIRCLE ( 'NONE', #922, 0.3000000000000003775 ) ;
#1079 = CARTESIAN_POINT ( 'NONE',  ( 3.250000000000000000, -0.1249999999999691080, 2.290000000000000036 ) ) ;
#1080 = LINE ( 'NONE', #2584, #2400 ) ;
#1081 = ORIENTED_EDGE ( 'NONE', *, *, #1897, .T. ) ;
#1082 = CARTESIAN_POINT ( 'NONE',  ( 4.108977717377046091, -0.1502548083052476502, 0.6200000000000001066 ) ) ;
#1083 = EDGE_CURVE ( 'NONE', #425, #2019, #2456, .T. ) ;
#1084 = FACE_OUTER_BOUND ( 'NONE', #1528, .T. ) ;
#1085 = CARTESIAN_POINT ( 'NONE',  ( 3.717934674623899927, -0.1250000000000308364, 1.920000000000000151 ) ) ;
#1086 = MANIFOLD_SOLID_BREP ( 'Cut-Extrude2[2]', #955 ) ;
#1087 = ORIENTED_EDGE ( 'NONE', *, *, #2073, .F. ) ;
#1088 = VECTOR ( 'NONE', #2087, 1000.000000000000227 ) ;
#1089 =( NAMED_UNIT ( * ) SI_UNIT ( $, .STERADIAN. ) SOLID_ANGLE_UNIT ( ) );
#1090 = ORIENTED_EDGE ( 'NONE', *, *, #2455, .F. ) ;
#1091 = LINE ( 'NONE', #1831, #1759 ) ;
#1092 = DIRECTION ( 'NONE',  ( -0.000000000000000000, -0.000000000000000000, -1.000000000000000000 ) ) ;
#1093 = EDGE_CURVE ( 'NONE', #2543, #2214, #254, .T. ) ;
#1094 = EDGE_LOOP ( 'NONE', ( #993, #2662, #1129, #151 ) ) ;
#1095 = PLANE ( 'NONE',  #2413 ) ;
#1096 = APPLICATION_CONTEXT ( 'automotive_design' ) ;
#1097 = FILL_AREA_STYLE ('',( #2059 ) ) ;
#1098 = DIRECTION ( 'NONE',  ( 1.000000000000000000, 0.000000000000000000, 0.000000000000000000 ) ) ;
#1099 = DIRECTION ( 'NONE',  ( -0.08248397231594427337, -0.9965923912568178666, 0.000000000000000000 ) ) ;
#1100 = FACE_OUTER_BOUND ( 'NONE', #1336, .T. ) ;
#1101 = DIRECTION ( 'NONE',  ( 0.000000000000000000, 0.000000000000000000, 1.000000000000000000 ) ) ;
#1102 = AXIS2_PLACEMENT_3D ( 'NONE', #220, #21, #1178 ) ;
#1103 = PRESENTATION_STYLE_ASSIGNMENT (( #180 ) ) ;
#1104 = ORIENTED_EDGE ( 'NONE', *, *, #1858, .F. ) ;
#1105 = FACE_OUTER_BOUND ( 'NONE', #444, .T. ) ;
#1106 = CARTESIAN_POINT ( 'NONE',  ( -3.976022282622954762, -1.574745191694783442, -0.6200000000000001066 ) ) ;
#1107 = VERTEX_POINT ( 'NONE', #1082 ) ;
#1108 = LINE ( 'NONE', #554, #729 ) ;
#1109 = MECHANICAL_DESIGN_GEOMETRIC_PRESENTATION_REPRESENTATION (  '', ( #2882 ), #1774 ) ;
#1110 = ORIENTED_EDGE ( 'NONE', *, *, #1307, .F. ) ;
#1111 = EDGE_CURVE ( 'NONE', #1835, #1933, #2079, .T. ) ;
#1112 = SURFACE_STYLE_FILL_AREA ( #1097 ) ;
#1113 = ADVANCED_FACE ( 'NONE', ( #1772 ), #96, .F. ) ;
#1114 = DIRECTION ( 'NONE',  ( 1.000000000000000000, 0.000000000000000000, 0.000000000000000000 ) ) ;
#1115 = LINE ( 'NONE', #406, #1892 ) ;
#1116 = EDGE_CURVE ( 'NONE', #858, #989, #1569, .T. ) ;
#1117 = CARTESIAN_POINT ( 'NONE',  ( 3.810000000000000941, 0.1249999999999691080, -1.520000000000000018 ) ) ;
#1118 = CARTESIAN_POINT ( 'NONE',  ( 4.108977717377046979, -0.1502548083052476779, 0.6200000000000001066 ) ) ;
#1119 = ADVANCED_FACE ( 'NONE', ( #2062 ), #2028, .T. ) ;
#1120 = PLANE ( 'NONE',  #310 ) ;
#1121 = AXIS2_PLACEMENT_3D ( 'NONE', #1628, #2136, #454 ) ;
#1122 = ORIENTED_EDGE ( 'NONE', *, *, #1515, .F. ) ;
#1123 = UNCERTAINTY_MEASURE_WITH_UNIT (LENGTH_MEASURE( 1.000000000000000082E-05 ), #1014, 'distance_accuracy_value', 'NONE');
#1124 = CARTESIAN_POINT ( 'NONE',  ( -2.963468656348744013, -1.750000000000000000, -2.003468656348744048 ) ) ;
#1125 = VECTOR ( 'NONE', #1545, 1000.000000000000000 ) ;
#1126 = DIRECTION ( 'NONE',  ( 1.000000000000000000, 7.228014483236697541E-16, 0.000000000000000000 ) ) ;
#1127 = ORIENTED_EDGE ( 'NONE', *, *, #2284, .F. ) ;
#1128 = CARTESIAN_POINT ( 'NONE',  ( -5.371032662688050685, -1.850000000000000533, 1.623967337311951864 ) ) ;
#1129 = ORIENTED_EDGE ( 'NONE', *, *, #1282, .F. ) ;
#1130 = MECHANICAL_DESIGN_GEOMETRIC_PRESENTATION_REPRESENTATION (  '', ( #1738 ), #1438 ) ;
#1131 = FILL_AREA_STYLE_COLOUR ( '', #2163 ) ;
#1132 = FILL_AREA_STYLE ('',( #1837 ) ) ;
#1133 = CARTESIAN_POINT ( 'NONE',  ( -25.00000000000000000, -0.8750000000000308642, -1.520000000000000018 ) ) ;
#1134 = DIRECTION ( 'NONE',  ( -0.9965923912568179777, -0.08248397231594428725, 0.000000000000000000 ) ) ;
#1135 = PRESENTATION_STYLE_ASSIGNMENT (( #206 ) ) ;
#1136 = AXIS2_PLACEMENT_3D ( 'NONE', #2992, #1794, #1760 ) ;
#1137 = CARTESIAN_POINT ( 'NONE',  ( -4.767065325376100837, -23.25000000000000000, 1.020000000000000018 ) ) ;
#1138 = CARTESIAN_POINT ( 'NONE',  ( -3.250000000000000000, 0.1249999999999691080, 2.290000000000000036 ) ) ;
#1139 = VERTEX_POINT ( 'NONE', #349 ) ;
#1140 = FACE_OUTER_BOUND ( 'NONE', #2006, .T. ) ;
#1141 = VECTOR ( 'NONE', #2147, 1000.000000000000000 ) ;
#1142 = DIRECTION ( 'NONE',  ( -1.000000000000000000, 1.627809783326294483E-16, 0.000000000000000000 ) ) ;
#1143 = VECTOR ( 'NONE', #2596, 1000.000000000000000 ) ;
#1144 = ORIENTED_EDGE ( 'NONE', *, *, #1858, .T. ) ;
#1145 = DIRECTION ( 'NONE',  ( -1.000000000000000000, 2.710505431213757141E-16, 0.000000000000000000 ) ) ;
#1146 = VERTEX_POINT ( 'NONE', #2725 ) ;
#1147 = VECTOR ( 'NONE', #654, 1000.000000000000000 ) ;
#1148 = DIRECTION ( 'NONE',  ( -0.000000000000000000, 1.000000000000000000, -0.000000000000000000 ) ) ;
#1149 = PLANE ( 'NONE',  #996 ) ;
#1150 = EDGE_CURVE ( 'NONE', #1399, #1217, #2335, .T. ) ;
#1151 = ORIENTED_EDGE ( 'NONE', *, *, #882, .F. ) ;
#1152 = EDGE_CURVE ( 'NONE', #3026, #925, #2739, .T. ) ;
#1153 = LINE ( 'NONE', #195, #1141 ) ;
#1154 = LINE ( 'NONE', #766, #171 ) ;
#1155 = ORIENTED_EDGE ( 'NONE', *, *, #2715, .T. ) ;
#1156 = ADVANCED_FACE ( 'NONE', ( #3008 ), #2522, .F. ) ;
#1157 = ORIENTED_EDGE ( 'NONE', *, *, #2346, .F. ) ;
#1158 = VECTOR ( 'NONE', #3063, 1000.000000000000000 ) ;
#1159 = DIRECTION ( 'NONE',  ( 0.000000000000000000, 0.000000000000000000, -1.000000000000000000 ) ) ;
#1160 = ORIENTED_EDGE ( 'NONE', *, *, #1353, .T. ) ;
#1161 = FACE_OUTER_BOUND ( 'NONE', #739, .T. ) ;
#1162 = LINE ( 'NONE', #1118, #602 ) ;
#1163 = ORIENTED_EDGE ( 'NONE', *, *, #2228, .F. ) ;
#1164 =( NAMED_UNIT ( * ) SI_UNIT ( $, .STERADIAN. ) SOLID_ANGLE_UNIT ( ) );
#1165 = LINE ( 'NONE', #3114, #1290 ) ;
#1166 = DIRECTION ( 'NONE',  ( 0.000000000000000000, 0.000000000000000000, -1.000000000000000000 ) ) ;
#1167 = ADVANCED_FACE ( 'NONE', ( #828 ), #1536, .F. ) ;
#1168 = CIRCLE ( 'NONE', #216, 0.1499999999999999667 ) ;
#1169 = ORIENTED_EDGE ( 'NONE', *, *, #2497, .T. ) ;
#1170 = LINE ( 'NONE', #1429, #1143 ) ;
#1171 = VERTEX_POINT ( 'NONE', #2771 ) ;
#1172 = VECTOR ( 'NONE', #1577, 1000.000000000000114 ) ;
#1173 = CARTESIAN_POINT ( 'NONE',  ( -4.767065325376100837, -23.25000000000000000, -1.020000000000000018 ) ) ;
#1174 = VECTOR ( 'NONE', #2412, 1000.000000000000000 ) ;
#1175 = ADVANCED_FACE ( 'NONE', ( #3027 ), #1049, .T. ) ;
#1176 = ORIENTED_EDGE ( 'NONE', *, *, #1196, .F. ) ;
#1177 = ORIENTED_EDGE ( 'NONE', *, *, #865, .T. ) ;
#1178 = DIRECTION ( 'NONE',  ( -1.000000000000000000, 0.000000000000000000, 0.000000000000000000 ) ) ;
#1179 = AXIS2_PLACEMENT_3D ( 'NONE', #2226, #959, #751 ) ;
#1180 = VECTOR ( 'NONE', #2504, 1000.000000000000000 ) ;
#1181 = PLANE ( 'NONE',  #3070 ) ;
#1182 = VECTOR ( 'NONE', #2470, 1000.000000000000227 ) ;
#1183 = CARTESIAN_POINT ( 'NONE',  ( -2.963468656348744013, -1.750000000000000000, -2.290000000000000036 ) ) ;
#1184 = ORIENTED_EDGE ( 'NONE', *, *, #2880, .F. ) ;
#1185 = LINE ( 'NONE', #3130, #337 ) ;
#1186 = LINE ( 'NONE', #1442, #507 ) ;
#1187 = ORIENTED_EDGE ( 'NONE', *, *, #620, .T. ) ;
#1188 = CARTESIAN_POINT ( 'NONE',  ( 3.976022282622954762, -1.574745191694783664, 0.6200000000000001066 ) ) ;
#1189 = ADVANCED_FACE ( 'NONE', ( #1323 ), #540, .T. ) ;
#1190 = ORIENTED_EDGE ( 'NONE', *, *, #2096, .T. ) ;
#1191 = LINE ( 'NONE', #2334, #255 ) ;
#1192 = AXIS2_PLACEMENT_3D ( 'NONE', #2751, #572, #857 ) ;
#1193 = VECTOR ( 'NONE', #14, 1000.000000000000000 ) ;
#1194 = AXIS2_PLACEMENT_3D ( 'NONE', #1561, #1813, #3054 ) ;
#1195 = ORIENTED_EDGE ( 'NONE', *, *, #2743, .F. ) ;
#1196 = EDGE_CURVE ( 'NONE', #138, #2996, #1269, .T. ) ;
#1197 = ORIENTED_EDGE ( 'NONE', *, *, #1656, .T. ) ;
#1198 = CARTESIAN_POINT ( 'NONE',  ( 3.250000000000000000, 1.750000000000000000, -2.290000000000000036 ) ) ;
#1199 = CARTESIAN_POINT ( 'NONE',  ( 4.108977717377046091, -0.1502548083052476502, -0.6200000000000001066 ) ) ;
#1200 = CARTESIAN_POINT ( 'NONE',  ( -5.075000000000001066, -1.850000000000000533, 0.6200000000000001066 ) ) ;
#1201 = DIRECTION ( 'NONE',  ( 0.7071067811865462405, -6.497605520585456774E-16, -0.7071067811865489050 ) ) ;
#1202 = ORIENTED_EDGE ( 'NONE', *, *, #920, .F. ) ;
#1203 = CYLINDRICAL_SURFACE ( 'NONE', #1608, 0.3000000000000007661 ) ;
#1204 = VERTEX_POINT ( 'NONE', #2991 ) ;
#1205 = PLANE ( 'NONE',  #2482 ) ;
#1206 = CARTESIAN_POINT ( 'NONE',  ( -4.108977717377046979, -0.1502548083052476779, -0.6200000000000001066 ) ) ;
#1207 = CIRCLE ( 'NONE', #2782, 0.1499999999999999667 ) ;
#1208 = EDGE_CURVE ( 'NONE', #283, #1399, #2303, .T. ) ;
#1209 = ORIENTED_EDGE ( 'NONE', *, *, #1387, .T. ) ;
#1210 = EDGE_CURVE ( 'NONE', #2, #1392, #1995, .T. ) ;
#1211 =( LENGTH_UNIT ( ) NAMED_UNIT ( * ) SI_UNIT ( .MILLI., .METRE. ) );
#1212 = CARTESIAN_POINT ( 'NONE',  ( 4.767065325376100837, -1.600000000000000755, 1.020000000000000018 ) ) ;
#1213 = ORIENTED_EDGE ( 'NONE', *, *, #2671, .T. ) ;
#1214 = FACE_OUTER_BOUND ( 'NONE', #518, .T. ) ;
#1215 = SURFACE_SIDE_STYLE ('',( #274 ) ) ;
#1216 = EDGE_CURVE ( 'NONE', #470, #275, #1584, .T. ) ;
#1217 = VERTEX_POINT ( 'NONE', #898 ) ;
#1218 = EDGE_LOOP ( 'NONE', ( #1408, #166, #2561, #2514 ) ) ;
#1219 = CARTESIAN_POINT ( 'NONE',  ( -4.108977717377046979, -0.1502548083052476779, 1.520000000000000018 ) ) ;
#1220 = DIRECTION ( 'NONE',  ( -0.000000000000000000, -0.000000000000000000, -1.000000000000000000 ) ) ;
#1221 = VECTOR ( 'NONE', #633, 1000.000000000000000 ) ;
#1222 = DIRECTION ( 'NONE',  ( -0.9965923912568180887, 0.08248397231594294110, 0.000000000000000000 ) ) ;
#1223 = EDGE_CURVE ( 'NONE', #2425, #2443, #1207, .T. ) ;
#1224 = DIRECTION ( 'NONE',  ( -1.000000000000000000, 2.710505431213757141E-16, 0.000000000000000000 ) ) ;
#1225 =( GEOMETRIC_REPRESENTATION_CONTEXT ( 3 ) GLOBAL_UNCERTAINTY_ASSIGNED_CONTEXT ( ( #2121 ) ) GLOBAL_UNIT_ASSIGNED_CONTEXT ( ( #2003, #2560, #1089 ) ) REPRESENTATION_CONTEXT ( 'NONE', 'WORKASPACE' ) );
#1226 = DIRECTION ( 'NONE',  ( 0.000000000000000000, 0.000000000000000000, 1.000000000000000000 ) ) ;
#1227 = ORIENTED_EDGE ( 'NONE', *, *, #2688, .T. ) ;
#1228 = PLANE ( 'NONE',  #727 ) ;
#1229 = CARTESIAN_POINT ( 'NONE',  ( -4.108977717377046979, -0.1502548083052476779, -1.520000000000000018 ) ) ;
#1230 =( GEOMETRIC_REPRESENTATION_CONTEXT ( 3 ) GLOBAL_UNCERTAINTY_ASSIGNED_CONTEXT ( ( #340 ) ) GLOBAL_UNIT_ASSIGNED_CONTEXT ( ( #641, #2989, #360 ) ) REPRESENTATION_CONTEXT ( 'NONE', 'WORKASPACE' ) );
#1231 = EDGE_LOOP ( 'NONE', ( #210, #1068, #443, #125, #1155, #3013 ) ) ;
#1232 = CARTESIAN_POINT ( 'NONE',  ( 4.168961982611580019, -0.8750000000000308642, 1.920000000000000151 ) ) ;
#1233 = DIRECTION ( 'NONE',  ( -0.000000000000000000, 1.000000000000000000, -0.000000000000000000 ) ) ;
#1234 = DIRECTION ( 'NONE',  ( -0.000000000000000000, -0.000000000000000000, -1.000000000000000000 ) ) ;
#1235 = DIRECTION ( 'NONE',  ( 0.000000000000000000, 0.000000000000000000, 1.000000000000000000 ) ) ;
#1236 = FILL_AREA_STYLE_COLOUR ( '', #1570 ) ;
#1237 = EDGE_CURVE ( 'NONE', #3031, #2048, #1368, .T. ) ;
#1238 = FILL_AREA_STYLE ('',( #2659 ) ) ;
#1239 = VERTEX_POINT ( 'NONE', #230 ) ;
#1240 = DIRECTION ( 'NONE',  ( -0.000000000000000000, -0.000000000000000000, -1.000000000000000000 ) ) ;
#1241 = DIRECTION ( 'NONE',  ( 0.000000000000000000, 0.000000000000000000, 1.000000000000000000 ) ) ;
#1242 = EDGE_CURVE ( 'NONE', #1687, #3100, #2349, .T. ) ;
#1243 = VERTEX_POINT ( 'NONE', #2650 ) ;
#1244 = LINE ( 'NONE', #488, #1193 ) ;
#1245 = ORIENTED_EDGE ( 'NONE', *, *, #347, .T. ) ;
#1246 = CARTESIAN_POINT ( 'NONE',  ( 4.168961982611580019, -0.8750000000000308642, -0.6200000000000001066 ) ) ;
#1247 = ADVANCED_FACE ( 'NONE', ( #392 ), #1447, .F. ) ;
#1248 = CARTESIAN_POINT ( 'NONE',  ( 3.976022282622954762, -1.574745191694783442, -1.920000000000000151 ) ) ;
#1249 =( GEOMETRIC_REPRESENTATION_CONTEXT ( 3 ) GLOBAL_UNCERTAINTY_ASSIGNED_CONTEXT ( ( #582 ) ) GLOBAL_UNIT_ASSIGNED_CONTEXT ( ( #700, #240, #299 ) ) REPRESENTATION_CONTEXT ( 'NONE', 'WORKASPACE' ) );
#1250 = DIRECTION ( 'NONE',  ( 0.9965923912568180887, 0.08248397231594294110, -0.000000000000000000 ) ) ;
#1251 = VERTEX_POINT ( 'NONE', #1354 ) ;
#1252 = DIRECTION ( 'NONE',  ( -0.7071067811865462405, 0.000000000000000000, 0.7071067811865489050 ) ) ;
#1253 = AXIS2_PLACEMENT_3D ( 'NONE', #2859, #2377, #409 ) ;
#1254 = DIRECTION ( 'NONE',  ( -0.000000000000000000, -0.000000000000000000, -1.000000000000000000 ) ) ;
#1255 = VECTOR ( 'NONE', #2591, 1000.000000000000000 ) ;
#1256 = VERTEX_POINT ( 'NONE', #708 ) ;
#1257 = CARTESIAN_POINT ( 'NONE',  ( 4.367065325376102258, -23.25000000000000000, -0.6200000000000001066 ) ) ;
#1258 = LINE ( 'NONE', #1021, #64 ) ;
#1259 = ORIENTED_EDGE ( 'NONE', *, *, #953, .F. ) ;
#1260 = CARTESIAN_POINT ( 'NONE',  ( -25.00000000000000000, -0.8750000000000308642, 1.520000000000000018 ) ) ;
#1261 = ORIENTED_EDGE ( 'NONE', *, *, #2963, .T. ) ;
#1262 = PLANE ( 'NONE',  #124 ) ;
#1263 = ADVANCED_FACE ( 'NONE', ( #1620 ), #1205, .F. ) ;
#1264 = VERTEX_POINT ( 'NONE', #1385 ) ;
#1265 = DIRECTION ( 'NONE',  ( -0.000000000000000000, -0.000000000000000000, -1.000000000000000000 ) ) ;
#1266 = STYLED_ITEM ( 'NONE', ( #2213 ), #1916 ) ;
#1267 = PLANE ( 'NONE',  #2406 ) ;
#1268 = EDGE_LOOP ( 'NONE', ( #3095, #3033, #669, #2428 ) ) ;
#1269 = LINE ( 'NONE', #2254, #851 ) ;
#1270 = CARTESIAN_POINT ( 'NONE',  ( -3.717934674623899927, -0.1250000000000308364, 0.6200000000000001066 ) ) ;
#1271 = EDGE_CURVE ( 'NONE', #2750, #1658, #1191, .T. ) ;
#1272 = VECTOR ( 'NONE', #1728, 1000.000000000000227 ) ;
#1273 = CARTESIAN_POINT ( 'NONE',  ( -4.367065325376102258, -1.450000000000000178, 1.920000000000000151 ) ) ;
#1274 = DIRECTION ( 'NONE',  ( -0.000000000000000000, -0.000000000000000000, -1.000000000000000000 ) ) ;
#1275 = ORIENTED_EDGE ( 'NONE', *, *, #1237, .F. ) ;
#1276 = PLANE ( 'NONE',  #3111 ) ;
#1277 = ORIENTED_EDGE ( 'NONE', *, *, #1751, .F. ) ;
#1278 = DIRECTION ( 'NONE',  ( -1.000000000000000000, 0.000000000000000000, -0.000000000000000000 ) ) ;
#1279 = FACE_OUTER_BOUND ( 'NONE', #1810, .T. ) ;
#1280 = AXIS2_PLACEMENT_3D ( 'NONE', #1273, #1343, #1999 ) ;
#1281 = VERTEX_POINT ( 'NONE', #421 ) ;
#1282 = EDGE_CURVE ( 'NONE', #925, #248, #921, .T. ) ;
#1283 = LINE ( 'NONE', #2548, #3077 ) ;
#1284 = AXIS2_PLACEMENT_3D ( 'NONE', #494, #2236, #1470 ) ;
#1285 = COLOUR_RGB ( '',0.8941176470588234615, 0.8941176470588234615, 0.8941176470588234615 ) ;
#1286 = FACE_OUTER_BOUND ( 'NONE', #2060, .T. ) ;
#1287 = PRODUCT_RELATED_PRODUCT_CATEGORY ( 'part', '', ( #1904 ) ) ;
#1288 = ORIENTED_EDGE ( 'NONE', *, *, #1093, .T. ) ;
#1289 = CYLINDRICAL_SURFACE ( 'NONE', #221, 0.1499999999999999667 ) ;
#1290 = VECTOR ( 'NONE', #1654, 1000.000000000000000 ) ;
#1291 = VECTOR ( 'NONE', #1499, 1000.000000000000000 ) ;
#1292 = EDGE_CURVE ( 'NONE', #1243, #1171, #1929, .T. ) ;
#1293 = LINE ( 'NONE', #300, #1872 ) ;
#1294 = CARTESIAN_POINT ( 'NONE',  ( -1.719785658213591528, -0.1250000000000311695, 0.6200000000000001066 ) ) ;
#1295 = CARTESIAN_POINT ( 'NONE',  ( 0.000000000000000000, 1.750000000000000000, 2.003468656348744048 ) ) ;
#1296 = ORIENTED_EDGE ( 'NONE', *, *, #915, .T. ) ;
#1297 = LINE ( 'NONE', #103, #2846 ) ;
#1298 = VERTEX_POINT ( 'NONE', #875 ) ;
#1299 = CARTESIAN_POINT ( 'NONE',  ( 5.075000000000001066, -1.850000000000000977, -1.020000000000000018 ) ) ;
#1300 = PLANE ( 'NONE',  #172 ) ;
#1301 = EDGE_LOOP ( 'NONE', ( #2379, #553, #1508, #458, #2217, #193, #769, #603 ) ) ;
#1302 = DIRECTION ( 'NONE',  ( -0.000000000000000000, 1.000000000000000000, -0.000000000000000000 ) ) ;
#1303 = LINE ( 'NONE', #94, #1693 ) ;
#1304 = EDGE_LOOP ( 'NONE', ( #789, #827, #2437, #1296, #2744, #2466, #1075, #3132 ) ) ;
#1305 = DIRECTION ( 'NONE',  ( -0.000000000000000000, -0.000000000000000000, -1.000000000000000000 ) ) ;
#1306 = DIRECTION ( 'NONE',  ( 0.000000000000000000, 0.000000000000000000, -1.000000000000000000 ) ) ;
#1307 = EDGE_CURVE ( 'NONE', #2826, #252, #1115, .T. ) ;
#1308 = LINE ( 'NONE', #2029, #2407 ) ;
#1309 = LINE ( 'NONE', #1370, #771 ) ;
#1310 = ADVANCED_FACE ( 'NONE', ( #2077 ), #3062, .F. ) ;
#1311 = FACE_OUTER_BOUND ( 'NONE', #917, .T. ) ;
#1312 = EDGE_LOOP ( 'NONE', ( #1059, #490, #2730, #431 ) ) ;
#1313 = DIRECTION ( 'NONE',  ( -0.9848077530122086864, -0.1736481776669273336, -0.000000000000000000 ) ) ;
#1314 = ORIENTED_EDGE ( 'NONE', *, *, #2981, .F. ) ;
#1315 = CARTESIAN_POINT ( 'NONE',  ( -3.918107167550506809, -0.8750000000000309752, -0.6200000000000001066 ) ) ;
#1316 = LINE ( 'NONE', #837, #2148 ) ;
#1317 = EDGE_CURVE ( 'NONE', #388, #2526, #1534, .T. ) ;
#1318 = ORIENTED_EDGE ( 'NONE', *, *, #2073, .T. ) ;
#1319 = LINE ( 'NONE', #1060, #85 ) ;
#1320 = EDGE_CURVE ( 'NONE', #925, #169, #250, .T. ) ;
#1321 = DIRECTION ( 'NONE',  ( 0.000000000000000000, -0.000000000000000000, -1.000000000000000000 ) ) ;
#1322 = EDGE_LOOP ( 'NONE', ( #1559, #1981, #1928, #2762 ) ) ;
#1323 = FACE_OUTER_BOUND ( 'NONE', #1790, .T. ) ;
#1324 = VECTOR ( 'NONE', #10, 1000.000000000000000 ) ;
#1325 = DIRECTION ( 'NONE',  ( -0.000000000000000000, 1.000000000000000000, -0.000000000000000000 ) ) ;
#1326 = ADVANCED_FACE ( 'NONE', ( #3078 ), #1341, .F. ) ;
#1327 = CARTESIAN_POINT ( 'NONE',  ( -4.767065325376099949, -1.850000000000000533, -1.020000000000000018 ) ) ;
#1328 =( NAMED_UNIT ( * ) PLANE_ANGLE_UNIT ( ) SI_UNIT ( $, .RADIAN. ) );
#1329 = ORIENTED_EDGE ( 'NONE', *, *, #2096, .F. ) ;
#1330 = STYLED_ITEM ( 'NONE', ( #874 ), #3119 ) ;
#1331 = CARTESIAN_POINT ( 'NONE',  ( 4.275000000000000355, -1.550000000000000266, -0.6200000000000001066 ) ) ;
#1332 = CARTESIAN_POINT ( 'NONE',  ( -5.075000000000001066, -23.25000000000000000, -1.020000000000000018 ) ) ;
#1333 = AXIS2_PLACEMENT_3D ( 'NONE', #3083, #1890, #901 ) ;
#1334 = VERTEX_POINT ( 'NONE', #148 ) ;
#1335 = DIRECTION ( 'NONE',  ( -1.000000000000000000, 0.000000000000000000, 0.000000000000000000 ) ) ;
#1336 = EDGE_LOOP ( 'NONE', ( #1245, #638, #1478, #288 ) ) ;
#1337 = VECTOR ( 'NONE', #830, 1000.000000000000227 ) ;
#1338 = AXIS2_PLACEMENT_3D ( 'NONE', #420, #1661, #938 ) ;
#1339 = VECTOR ( 'NONE', #2973, 1000.000000000000000 ) ;
#1340 = CARTESIAN_POINT ( 'NONE',  ( 3.250000000000000000, -0.1249999999999691080, 2.290000000000000036 ) ) ;
#1341 = CYLINDRICAL_SURFACE ( 'NONE', #1377, 0.1499999999999999667 ) ;
#1342 = CARTESIAN_POINT ( 'NONE',  ( -4.108977717377046979, -0.1502548083052476779, 0.6200000000000001066 ) ) ;
#1343 = DIRECTION ( 'NONE',  ( -0.000000000000000000, -0.000000000000000000, -1.000000000000000000 ) ) ;
#1344 = AXIS2_PLACEMENT_3D ( 'NONE', #201, #1931, #3091 ) ;
#1345 = ORIENTED_EDGE ( 'NONE', *, *, #40, .F. ) ;
#1346 = FILL_AREA_STYLE_COLOUR ( '', #2799 ) ;
#1347 = PRESENTATION_STYLE_ASSIGNMENT (( #2278 ) ) ;
#1348 = DIRECTION ( 'NONE',  ( 0.9965923912568179777, -0.08248397231594428725, 0.000000000000000000 ) ) ;
#1349 = EDGE_CURVE ( 'NONE', #374, #1256, #643, .T. ) ;
#1350 = ORIENTED_EDGE ( 'NONE', *, *, #2783, .F. ) ;
#1351 = DIRECTION ( 'NONE',  ( -1.000000000000000000, 0.000000000000000000, 0.000000000000000000 ) ) ;
#1352 = ORIENTED_EDGE ( 'NONE', *, *, #1629, .T. ) ;
#1353 = EDGE_CURVE ( 'NONE', #2302, #158, #2798, .T. ) ;
#1354 = CARTESIAN_POINT ( 'NONE',  ( 2.963468656348744013, -1.750000000000000000, 2.003468656348744048 ) ) ;
#1355 = CARTESIAN_POINT ( 'NONE',  ( 4.367065325376102258, -23.25000000000000000, -0.6200000000000001066 ) ) ;
#1356 = CARTESIAN_POINT ( 'NONE',  ( 5.075000000000001066, -1.850000000000000533, -1.020000000000000018 ) ) ;
#1357 = VERTEX_POINT ( 'NONE', #491 ) ;
#1358 = AXIS2_PLACEMENT_3D ( 'NONE', #113, #1063, #1758 ) ;
#1359 = SURFACE_SIDE_STYLE ('',( #1876 ) ) ;
#1360 = ORIENTED_EDGE ( 'NONE', *, *, #656, .F. ) ;
#1361 = LINE ( 'NONE', #167, #3075 ) ;
#1362 = CARTESIAN_POINT ( 'NONE',  ( -3.717934674623899927, -0.1250000000000308364, -0.6200000000000001066 ) ) ;
#1363 = VERTEX_POINT ( 'NONE', #2218 ) ;
#1364 = VECTOR ( 'NONE', #1666, 1000.000000000000000 ) ;
#1365 = EDGE_LOOP ( 'NONE', ( #767, #19, #1942, #2309 ) ) ;
#1366 = PLANE ( 'NONE',  #2219 ) ;
#1367 = DIRECTION ( 'NONE',  ( 0.000000000000000000, -1.000000000000000000, 0.000000000000000000 ) ) ;
#1368 = LINE ( 'NONE', #862, #1411 ) ;
#1369 = DIRECTION ( 'NONE',  ( -1.000000000000000000, 0.000000000000000000, -0.000000000000000000 ) ) ;
#1370 = CARTESIAN_POINT ( 'NONE',  ( -1.719785658213591528, 0.1249999999999691080, 0.6200000000000001066 ) ) ;
#1371 = DIRECTION ( 'NONE',  ( 0.000000000000000000, 0.000000000000000000, 1.000000000000000000 ) ) ;
#1372 = AXIS2_PLACEMENT_3D ( 'NONE', #382, #1797, #2525 ) ;
#1373 = CARTESIAN_POINT ( 'NONE',  ( 3.717934674623899927, -0.1250000000000308087, -1.520000000000000018 ) ) ;
#1374 = ORIENTED_EDGE ( 'NONE', *, *, #3000, .F. ) ;
#1375 = UNCERTAINTY_MEASURE_WITH_UNIT (LENGTH_MEASURE( 1.000000000000000082E-05 ), #1882, 'distance_accuracy_value', 'NONE');
#1376 = DIRECTION ( 'NONE',  ( -1.000000000000000000, -2.710505431213757141E-16, 0.000000000000000000 ) ) ;
#1377 = AXIS2_PLACEMENT_3D ( 'NONE', #2185, #2817, #2321 ) ;
#1378 = PLANE ( 'NONE',  #2499 ) ;
#1379 = ORIENTED_EDGE ( 'NONE', *, *, #173, .T. ) ;
#1380 = CARTESIAN_POINT ( 'NONE',  ( 4.721032662688050330, -1.850000000000000533, 1.566032662688050747 ) ) ;
#1381 = ORIENTED_EDGE ( 'NONE', *, *, #2556, .F. ) ;
#1382 = VECTOR ( 'NONE', #86, 1000.000000000000000 ) ;
#1383 = EDGE_CURVE ( 'NONE', #1763, #2492, #1466, .T. ) ;
#1384 = PRESENTATION_STYLE_ASSIGNMENT (( #2887 ) ) ;
#1385 = CARTESIAN_POINT ( 'NONE',  ( -4.767065325376100837, -1.850000000000000533, 1.020000000000000018 ) ) ;
#1386 = AXIS2_PLACEMENT_3D ( 'NONE', #2752, #1046, #1550 ) ;
#1387 = EDGE_CURVE ( 'NONE', #2211, #609, #278, .T. ) ;
#1388 = ADVANCED_FACE ( 'NONE', ( #2005 ), #309, .F. ) ;
#1389 = CARTESIAN_POINT ( 'NONE',  ( -3.250000000000000000, 0.1249999999999691080, 2.290000000000000036 ) ) ;
#1390 = LINE ( 'NONE', #448, #3044 ) ;
#1391 = EDGE_CURVE ( 'NONE', #1204, #245, #537, .T. ) ;
#1392 = VERTEX_POINT ( 'NONE', #2434 ) ;
#1393 = DIRECTION ( 'NONE',  ( -0.08248397231594427337, 0.9965923912568178666, -0.000000000000000000 ) ) ;
#1394 = ORIENTED_EDGE ( 'NONE', *, *, #2963, .F. ) ;
#1395 = CARTESIAN_POINT ( 'NONE',  ( 1.719785658213591528, 0.1249999999999691080, -0.6200000000000001066 ) ) ;
#1396 = VECTOR ( 'NONE', #38, 1000.000000000000000 ) ;
#1397 = LINE ( 'NONE', #1426, #1531 ) ;
#1398 = AXIS2_PLACEMENT_3D ( 'NONE', #58, #1960, #726 ) ;
#1399 = VERTEX_POINT ( 'NONE', #1219 ) ;
#1400 = LINE ( 'NONE', #1128, #639 ) ;
#1401 = ORIENTED_EDGE ( 'NONE', *, *, #992, .F. ) ;
#1402 = CARTESIAN_POINT ( 'NONE',  ( 1.719785658213591528, -0.1250000000000311695, 0.6200000000000001066 ) ) ;
#1403 = ORIENTED_EDGE ( 'NONE', *, *, #239, .F. ) ;
#1404 = DIRECTION ( 'NONE',  ( 0.7071067811865462405, -6.497605520585456774E-16, -0.7071067811865489050 ) ) ;
#1405 = EDGE_CURVE ( 'NONE', #414, #361, #1511, .T. ) ;
#1406 = LINE ( 'NONE', #1356, #1158 ) ;
#1407 = ORIENTED_EDGE ( 'NONE', *, *, #523, .F. ) ;
#1408 = ORIENTED_EDGE ( 'NONE', *, *, #893, .T. ) ;
#1409 = CARTESIAN_POINT ( 'NONE',  ( -4.108977717377046979, -0.1502548083052476779, 1.920000000000000151 ) ) ;
#1410 = CARTESIAN_POINT ( 'NONE',  ( 3.717934674623899927, -0.1250000000000308364, -0.6200000000000001066 ) ) ;
#1411 = VECTOR ( 'NONE', #2598, 1000.000000000000000 ) ;
#1412 = ORIENTED_EDGE ( 'NONE', *, *, #199, .T. ) ;
#1413 = CARTESIAN_POINT ( 'NONE',  ( -3.250000000000000000, -0.1249999999999691080, 2.290000000000000036 ) ) ;
#1414 = ADVANCED_FACE ( 'NONE', ( #2264 ), #1262, .F. ) ;
#1415 = VERTEX_POINT ( 'NONE', #1958 ) ;
#1416 = VECTOR ( 'NONE', #2613, 1000.000000000000000 ) ;
#1417 = LINE ( 'NONE', #1633, #833 ) ;
#1418 = EDGE_CURVE ( 'NONE', #142, #858, #724, .T. ) ;
#1419 = EDGE_LOOP ( 'NONE', ( #648, #1883, #1379, #1778 ) ) ;
#1420 = PLANE ( 'NONE',  #204 ) ;
#1421 = EDGE_CURVE ( 'NONE', #1714, #1251, #981, .T. ) ;
#1422 = FACE_OUTER_BOUND ( 'NONE', #932, .T. ) ;
#1423 = DIRECTION ( 'NONE',  ( 0.000000000000000000, 0.000000000000000000, 1.000000000000000000 ) ) ;
#1424 = ORIENTED_EDGE ( 'NONE', *, *, #2477, .F. ) ;
#1425 = DIRECTION ( 'NONE',  ( 0.000000000000000000, -1.000000000000000000, -0.000000000000000000 ) ) ;
#1426 = CARTESIAN_POINT ( 'NONE',  ( -3.717934674623899927, -0.1250000000000308364, -1.520000000000000018 ) ) ;
#1427 = VECTOR ( 'NONE', #1522, 1000.000000000000000 ) ;
#1428 = ORIENTED_EDGE ( 'NONE', *, *, #1431, .F. ) ;
#1429 = CARTESIAN_POINT ( 'NONE',  ( 3.976022282622954762, -1.574745191694783664, -0.6200000000000001066 ) ) ;
#1430 = ORIENTED_EDGE ( 'NONE', *, *, #418, .F. ) ;
#1431 = EDGE_CURVE ( 'NONE', #2425, #1459, #995, .T. ) ;
#1432 = FILL_AREA_STYLE ('',( #2141 ) ) ;
#1433 = COLOUR_RGB ( '',0.2666666666666666630, 0.2666666666666666630, 0.2666666666666666630 ) ;
#1434 = UNCERTAINTY_MEASURE_WITH_UNIT (LENGTH_MEASURE( 1.000000000000000082E-05 ), #3104, 'distance_accuracy_value', 'NONE');
#1435 = EDGE_LOOP ( 'NONE', ( #2002, #1177, #2339, #2105 ) ) ;
#1436 = ORIENTED_EDGE ( 'NONE', *, *, #1418, .T. ) ;
#1437 = AXIS2_PLACEMENT_3D ( 'NONE', #1775, #100, #2741 ) ;
#1438 =( GEOMETRIC_REPRESENTATION_CONTEXT ( 3 ) GLOBAL_UNCERTAINTY_ASSIGNED_CONTEXT ( ( #521 ) ) GLOBAL_UNIT_ASSIGNED_CONTEXT ( ( #630, #1638, #1164 ) ) REPRESENTATION_CONTEXT ( 'NONE', 'WORKASPACE' ) );
#1439 = AXIS2_PLACEMENT_3D ( 'NONE', #282, #1250, #1947 ) ;
#1440 = MECHANICAL_DESIGN_GEOMETRIC_PRESENTATION_REPRESENTATION (  '', ( #1549 ), #1695 ) ;
#1441 = LINE ( 'NONE', #1953, #624 ) ;
#1442 = CARTESIAN_POINT ( 'NONE',  ( 5.075000000000001066, -23.25000000000000000, -1.020000000000000018 ) ) ;
#1443 = ORIENTED_EDGE ( 'NONE', *, *, #2743, .T. ) ;
#1444 = DIRECTION ( 'NONE',  ( -0.000000000000000000, -0.000000000000000000, -1.000000000000000000 ) ) ;
#1445 = VECTOR ( 'NONE', #1742, 1000.000000000000000 ) ;
#1446 = ORIENTED_EDGE ( 'NONE', *, *, #2805, .T. ) ;
#1447 = PLANE ( 'NONE',  #51 ) ;
#1448 = EDGE_CURVE ( 'NONE', #2851, #825, #522, .T. ) ;
#1449 = EDGE_CURVE ( 'NONE', #2986, #169, #787, .T. ) ;
#1450 = CARTESIAN_POINT ( 'NONE',  ( 3.250000000000000000, 0.1249999999999691080, -2.290000000000000036 ) ) ;
#1451 = ADVANCED_FACE ( 'NONE', ( #1042 ), #293, .F. ) ;
#1452 =( GEOMETRIC_REPRESENTATION_CONTEXT ( 3 ) GLOBAL_UNCERTAINTY_ASSIGNED_CONTEXT ( ( #1024 ) ) GLOBAL_UNIT_ASSIGNED_CONTEXT ( ( #1799, #2544, #1782 ) ) REPRESENTATION_CONTEXT ( 'NONE', 'WORKASPACE' ) );
#1453 = ORIENTED_EDGE ( 'NONE', *, *, #141, .F. ) ;
#1454 = ORIENTED_EDGE ( 'NONE', *, *, #2805, .F. ) ;
#1455 = EDGE_CURVE ( 'NONE', #2302, #906, #2670, .T. ) ;
#1456 = LINE ( 'NONE', #1001, #2025 ) ;
#1457 = CARTESIAN_POINT ( 'NONE',  ( -4.367065325376102258, -1.600000000000000089, 1.920000000000000151 ) ) ;
#1458 = LINE ( 'NONE', #2442, #1180 ) ;
#1459 = VERTEX_POINT ( 'NONE', #2203 ) ;
#1460 = DIRECTION ( 'NONE',  ( 1.000000000000000000, 2.710505431213757141E-16, 0.000000000000000000 ) ) ;
#1461 = FILL_AREA_STYLE ('',( #1698 ) ) ;
#1462 = ORIENTED_EDGE ( 'NONE', *, *, #173, .F. ) ;
#1463 = FACE_OUTER_BOUND ( 'NONE', #2775, .T. ) ;
#1464 = ORIENTED_EDGE ( 'NONE', *, *, #545, .T. ) ;
#1465 = AXIS2_PLACEMENT_3D ( 'NONE', #2488, #2506, #2523 ) ;
#1466 = LINE ( 'NONE', #2496, #1941 ) ;
#1467 = DIRECTION ( 'NONE',  ( -0.08248397231594292722, 0.9965923912568179777, 0.000000000000000000 ) ) ;
#1468 = CIRCLE ( 'NONE', #1102, 0.1499999999999999667 ) ;
#1469 = ORIENTED_EDGE ( 'NONE', *, *, #2483, .F. ) ;
#1470 = DIRECTION ( 'NONE',  ( -1.000000000000000000, 0.000000000000000000, 0.000000000000000000 ) ) ;
#1471 = ORIENTED_EDGE ( 'NONE', *, *, #2941, .T. ) ;
#1472 = LINE ( 'NONE', #2709, #543 ) ;
#1473 = SURFACE_STYLE_USAGE ( .BOTH. , #662 ) ;
#1474 = CYLINDRICAL_SURFACE ( 'NONE', #927, 0.3783709567178428212 ) ;
#1475 = EDGE_LOOP ( 'NONE', ( #2565, #200, #1913, #155 ) ) ;
#1476 = CARTESIAN_POINT ( 'NONE',  ( 4.367065325376102258, -1.600000000000000089, -1.020000000000000018 ) ) ;
#1477 = CARTESIAN_POINT ( 'NONE',  ( -3.810000000000000941, 0.1249999999999696493, 0.6200000000000001066 ) ) ;
#1478 = ORIENTED_EDGE ( 'NONE', *, *, #1897, .F. ) ;
#1479 = CARTESIAN_POINT ( 'NONE',  ( 4.275000000000000355, -1.550000000000000266, 1.920000000000000151 ) ) ;
#1480 = ORIENTED_EDGE ( 'NONE', *, *, #436, .F. ) ;
#1481 = DIRECTION ( 'NONE',  ( 0.000000000000000000, 0.000000000000000000, 1.000000000000000000 ) ) ;
#1482 = LINE ( 'NONE', #1011, #1088 ) ;
#1483 = VECTOR ( 'NONE', #740, 1000.000000000000000 ) ;
#1484 = EDGE_CURVE ( 'NONE', #2248, #841, #262, .T. ) ;
#1485 = CARTESIAN_POINT ( 'NONE',  ( 5.075000000000001066, -1.600000000000000755, 1.920000000000000151 ) ) ;
#1486 = ORIENTED_EDGE ( 'NONE', *, *, #2968, .F. ) ;
#1487 = DIRECTION ( 'NONE',  ( -1.000000000000000000, 0.000000000000000000, 0.000000000000000000 ) ) ;
#1488 = EDGE_CURVE ( 'NONE', #2848, #383, #57, .T. ) ;
#1489 = VECTOR ( 'NONE', #2527, 1000.000000000000000 ) ;
#1490 = CARTESIAN_POINT ( 'NONE',  ( 3.976022282622954762, -1.574745191694783664, -1.920000000000000151 ) ) ;
#1491 = ORIENTED_EDGE ( 'NONE', *, *, #479, .T. ) ;
#1492 = LINE ( 'NONE', #2663, #1445 ) ;
#1493 = ADVANCED_FACE ( 'NONE', ( #1279 ), #2232, .F. ) ;
#1494 = DIRECTION ( 'NONE',  ( -1.000000000000000000, 0.000000000000000000, 0.000000000000000000 ) ) ;
#1495 = VECTOR ( 'NONE', #1792, 1000.000000000000000 ) ;
#1496 = VERTEX_POINT ( 'NONE', #2721 ) ;
#1497 = DIRECTION ( 'NONE',  ( 0.9848077530122086864, -0.1736481776669273336, 0.000000000000000000 ) ) ;
#1498 = CARTESIAN_POINT ( 'NONE',  ( -2.274163689043441128, 1.745000000000000107, -1.701250488252930015 ) ) ;
#1499 = DIRECTION ( 'NONE',  ( -0.000000000000000000, 1.000000000000000000, -0.000000000000000000 ) ) ;
#1500 = AXIS2_PLACEMENT_3D ( 'NONE', #2282, #1547, #618 ) ;
#1501 = CARTESIAN_POINT ( 'NONE',  ( 4.275000000000000355, -1.550000000000000266, -1.920000000000000151 ) ) ;
#1502 = EDGE_LOOP ( 'NONE', ( #1907, #1632, #2639, #2381, #2100, #1187 ) ) ;
#1503 = CARTESIAN_POINT ( 'NONE',  ( -4.108977717377046979, -0.1502548083052476779, 1.520000000000000018 ) ) ;
#1504 = DIRECTION ( 'NONE',  ( 1.000000000000000000, -0.000000000000000000, -0.000000000000000000 ) ) ;
#1505 = ORIENTED_EDGE ( 'NONE', *, *, #423, .T. ) ;
#1506 = DIRECTION ( 'NONE',  ( -0.000000000000000000, -1.000000000000000000, -0.000000000000000000 ) ) ;
#1507 = CARTESIAN_POINT ( 'NONE',  ( -4.767065325376099949, -1.850000000000000533, 1.520000000000000018 ) ) ;
#1508 = ORIENTED_EDGE ( 'NONE', *, *, #1959, .T. ) ;
#1509 = LINE ( 'NONE', #306, #517 ) ;
#1510 = VERTEX_POINT ( 'NONE', #105 ) ;
#1511 = LINE ( 'NONE', #1718, #2041 ) ;
#1512 = EDGE_CURVE ( 'NONE', #388, #1594, #2779, .T. ) ;
#1513 = VECTOR ( 'NONE', #2143, 1000.000000000000000 ) ;
#1514 = CARTESIAN_POINT ( 'NONE',  ( -3.867423533312422723, -0.2626274041526392988, 1.920000000000000151 ) ) ;
#1515 = EDGE_CURVE ( 'NONE', #1968, #1415, #1596, .T. ) ;
#1516 = VECTOR ( 'NONE', #732, 1000.000000000000000 ) ;
#1517 = DIRECTION ( 'NONE',  ( -1.000000000000000000, 0.000000000000000000, 0.000000000000000000 ) ) ;
#1518 = VERTEX_POINT ( 'NONE', #1832 ) ;
#1519 = DIRECTION ( 'NONE',  ( -1.000000000000000000, 0.000000000000000000, 0.000000000000000000 ) ) ;
#1520 = CARTESIAN_POINT ( 'NONE',  ( 1.719785658213591528, 0.1249999999999691080, -0.6200000000000001066 ) ) ;
#1521 = DIRECTION ( 'NONE',  ( 0.000000000000000000, 0.000000000000000000, -1.000000000000000000 ) ) ;
#1522 = DIRECTION ( 'NONE',  ( -0.000000000000000000, -0.000000000000000000, -1.000000000000000000 ) ) ;
#1523 = ORIENTED_EDGE ( 'NONE', *, *, #2030, .F. ) ;
#1524 = DIRECTION ( 'NONE',  ( 0.000000000000000000, 0.000000000000000000, -1.000000000000000000 ) ) ;
#1525 = VERTEX_POINT ( 'NONE', #569 ) ;
#1526 = SURFACE_SIDE_STYLE ('',( #2084 ) ) ;
#1527 = CARTESIAN_POINT ( 'NONE',  ( -25.00000000000000000, -0.8750000000000308642, -2.889603058124849078 ) ) ;
#1528 = EDGE_LOOP ( 'NONE', ( #2806, #1454, #843, #535 ) ) ;
#1529 = CARTESIAN_POINT ( 'NONE',  ( -2.963468656348744013, 1.750000000000000000, -2.003468656348744048 ) ) ;
#1530 = EDGE_CURVE ( 'NONE', #707, #120, #1562, .T. ) ;
#1531 = VECTOR ( 'NONE', #3099, 1000.000000000000000 ) ;
#1532 = CARTESIAN_POINT ( 'NONE',  ( 4.367065325376102258, -1.850000000000000977, -1.920000000000000151 ) ) ;
#1533 = EDGE_LOOP ( 'NONE', ( #2276, #528, #944, #2795 ) ) ;
#1534 = CIRCLE ( 'NONE', #268, 0.2999999999999999334 ) ;
#1535 = DIRECTION ( 'NONE',  ( 1.000000000000000000, 0.000000000000000000, 0.000000000000000000 ) ) ;
#1536 = PLANE ( 'NONE',  #952 ) ;
#1537 = DIRECTION ( 'NONE',  ( 0.08248397231594292722, 0.9965923912568179777, 0.000000000000000000 ) ) ;
#1538 = PRESENTATION_LAYER_ASSIGNMENT (  '', '', ( #2899 ) ) ;
#1539 = CARTESIAN_POINT ( 'NONE',  ( 4.108977717377046979, -0.1502548083052476779, -0.6200000000000001066 ) ) ;
#1540 = PRESENTATION_STYLE_ASSIGNMENT (( #2978 ) ) ;
#1541 = VERTEX_POINT ( 'NONE', #342 ) ;
#1542 = DIRECTION ( 'NONE',  ( 0.08248397231594292722, -0.9965923912568179777, 0.000000000000000000 ) ) ;
#1543 = UNCERTAINTY_MEASURE_WITH_UNIT (LENGTH_MEASURE( 1.000000000000000082E-05 ), #2844, 'distance_accuracy_value', 'NONE');
#1544 = CARTESIAN_POINT ( 'NONE',  ( -3.250000000000000000, -0.1249999999999691080, 2.290000000000000036 ) ) ;
#1545 = DIRECTION ( 'NONE',  ( -1.000000000000000000, -9.189001850162264434E-16, 0.000000000000000000 ) ) ;
#1546 = ORIENTED_EDGE ( 'NONE', *, *, #2776, .F. ) ;
#1547 = DIRECTION ( 'NONE',  ( -0.000000000000000000, -0.000000000000000000, -1.000000000000000000 ) ) ;
#1548 = ADVANCED_FACE ( 'NONE', ( #2529 ), #2984, .F. ) ;
#1549 = STYLED_ITEM ( 'NONE', ( #482 ), #114 ) ;
#1550 = DIRECTION ( 'NONE',  ( 0.000000000000000000, 0.000000000000000000, 1.000000000000000000 ) ) ;
#1551 = EDGE_CURVE ( 'NONE', #2033, #2037, #3055, .T. ) ;
#1552 = CIRCLE ( 'NONE', #578, 0.3783709567178428212 ) ;
#1553 = CARTESIAN_POINT ( 'NONE',  ( 4.108977717377046979, -0.1502548083052476779, 1.920000000000000151 ) ) ;
#1554 = CIRCLE ( 'NONE', #190, 0.1499999999999999667 ) ;
#1555 = LINE ( 'NONE', #1571, #332 ) ;
#1556 = EDGE_CURVE ( 'NONE', #2970, #1139, #1814, .T. ) ;
#1557 = LINE ( 'NONE', #2524, #2156 ) ;
#1558 = CARTESIAN_POINT ( 'NONE',  ( -4.108977717377046979, -0.1502548083052476779, 0.6200000000000001066 ) ) ;
#1559 = ORIENTED_EDGE ( 'NONE', *, *, #1530, .F. ) ;
#1560 = ORIENTED_EDGE ( 'NONE', *, *, #1645, .T. ) ;
#1561 = CARTESIAN_POINT ( 'NONE',  ( 3.717934674623899927, -0.2750000000000308864, -0.6200000000000001066 ) ) ;
#1562 = LINE ( 'NONE', #1332, #218 ) ;
#1563 = ORIENTED_EDGE ( 'NONE', *, *, #1919, .T. ) ;
#1564 = CARTESIAN_POINT ( 'NONE',  ( -4.217576466687580350, -1.462372595847391432, 0.6200000000000001066 ) ) ;
#1565 = EDGE_CURVE ( 'NONE', #41, #2019, #1783, .T. ) ;
#1566 = SURFACE_STYLE_USAGE ( .BOTH. , #588 ) ;
#1567 = DIRECTION ( 'NONE',  ( -1.000000000000000000, 0.000000000000000000, 0.000000000000000000 ) ) ;
#1568 = ORIENTED_EDGE ( 'NONE', *, *, #1150, .F. ) ;
#1569 = LINE ( 'NONE', #792, #1973 ) ;
#1570 = COLOUR_RGB ( '',0.8941176470588234615, 0.8941176470588234615, 0.8941176470588234615 ) ;
#1571 = CARTESIAN_POINT ( 'NONE',  ( -3.976022282622954762, -1.574745191694783442, -0.6200000000000001066 ) ) ;
#1572 = DIRECTION ( 'NONE',  ( 0.000000000000000000, 0.000000000000000000, -1.000000000000000000 ) ) ;
#1573 = CIRCLE ( 'NONE', #3093, 0.1499999999999999667 ) ;
#1574 = EDGE_LOOP ( 'NONE', ( #2296, #344, #1381, #253 ) ) ;
#1575 = CARTESIAN_POINT ( 'NONE',  ( 3.976022282622954762, -1.574745191694783664, -0.6200000000000001066 ) ) ;
#1576 = CARTESIAN_POINT ( 'NONE',  ( 5.075000000000001066, -1.600000000000000755, -1.020000000000000018 ) ) ;
#1577 = DIRECTION ( 'NONE',  ( 0.08248397231594292722, -0.9965923912568179777, -0.000000000000000000 ) ) ;
#1578 = EDGE_LOOP ( 'NONE', ( #13, #1054, #2414, #32 ) ) ;
#1579 = FACE_OUTER_BOUND ( 'NONE', #305, .T. ) ;
#1580 = VERTEX_POINT ( 'NONE', #2342 ) ;
#1581 = LINE ( 'NONE', #1079, #2755 ) ;
#1582 = CARTESIAN_POINT ( 'NONE',  ( -5.075000000000001066, -1.600000000000000755, -0.6200000000000001066 ) ) ;
#1583 = EDGE_CURVE ( 'NONE', #371, #841, #356, .T. ) ;
#1584 = LINE ( 'NONE', #2403, #998 ) ;
#1585 = MECHANICAL_DESIGN_GEOMETRIC_PRESENTATION_REPRESENTATION (  '', ( #1732 ), #416 ) ;
#1586 = CARTESIAN_POINT ( 'NONE',  ( -4.108977717377046979, -0.1502548083052476779, -1.520000000000000018 ) ) ;
#1587 = ADVANCED_FACE ( 'NONE', ( #2513 ), #1300, .T. ) ;
#1588 = DIRECTION ( 'NONE',  ( 1.000000000000000000, -2.710505431213757141E-16, 0.000000000000000000 ) ) ;
#1589 = VECTOR ( 'NONE', #2370, 1000.000000000000000 ) ;
#1590 = EDGE_LOOP ( 'NONE', ( #804, #2530, #1401, #1830 ) ) ;
#1591 = AXIS2_PLACEMENT_3D ( 'NONE', #244, #943, #748 ) ;
#1592 = CARTESIAN_POINT ( 'NONE',  ( -2.274163689043441128, 1.750000000000000000, -1.322879531535087194 ) ) ;
#1593 = EDGE_CURVE ( 'NONE', #2182, #142, #818, .T. ) ;
#1594 = VERTEX_POINT ( 'NONE', #2295 ) ;
#1595 = CARTESIAN_POINT ( 'NONE',  ( 4.367065325376102258, -1.850000000000000977, 0.6200000000000001066 ) ) ;
#1596 = LINE ( 'NONE', #3017, #1066 ) ;
#1597 = ORIENTED_EDGE ( 'NONE', *, *, #3109, .F. ) ;
#1598 = CARTESIAN_POINT ( 'NONE',  ( 3.810000000000000941, -0.1750000000000308253, -0.6200000000000001066 ) ) ;
#1599 = ORIENTED_EDGE ( 'NONE', *, *, #652, .F. ) ;
#1600 = VECTOR ( 'NONE', #2557, 1000.000000000000000 ) ;
#1601 = VECTOR ( 'NONE', #2569, 1000.000000000000000 ) ;
#1602 = VECTOR ( 'NONE', #2304, 1000.000000000000000 ) ;
#1603 = PLANE ( 'NONE',  #524 ) ;
#1604 = DIRECTION ( 'NONE',  ( 0.9965923912568179777, -0.08248397231594428725, 0.000000000000000000 ) ) ;
#1605 = DIRECTION ( 'NONE',  ( 0.08248397231594427337, -0.9965923912568178666, 0.000000000000000000 ) ) ;
#1606 = CARTESIAN_POINT ( 'NONE',  ( -4.367065325376102258, -1.450000000000000178, -0.6200000000000001066 ) ) ;
#1607 = FACE_OUTER_BOUND ( 'NONE', #3066, .T. ) ;
#1608 = AXIS2_PLACEMENT_3D ( 'NONE', #55, #2902, #2419 ) ;
#1609 = CARTESIAN_POINT ( 'NONE',  ( 0.000000000000000000, 1.750000000000000000, 2.003468656348744048 ) ) ;
#1610 = ORIENTED_EDGE ( 'NONE', *, *, #2615, .T. ) ;
#1611 = UNCERTAINTY_MEASURE_WITH_UNIT (LENGTH_MEASURE( 1.000000000000000082E-05 ), #1211, 'distance_accuracy_value', 'NONE');
#1612 = CARTESIAN_POINT ( 'NONE',  ( -25.00000000000000000, 0.1249999999999691080, 1.520000000000000018 ) ) ;
#1613 = DIRECTION ( 'NONE',  ( -1.000000000000000000, 0.000000000000000000, 0.000000000000000000 ) ) ;
#1614 = AXIS2_PLACEMENT_3D ( 'NONE', #801, #2606, #2629 ) ;
#1615 = ORIENTED_EDGE ( 'NONE', *, *, #1111, .F. ) ;
#1616 = LINE ( 'NONE', #2387, #937 ) ;
#1617 = ORIENTED_EDGE ( 'NONE', *, *, #1823, .T. ) ;
#1618 = LINE ( 'NONE', #348, #1900 ) ;
#1619 = CARTESIAN_POINT ( 'NONE',  ( -25.00000000000000000, 0.1249999999999691080, -1.520000000000000018 ) ) ;
#1620 = FACE_OUTER_BOUND ( 'NONE', #949, .T. ) ;
#1621 = EDGE_CURVE ( 'NONE', #2182, #919, #373, .T. ) ;
#1622 = FACE_OUTER_BOUND ( 'NONE', #723, .T. ) ;
#1623 = LINE ( 'NONE', #2589, #2630 ) ;
#1624 = LINE ( 'NONE', #2626, #1255 ) ;
#1625 = VECTOR ( 'NONE', #471, 1000.000000000000000 ) ;
#1626 = ORIENTED_EDGE ( 'NONE', *, *, #2783, .T. ) ;
#1627 = DIRECTION ( 'NONE',  ( 1.000000000000000000, -9.189001850162264434E-16, 0.000000000000000000 ) ) ;
#1628 = CARTESIAN_POINT ( 'NONE',  ( 1.719785658213591528, -0.1250000000000311695, -0.6200000000000001066 ) ) ;
#1629 = EDGE_CURVE ( 'NONE', #2229, #2889, #1316, .T. ) ;
#1630 = EDGE_LOOP ( 'NONE', ( #1730, #323, #2478, #2541, #1615, #1151, #2083, #498, #1070, #3090, #452 ) ) ;
#1631 = DIRECTION ( 'NONE',  ( 2.710505431213757141E-16, 1.000000000000000000, -0.000000000000000000 ) ) ;
#1632 = ORIENTED_EDGE ( 'NONE', *, *, #1488, .T. ) ;
#1633 = CARTESIAN_POINT ( 'NONE',  ( -1.719785658213591528, -0.1250000000000311695, -1.520000000000000018 ) ) ;
#1634 = EDGE_CURVE ( 'NONE', #2061, #667, #123, .T. ) ;
#1635 = CARTESIAN_POINT ( 'NONE',  ( 5.075000000000001066, -1.600000000000000755, -0.6200000000000001066 ) ) ;
#1636 = SURFACE_STYLE_FILL_AREA ( #395 ) ;
#1637 = ORIENTED_EDGE ( 'NONE', *, *, #1292, .T. ) ;
#1638 =( NAMED_UNIT ( * ) PLANE_ANGLE_UNIT ( ) SI_UNIT ( $, .RADIAN. ) );
#1639 = LINE ( 'NONE', #1908, #2912 ) ;
#1640 = VECTOR ( 'NONE', #378, 1000.000000000000000 ) ;
#1641 = LINE ( 'NONE', #2416, #2498 ) ;
#1642 = EDGE_LOOP ( 'NONE', ( #484, #2132, #1820, #1889 ) ) ;
#1643 = DIRECTION ( 'NONE',  ( 0.000000000000000000, -0.1736481776669273336, 0.9848077530122086864 ) ) ;
#1644 = AXIS2_PLACEMENT_3D ( 'NONE', #675, #2847, #2833 ) ;
#1645 = EDGE_CURVE ( 'NONE', #2602, #2621, #2051, .T. ) ;
#1646 = FACE_OUTER_BOUND ( 'NONE', #1435, .T. ) ;
#1647 = APPLICATION_PROTOCOL_DEFINITION ( 'draft international standard', 'automotive_design', 1998, #1096 ) ;
#1648 = ADVANCED_FACE ( 'NONE', ( #2545 ), #154, .F. ) ;
#1649 = CARTESIAN_POINT ( 'NONE',  ( 4.108977717377046979, -0.1502548083052476779, -0.6200000000000001066 ) ) ;
#1650 = FILL_AREA_STYLE ('',( #177 ) ) ;
#1651 = ADVANCED_FACE ( 'NONE', ( #1845 ), #855, .F. ) ;
#1652 = ORIENTED_EDGE ( 'NONE', *, *, #1216, .T. ) ;
#1653 = FACE_OUTER_BOUND ( 'NONE', #693, .T. ) ;
#1654 = DIRECTION ( 'NONE',  ( 1.000000000000000000, 9.189001850162264434E-16, 0.000000000000000000 ) ) ;
#1655 = CARTESIAN_POINT ( 'NONE',  ( 4.767065325376100837, -1.600000000000000755, -1.520000000000000018 ) ) ;
#1656 = EDGE_CURVE ( 'NONE', #2443, #2, #400, .T. ) ;
#1657 =( GEOMETRIC_REPRESENTATION_CONTEXT ( 3 ) GLOBAL_UNCERTAINTY_ASSIGNED_CONTEXT ( ( #1434 ) ) GLOBAL_UNIT_ASSIGNED_CONTEXT ( ( #3104, #2857, #2389 ) ) REPRESENTATION_CONTEXT ( 'NONE', 'WORKASPACE' ) );
#1658 = VERTEX_POINT ( 'NONE', #1655 ) ;
#1659 = DIRECTION ( 'NONE',  ( -1.000000000000000000, 0.000000000000000000, 0.000000000000000000 ) ) ;
#1660 = ORIENTED_EDGE ( 'NONE', *, *, #207, .F. ) ;
#1661 = DIRECTION ( 'NONE',  ( 0.000000000000000000, 0.000000000000000000, 1.000000000000000000 ) ) ;
#1662 = EDGE_CURVE ( 'NONE', #2628, #1016, #225, .T. ) ;
#1663 = ORIENTED_EDGE ( 'NONE', *, *, #589, .F. ) ;
#1664 = SURFACE_STYLE_FILL_AREA ( #1650 ) ;
#1665 = AXIS2_PLACEMENT_3D ( 'NONE', #576, #3028, #115 ) ;
#1666 = DIRECTION ( 'NONE',  ( 0.000000000000000000, 0.000000000000000000, -1.000000000000000000 ) ) ;
#1667 = DIRECTION ( 'NONE',  ( 1.000000000000000000, -0.000000000000000000, -0.000000000000000000 ) ) ;
#1668 = DIRECTION ( 'NONE',  ( 0.000000000000000000, 1.000000000000000000, 0.000000000000000000 ) ) ;
#1669 = CARTESIAN_POINT ( 'NONE',  ( 2.963468656348744013, -1.750000000000000000, -2.003468656348744048 ) ) ;
#1670 = AXIS2_PLACEMENT_3D ( 'NONE', #2562, #600, #1057 ) ;
#1671 = VECTOR ( 'NONE', #2753, 1000.000000000000000 ) ;
#1672 = ORIENTED_EDGE ( 'NONE', *, *, #2586, .T. ) ;
#1673 = ORIENTED_EDGE ( 'NONE', *, *, #2140, .T. ) ;
#1674 = PRESENTATION_LAYER_ASSIGNMENT (  '', '', ( #1827 ) ) ;
#1675 = VECTOR ( 'NONE', #3051, 1000.000000000000000 ) ;
#1676 = LINE ( 'NONE', #1173, #2564 ) ;
#1677 = ORIENTED_EDGE ( 'NONE', *, *, #941, .T. ) ;
#1678 = EDGE_LOOP ( 'NONE', ( #2834, #1672, #17, #886, #2433, #797 ) ) ;
#1679 = SURFACE_STYLE_FILL_AREA ( #1238 ) ;
#1680 = ADVANCED_FACE ( 'NONE', ( #1893 ), #1378, .F. ) ;
#1681 = DIRECTION ( 'NONE',  ( -1.000000000000000000, 0.000000000000000000, 0.000000000000000000 ) ) ;
#1682 = CYLINDRICAL_SURFACE ( 'NONE', #1998, 0.2999999999999999334 ) ;
#1683 = CARTESIAN_POINT ( 'NONE',  ( 3.250000000000000000, -0.1249999999999691080, -2.290000000000000036 ) ) ;
#1684 = ORIENTED_EDGE ( 'NONE', *, *, #1391, .F. ) ;
#1685 = EDGE_CURVE ( 'NONE', #1911, #219, #196, .T. ) ;
#1686 = CARTESIAN_POINT ( 'NONE',  ( 4.767065325376100837, -1.850000000000000977, -1.020000000000000018 ) ) ;
#1687 = VERTEX_POINT ( 'NONE', #2881 ) ;
#1688 = DIRECTION ( 'NONE',  ( 0.08248397231594427337, 0.9965923912568178666, 0.000000000000000000 ) ) ;
#1689 = ADVANCED_FACE ( 'NONE', ( #2384 ), #2165, .F. ) ;
#1690 = ORIENTED_EDGE ( 'NONE', *, *, #846, .F. ) ;
#1691 =( NAMED_UNIT ( * ) PLANE_ANGLE_UNIT ( ) SI_UNIT ( $, .RADIAN. ) );
#1692 = FACE_OUTER_BOUND ( 'NONE', #3053, .T. ) ;
#1693 = VECTOR ( 'NONE', #110, 1000.000000000000000 ) ;
#1695 =( GEOMETRIC_REPRESENTATION_CONTEXT ( 3 ) GLOBAL_UNCERTAINTY_ASSIGNED_CONTEXT ( ( #2340 ) ) GLOBAL_UNIT_ASSIGNED_CONTEXT ( ( #2193, #2679, #2208 ) ) REPRESENTATION_CONTEXT ( 'NONE', 'WORKASPACE' ) );
#1694 = CARTESIAN_POINT ( 'NONE',  ( 3.717934674623899927, -0.2750000000000308864, 1.920000000000000151 ) ) ;
#1696 = ORIENTED_EDGE ( 'NONE', *, *, #2250, .T. ) ;
#1697 = DIRECTION ( 'NONE',  ( -0.000000000000000000, -0.000000000000000000, -1.000000000000000000 ) ) ;
#1698 = FILL_AREA_STYLE_COLOUR ( '', #1840 ) ;
#1699 = EDGE_CURVE ( 'NONE', #229, #476, #2093, .T. ) ;
#1700 = ORIENTED_EDGE ( 'NONE', *, *, #1271, .F. ) ;
#1701 = DIRECTION ( 'NONE',  ( 1.000000000000000000, 0.000000000000000000, 0.000000000000000000 ) ) ;
#1702 = VECTOR ( 'NONE', #1460, 1000.000000000000000 ) ;
#1703 = ORIENTED_EDGE ( 'NONE', *, *, #239, .T. ) ;
#1704 = CARTESIAN_POINT ( 'NONE',  ( -5.075000000000001066, -1.850000000000000533, -1.920000000000000151 ) ) ;
#1705 = CIRCLE ( 'NONE', #2007, 0.3000000000000003775 ) ;
#1706 = DIRECTION ( 'NONE',  ( -1.000000000000000000, 0.000000000000000000, 0.000000000000000000 ) ) ;
#1707 = AXIS2_PLACEMENT_3D ( 'NONE', #502, #2667, #2465 ) ;
#1708 = CIRCLE ( 'NONE', #345, 0.2999999999999999334 ) ;
#1709 = ORIENTED_EDGE ( 'NONE', *, *, #2322, .F. ) ;
#1710 = DIRECTION ( 'NONE',  ( -0.08248397231594292722, -0.9965923912568179777, 0.000000000000000000 ) ) ;
#1711 = DIRECTION ( 'NONE',  ( -1.000000000000000000, 0.000000000000000000, 0.000000000000000000 ) ) ;
#1712 = LINE ( 'NONE', #703, #2112 ) ;
#1713 = LINE ( 'NONE', #2683, #916 ) ;
#1714 = VERTEX_POINT ( 'NONE', #1669 ) ;
#1715 = PLANE ( 'NONE',  #1707 ) ;
#1716 = ADVANCED_FACE ( 'NONE', ( #3086 ), #2850, .F. ) ;
#1717 = ORIENTED_EDGE ( 'NONE', *, *, #1512, .T. ) ;
#1718 = CARTESIAN_POINT ( 'NONE',  ( 5.075000000000001066, -1.850000000000000533, 0.6200000000000001066 ) ) ;
#1719 = CARTESIAN_POINT ( 'NONE',  ( 4.108977717377046979, -0.1502548083052476779, -1.520000000000000018 ) ) ;
#1720 = EDGE_CURVE ( 'NONE', #3106, #2851, #651, .T. ) ;
#1721 = ADVANCED_FACE ( 'NONE', ( #2836 ), #1864, .F. ) ;
#1722 =( GEOMETRIC_REPRESENTATION_CONTEXT ( 3 ) GLOBAL_UNCERTAINTY_ASSIGNED_CONTEXT ( ( #800 ) ) GLOBAL_UNIT_ASSIGNED_CONTEXT ( ( #192, #645, #2114 ) ) REPRESENTATION_CONTEXT ( 'NONE', 'WORKASPACE' ) );
#1723 = DIRECTION ( 'NONE',  ( 0.7071067811865462405, -1.916616770854211633E-16, 0.7071067811865489050 ) ) ;
#1724 = EDGE_CURVE ( 'NONE', #352, #374, #1186, .T. ) ;
#1725 = ORIENTED_EDGE ( 'NONE', *, *, #3137, .F. ) ;
#1726 = LINE ( 'NONE', #1198, #1052 ) ;
#1727 = CARTESIAN_POINT ( 'NONE',  ( 1.719785658213591528, -0.1250000000000311695, 1.920000000000000151 ) ) ;
#1728 = DIRECTION ( 'NONE',  ( -0.08248397231594427337, -0.9965923912568178666, 0.000000000000000000 ) ) ;
#1729 = CYLINDRICAL_SURFACE ( 'NONE', #2706, 0.2999999999999999334 ) ;
#1730 = ORIENTED_EDGE ( 'NONE', *, *, #594, .F. ) ;
#1731 = CARTESIAN_POINT ( 'NONE',  ( -1.719785658213591528, 0.1249999999999691080, -0.6200000000000001066 ) ) ;
#1732 = STYLED_ITEM ( 'NONE', ( #2788 ), #1934 ) ;
#1733 = CARTESIAN_POINT ( 'NONE',  ( 4.168961982611580019, -0.8750000000000308642, -1.920000000000000151 ) ) ;
#1734 = VECTOR ( 'NONE', #324, 1000.000000000000000 ) ;
#1735 = EDGE_CURVE ( 'NONE', #2996, #609, #2392, .T. ) ;
#1736 = STYLED_ITEM ( 'NONE', ( #1103 ), #2905 ) ;
#1737 = ORIENTED_EDGE ( 'NONE', *, *, #2328, .F. ) ;
#1738 = STYLED_ITEM ( 'NONE', ( #663 ), #2896 ) ;
#1739 =( NAMED_UNIT ( * ) SI_UNIT ( $, .STERADIAN. ) SOLID_ANGLE_UNIT ( ) );
#1740 = ORIENTED_EDGE ( 'NONE', *, *, #2054, .F. ) ;
#1741 = VECTOR ( 'NONE', #2507, 1000.000000000000227 ) ;
#1742 = DIRECTION ( 'NONE',  ( -1.000000000000000000, -9.189001850162264434E-16, 0.000000000000000000 ) ) ;
#1743 = DIRECTION ( 'NONE',  ( -0.1710878697460326281, -0.9702875252478150303, 0.1710878697460326281 ) ) ;
#1744 = EDGE_CURVE ( 'NONE', #2970, #2329, #1641, .T. ) ;
#1745 = VECTOR ( 'NONE', #160, 1000.000000000000000 ) ;
#1746 = EDGE_LOOP ( 'NONE', ( #705, #1184, #2376, #902 ) ) ;
#1747 = SURFACE_SIDE_STYLE ('',( #2183 ) ) ;
#1748 = ORIENTED_EDGE ( 'NONE', *, *, #304, .T. ) ;
#1749 = DIRECTION ( 'NONE',  ( 0.000000000000000000, 0.000000000000000000, 1.000000000000000000 ) ) ;
#1750 = APPLICATION_CONTEXT ( 'automotive_design' ) ;
#1751 = EDGE_CURVE ( 'NONE', #1, #1525, #2607, .T. ) ;
#1752 = DIRECTION ( 'NONE',  ( 1.000000000000000000, 0.000000000000000000, 0.000000000000000000 ) ) ;
#1753 = AXIS2_PLACEMENT_3D ( 'NONE', #375, #326, #1335 ) ;
#1754 = MECHANICAL_DESIGN_GEOMETRIC_PRESENTATION_REPRESENTATION (  '', ( #343 ), #2117 ) ;
#1755 = ORIENTED_EDGE ( 'NONE', *, *, #191, .F. ) ;
#1756 = UNCERTAINTY_MEASURE_WITH_UNIT (LENGTH_MEASURE( 1.000000000000000082E-05 ), #2109, 'distance_accuracy_value', 'NONE');
#1757 = EDGE_CURVE ( 'NONE', #1781, #1392, #1397, .T. ) ;
#1758 = DIRECTION ( 'NONE',  ( 0.7071067811865462405, 0.000000000000000000, -0.7071067811865489050 ) ) ;
#1759 = VECTOR ( 'NONE', #2791, 1000.000000000000000 ) ;
#1760 = DIRECTION ( 'NONE',  ( 1.000000000000000000, 0.000000000000000000, 0.000000000000000000 ) ) ;
#1761 = CARTESIAN_POINT ( 'NONE',  ( -4.367065325376102258, -1.600000000000000089, -0.6200000000000001066 ) ) ;
#1762 = CARTESIAN_POINT ( 'NONE',  ( 4.217576466687580350, -1.462372595847391432, 1.920000000000000151 ) ) ;
#1763 = VERTEX_POINT ( 'NONE', #430 ) ;
#1764 = DIRECTION ( 'NONE',  ( -0.000000000000000000, 0.000000000000000000, -1.000000000000000000 ) ) ;
#1765 = EDGE_CURVE ( 'NONE', #2889, #1357, #1168, .T. ) ;
#1766 = EDGE_LOOP ( 'NONE', ( #2423, #321, #1684, #1213 ) ) ;
#1767 = DIRECTION ( 'NONE',  ( 1.000000000000000000, 2.710505431213757141E-16, 0.000000000000000000 ) ) ;
#1768 = VERTEX_POINT ( 'NONE', #914 ) ;
#1769 = DIRECTION ( 'NONE',  ( 1.000000000000000000, -2.710505431213757141E-16, -0.000000000000000000 ) ) ;
#1770 =( GEOMETRIC_REPRESENTATION_CONTEXT ( 3 ) GLOBAL_UNCERTAINTY_ASSIGNED_CONTEXT ( ( #1543 ) ) GLOBAL_UNIT_ASSIGNED_CONTEXT ( ( #2844, #1691, #33 ) ) REPRESENTATION_CONTEXT ( 'NONE', 'WORKASPACE' ) );
#1771 = DIRECTION ( 'NONE',  ( 0.000000000000000000, 1.000000000000000000, 0.000000000000000000 ) ) ;
#1772 = FACE_OUTER_BOUND ( 'NONE', #2858, .T. ) ;
#1773 = CARTESIAN_POINT ( 'NONE',  ( 4.367065325376102258, -23.25000000000000000, 0.6200000000000001066 ) ) ;
#1774 =( GEOMETRIC_REPRESENTATION_CONTEXT ( 3 ) GLOBAL_UNCERTAINTY_ASSIGNED_CONTEXT ( ( #1611 ) ) GLOBAL_UNIT_ASSIGNED_CONTEXT ( ( #1211, #2176, #1739 ) ) REPRESENTATION_CONTEXT ( 'NONE', 'WORKASPACE' ) );
#1775 = CARTESIAN_POINT ( 'NONE',  ( 3.810000000000000941, -0.1750000000000308253, 0.6200000000000001066 ) ) ;
#1776 = DIRECTION ( 'NONE',  ( 0.000000000000000000, -0.000000000000000000, -1.000000000000000000 ) ) ;
#1777 = EDGE_CURVE ( 'NONE', #2936, #3039, #442, .T. ) ;
#1778 = ORIENTED_EDGE ( 'NONE', *, *, #1488, .F. ) ;
#1779 = EDGE_CURVE ( 'NONE', #2628, #2229, #931, .T. ) ;
#1780 = LINE ( 'NONE', #2804, #2502 ) ;
#1781 = VERTEX_POINT ( 'NONE', #690 ) ;
#1782 =( NAMED_UNIT ( * ) SI_UNIT ( $, .STERADIAN. ) SOLID_ANGLE_UNIT ( ) );
#1783 = LINE ( 'NONE', #2748, #1125 ) ;
#1784 = EDGE_CURVE ( 'NONE', #2214, #275, #1154, .T. ) ;
#1785 = ORIENTED_EDGE ( 'NONE', *, *, #2228, .T. ) ;
#1786 = PLANE ( 'NONE',  #1192 ) ;
#1787 = EDGE_CURVE ( 'NONE', #1687, #1946, #2227, .T. ) ;
#1788 = VECTOR ( 'NONE', #2646, 1000.000000000000000 ) ;
#1789 = CARTESIAN_POINT ( 'NONE',  ( -3.250000000000000000, 0.1249999999999691080, -2.290000000000000036 ) ) ;
#1790 = EDGE_LOOP ( 'NONE', ( #755, #2681, #2825, #459 ) ) ;
#1791 = VECTOR ( 'NONE', #1092, 1000.000000000000000 ) ;
#1792 = DIRECTION ( 'NONE',  ( -0.000000000000000000, 1.000000000000000000, -0.000000000000000000 ) ) ;
#1793 = CARTESIAN_POINT ( 'NONE',  ( -1.719785658213591528, -0.1250000000000311695, -0.6200000000000001066 ) ) ;
#1794 = DIRECTION ( 'NONE',  ( -0.000000000000000000, -0.000000000000000000, -1.000000000000000000 ) ) ;
#1795 = COLOUR_RGB ( '',0.2666666666666666630, 0.2666666666666666630, 0.2666666666666666630 ) ;
#1796 = PLANE ( 'NONE',  #2653 ) ;
#1797 = DIRECTION ( 'NONE',  ( 0.9848077530122086864, -0.1736481776669273336, 0.000000000000000000 ) ) ;
#1798 = ORIENTED_EDGE ( 'NONE', *, *, #1662, .T. ) ;
#1799 =( LENGTH_UNIT ( ) NAMED_UNIT ( * ) SI_UNIT ( .MILLI., .METRE. ) );
#1800 = CARTESIAN_POINT ( 'NONE',  ( -3.717934674623899927, -0.2750000000000308864, 1.520000000000000018 ) ) ;
#1801 = COLOUR_RGB ( '',0.8941176470588234615, 0.8941176470588234615, 0.8941176470588234615 ) ;
#1802 = ORIENTED_EDGE ( 'NONE', *, *, #1317, .F. ) ;
#1803 = CARTESIAN_POINT ( 'NONE',  ( -3.976022282622954762, -1.574745191694783442, 1.920000000000000151 ) ) ;
#1804 = FILL_AREA_STYLE_COLOUR ( '', #2053 ) ;
#1805 = ORIENTED_EDGE ( 'NONE', *, *, #2615, .F. ) ;
#1806 = ORIENTED_EDGE ( 'NONE', *, *, #1735, .T. ) ;
#1807 = DIRECTION ( 'NONE',  ( 0.08248397231594427337, -0.9965923912568178666, 0.000000000000000000 ) ) ;
#1808 = VECTOR ( 'NONE', #2703, 1000.000000000000000 ) ;
#1809 = LINE ( 'NONE', #2045, #876 ) ;
#1810 = EDGE_LOOP ( 'NONE', ( #1965, #3117, #894, #396, #2402, #217 ) ) ;
#1811 = CARTESIAN_POINT ( 'NONE',  ( 2.963468656348744013, 1.750000000000000000, 0.000000000000000000 ) ) ;
#1812 = ORIENTED_EDGE ( 'NONE', *, *, #849, .T. ) ;
#1813 = DIRECTION ( 'NONE',  ( -0.000000000000000000, -0.000000000000000000, -1.000000000000000000 ) ) ;
#1814 = LINE ( 'NONE', #802, #1221 ) ;
#1815 = EDGE_LOOP ( 'NONE', ( #2520, #1352, #786, #1062 ) ) ;
#1816 = EDGE_CURVE ( 'NONE', #2120, #2868, #2729, .T. ) ;
#1817 = LINE ( 'NONE', #2501, #2518 ) ;
#1818 = EDGE_CURVE ( 'NONE', #667, #1281, #759, .T. ) ;
#1819 = SURFACE_STYLE_FILL_AREA ( #2767 ) ;
#1820 = ORIENTED_EDGE ( 'NONE', *, *, #2089, .F. ) ;
#1821 = CARTESIAN_POINT ( 'NONE',  ( -3.717934674623899927, -0.2750000000000308864, -1.920000000000000151 ) ) ;
#1822 = AXIS2_PLACEMENT_3D ( 'NONE', #1017, #1306, #2285 ) ;
#1823 = EDGE_CURVE ( 'NONE', #2910, #3110, #2179, .T. ) ;
#1824 = DIRECTION ( 'NONE',  ( 0.000000000000000000, -1.000000000000000000, 0.000000000000000000 ) ) ;
#1825 = FACE_OUTER_BOUND ( 'NONE', #1574, .T. ) ;
#1826 = SURFACE_STYLE_USAGE ( .BOTH. , #2032 ) ;
#1827 = STYLED_ITEM ( 'NONE', ( #1135 ), #960 ) ;
#1828 = ORIENTED_EDGE ( 'NONE', *, *, #1307, .T. ) ;
#1829 = CARTESIAN_POINT ( 'NONE',  ( 1.719785658213591528, 0.1249999999999691080, -0.6200000000000001066 ) ) ;
#1830 = ORIENTED_EDGE ( 'NONE', *, *, #1015, .T. ) ;
#1831 = CARTESIAN_POINT ( 'NONE',  ( -4.767065325376100837, -23.25000000000000000, 1.020000000000000018 ) ) ;
#1832 = CARTESIAN_POINT ( 'NONE',  ( 5.075000000000001066, -1.600000000000000755, 1.520000000000000018 ) ) ;
#1833 = VERTEX_POINT ( 'NONE', #1507 ) ;
#1834 = CARTESIAN_POINT ( 'NONE',  ( -3.717934674623899927, -0.1250000000000308364, -0.6200000000000001066 ) ) ;
#1835 = VERTEX_POINT ( 'NONE', #1477 ) ;
#1836 = CARTESIAN_POINT ( 'NONE',  ( 5.075000000000001066, -23.25000000000000000, -1.520000000000000018 ) ) ;
#1837 = FILL_AREA_STYLE_COLOUR ( '', #1433 ) ;
#1838 = DIRECTION ( 'NONE',  ( -1.000000000000000000, 0.000000000000000000, 0.000000000000000000 ) ) ;
#1839 = ADVANCED_FACE ( 'NONE', ( #2000 ), #2716, .F. ) ;
#1840 = COLOUR_RGB ( '',0.2666666666666666630, 0.2666666666666666630, 0.2666666666666666630 ) ;
#1841 = CARTESIAN_POINT ( 'NONE',  ( 4.367065325376102258, -1.600000000000000089, 1.920000000000000151 ) ) ;
#1842 = PRESENTATION_STYLE_ASSIGNMENT (( #864 ) ) ;
#1843 = CARTESIAN_POINT ( 'NONE',  ( -4.767065325376100837, -1.600000000000000755, -1.520000000000000018 ) ) ;
#1844 = EDGE_LOOP ( 'NONE', ( #1957, #3125, #2982, #592 ) ) ;
#1845 = FACE_OUTER_BOUND ( 'NONE', #1940, .T. ) ;
#1846 = ORIENTED_EDGE ( 'NONE', *, *, #1816, .F. ) ;
#1847 = DIRECTION ( 'NONE',  ( 0.000000000000000000, 0.000000000000000000, 1.000000000000000000 ) ) ;
#1848 = ORIENTED_EDGE ( 'NONE', *, *, #2180, .F. ) ;
#1849 = EDGE_CURVE ( 'NONE', #1399, #1933, #1713, .T. ) ;
#1850 = AXIS2_PLACEMENT_3D ( 'NONE', #2014, #367, #2065 ) ;
#1851 = VECTOR ( 'NONE', #730, 1000.000000000000114 ) ;
#1852 = CIRCLE ( 'NONE', #1136, 0.1499999999999999667 ) ;
#1853 =( NAMED_UNIT ( * ) SI_UNIT ( $, .STERADIAN. ) SOLID_ANGLE_UNIT ( ) );
#1854 = CARTESIAN_POINT ( 'NONE',  ( -4.367065325376102258, -1.600000000000000755, -0.6200000000000001066 ) ) ;
#1855 = DIRECTION ( 'NONE',  ( 0.000000000000000000, 0.000000000000000000, 1.000000000000000000 ) ) ;
#1856 = CARTESIAN_POINT ( 'NONE',  ( -5.075000000000001066, -1.600000000000000755, 1.920000000000000151 ) ) ;
#1857 = AXIS2_PLACEMENT_3D ( 'NONE', #246, #2241, #66 ) ;
#1858 = EDGE_CURVE ( 'NONE', #298, #1243, #2430, .T. ) ;
#1859 = VECTOR ( 'NONE', #2249, 1000.000000000000114 ) ;
#1860 = ORIENTED_EDGE ( 'NONE', *, *, #20, .F. ) ;
#1861 = PRESENTATION_LAYER_ASSIGNMENT (  '', '', ( #2269 ) ) ;
#1862 = ORIENTED_EDGE ( 'NONE', *, *, #1765, .T. ) ;
#1863 = LINE ( 'NONE', #399, #2365 ) ;
#1864 = PLANE ( 'NONE',  #1121 ) ;
#1865 = COLOUR_RGB ( '',0.2666666666666666630, 0.2666666666666666630, 0.2666666666666666630 ) ;
#1866 = ORIENTED_EDGE ( 'NONE', *, *, #1699, .T. ) ;
#1867 = ADVANCED_FACE ( 'NONE', ( #2917 ), #26, .F. ) ;
#1868 = CARTESIAN_POINT ( 'NONE',  ( 2.904825006755033634, 2.082584663776845257, 1.944825006755033669 ) ) ;
#1869 = PLANE ( 'NONE',  #1344 ) ;
#1870 = DIRECTION ( 'NONE',  ( -0.000000000000000000, -0.000000000000000000, -1.000000000000000000 ) ) ;
#1871 = DIRECTION ( 'NONE',  ( 1.000000000000000000, 0.000000000000000000, 0.000000000000000000 ) ) ;
#1872 = VECTOR ( 'NONE', #2286, 1000.000000000000000 ) ;
#1873 = DIRECTION ( 'NONE',  ( 1.000000000000000000, 0.000000000000000000, -0.000000000000000000 ) ) ;
#1874 = FILL_AREA_STYLE_COLOUR ( '', #2590 ) ;
#1875 = PRESENTATION_LAYER_ASSIGNMENT (  '', '', ( #1925 ) ) ;
#1876 = SURFACE_STYLE_FILL_AREA ( #440 ) ;
#1877 = VERTEX_POINT ( 'NONE', #2932 ) ;
#1878 = CARTESIAN_POINT ( 'NONE',  ( 4.367065325376102258, -23.25000000000000000, 0.6200000000000001066 ) ) ;
#1879 = DIRECTION ( 'NONE',  ( 0.000000000000000000, -0.000000000000000000, -1.000000000000000000 ) ) ;
#1880 = ADVANCED_FACE ( 'NONE', ( #534 ), #544, .F. ) ;
#1881 = ORIENTED_EDGE ( 'NONE', *, *, #615, .T. ) ;
#1882 =( LENGTH_UNIT ( ) NAMED_UNIT ( * ) SI_UNIT ( .MILLI., .METRE. ) );
#1883 = ORIENTED_EDGE ( 'NONE', *, *, #3042, .F. ) ;
#1884 = EDGE_CURVE ( 'NONE', #2851, #1714, #2475, .T. ) ;
#1885 = CARTESIAN_POINT ( 'NONE',  ( 4.767065325376100837, -23.25000000000000000, -1.520000000000000018 ) ) ;
#1886 = EDGE_CURVE ( 'NONE', #470, #3106, #752, .T. ) ;
#1887 = FILL_AREA_STYLE_COLOUR ( '', #2383 ) ;
#1888 = EDGE_CURVE ( 'NONE', #2153, #1139, #1258, .T. ) ;
#1889 = ORIENTED_EDGE ( 'NONE', *, *, #749, .F. ) ;
#1890 = DIRECTION ( 'NONE',  ( -0.7071067811865489050, 0.000000000000000000, 0.7071067811865462405 ) ) ;
#1891 = PLANE ( 'NONE',  #188 ) ;
#1892 = VECTOR ( 'NONE', #965, 1000.000000000000000 ) ;
#1893 = FACE_OUTER_BOUND ( 'NONE', #3007, .T. ) ;
#1894 = PRESENTATION_LAYER_ASSIGNMENT (  '', '', ( #1330 ) ) ;
#1895 = ORIENTED_EDGE ( 'NONE', *, *, #1015, .F. ) ;
#1896 = CYLINDRICAL_SURFACE ( 'NONE', #2969, 0.1499999999999999667 ) ;
#1897 = EDGE_CURVE ( 'NONE', #428, #825, #783, .T. ) ;
#1898 = ORIENTED_EDGE ( 'NONE', *, *, #865, .F. ) ;
#1899 =( GEOMETRIC_REPRESENTATION_CONTEXT ( 3 ) GLOBAL_UNCERTAINTY_ASSIGNED_CONTEXT ( ( #1756 ) ) GLOBAL_UNIT_ASSIGNED_CONTEXT ( ( #2109, #147, #897 ) ) REPRESENTATION_CONTEXT ( 'NONE', 'WORKASPACE' ) );
#1900 = VECTOR ( 'NONE', #824, 1000.000000000000000 ) ;
#1901 = VERTEX_POINT ( 'NONE', #486 ) ;
#1902 = DIRECTION ( 'NONE',  ( -1.000000000000000000, 0.000000000000000000, 0.000000000000000000 ) ) ;
#1903 = CARTESIAN_POINT ( 'NONE',  ( -5.075000000000001066, -1.850000000000000977, 1.020000000000000018 ) ) ;
#1904 = PRODUCT ( 'APC-817D1-SL', 'APC-817D1-SL', '', ( #2828 ) ) ;
#1905 = DIRECTION ( 'NONE',  ( 1.000000000000000000, 0.000000000000000000, 0.000000000000000000 ) ) ;
#1906 = PRESENTATION_LAYER_ASSIGNMENT (  '', '', ( #580 ) ) ;
#1907 = ORIENTED_EDGE ( 'NONE', *, *, #286, .F. ) ;
#1908 = CARTESIAN_POINT ( 'NONE',  ( 4.721032662688050330, -1.850000000000000533, -0.9739673373119495103 ) ) ;
#1909 = DIRECTION ( 'NONE',  ( -0.000000000000000000, 0.000000000000000000, -1.000000000000000000 ) ) ;
#1910 = AXIS2_PLACEMENT_3D ( 'NONE', #1479, #1444, #2230 ) ;
#1911 = VERTEX_POINT ( 'NONE', #1762 ) ;
#1912 = FILL_AREA_STYLE ('',( #432 ) ) ;
#1913 = ORIENTED_EDGE ( 'NONE', *, *, #1556, .T. ) ;
#1914 = DIRECTION ( 'NONE',  ( 0.000000000000000000, 0.000000000000000000, 1.000000000000000000 ) ) ;
#1915 = SHAPE_DEFINITION_REPRESENTATION ( #2489, #2458 ) ;
#1916 = ADVANCED_FACE ( 'NONE', ( #961 ), #2898, .T. ) ;
#1917 = ORIENTED_EDGE ( 'NONE', *, *, #1621, .F. ) ;
#1918 = UNCERTAINTY_MEASURE_WITH_UNIT (LENGTH_MEASURE( 1.000000000000000082E-05 ), #647, 'distance_accuracy_value', 'NONE');
#1919 = EDGE_CURVE ( 'NONE', #2214, #371, #319, .T. ) ;
#1920 = DIRECTION ( 'NONE',  ( -1.000000000000000000, 0.000000000000000000, 0.000000000000000000 ) ) ;
#1921 = DIRECTION ( 'NONE',  ( -1.000000000000000000, 0.000000000000000000, 0.000000000000000000 ) ) ;
#1922 = ORIENTED_EDGE ( 'NONE', *, *, #1043, .F. ) ;
#1923 = FACE_OUTER_BOUND ( 'NONE', #2784, .T. ) ;
#1924 = CARTESIAN_POINT ( 'NONE',  ( -2.274163689043441128, 1.750000000000000000, -1.322879531535087194 ) ) ;
#1925 = STYLED_ITEM ( 'NONE', ( #3127 ), #1086 ) ;
#1926 = ORIENTED_EDGE ( 'NONE', *, *, #686, .T. ) ;
#1927 = DIRECTION ( 'NONE',  ( -0.000000000000000000, -0.000000000000000000, -1.000000000000000000 ) ) ;
#1928 = ORIENTED_EDGE ( 'NONE', *, *, #2154, .T. ) ;
#1929 = LINE ( 'NONE', #1133, #2842 ) ;
#1930 = AXIS2_PLACEMENT_3D ( 'NONE', #942, #243, #1920 ) ;
#1931 = DIRECTION ( 'NONE',  ( 1.000000000000000000, -0.000000000000000000, 0.000000000000000000 ) ) ;
#1932 = ORIENTED_EDGE ( 'NONE', *, *, #2030, .T. ) ;
#1933 = VERTEX_POINT ( 'NONE', #1558 ) ;
#1934 = ADVANCED_FACE ( 'NONE', ( #2540 ), #2994, .F. ) ;
#1935 = DIRECTION ( 'NONE',  ( 1.000000000000000000, 0.000000000000000000, -0.000000000000000000 ) ) ;
#1936 = CARTESIAN_POINT ( 'NONE',  ( 5.075000000000001066, -1.600000000000000755, 1.920000000000000151 ) ) ;
#1937 = FACE_OUTER_BOUND ( 'NONE', #1312, .T. ) ;
#1938 = CARTESIAN_POINT ( 'NONE',  ( 4.275000000000000355, -1.850000000000000311, 1.920000000000000151 ) ) ;
#1939 = CARTESIAN_POINT ( 'NONE',  ( -4.367065325376102258, -1.450000000000000178, -1.920000000000000151 ) ) ;
#1940 = EDGE_LOOP ( 'NONE', ( #2620, #487, #883, #2050 ) ) ;
#1941 = VECTOR ( 'NONE', #1010, 1000.000000000000114 ) ;
#1942 = ORIENTED_EDGE ( 'NONE', *, *, #194, .F. ) ;
#1943 = DIRECTION ( 'NONE',  ( 0.000000000000000000, -0.000000000000000000, 1.000000000000000000 ) ) ;
#1944 = DIRECTION ( 'NONE',  ( -0.08248397231594427337, 0.9965923912568178666, 0.000000000000000000 ) ) ;
#1945 = CIRCLE ( 'NONE', #2704, 0.3783709567178428212 ) ;
#1946 = VERTEX_POINT ( 'NONE', #831 ) ;
#1947 = DIRECTION ( 'NONE',  ( -0.08248397231594292722, 0.9965923912568179777, 0.000000000000000000 ) ) ;
#1948 = DIRECTION ( 'NONE',  ( -0.000000000000000000, -1.000000000000000000, -0.000000000000000000 ) ) ;
#1949 = EDGE_CURVE ( 'NONE', #919, #2120, #336, .T. ) ;
#1950 = PLANE ( 'NONE',  #2907 ) ;
#1951 = DIRECTION ( 'NONE',  ( -1.000000000000000000, -2.710505431213757141E-16, 0.000000000000000000 ) ) ;
#1952 = EDGE_LOOP ( 'NONE', ( #2920, #2243, #2166, #2803 ) ) ;
#1953 = CARTESIAN_POINT ( 'NONE',  ( 3.918107167550506809, -0.8750000000000309752, 1.920000000000000151 ) ) ;
#1954 = DIRECTION ( 'NONE',  ( -0.000000000000000000, 0.000000000000000000, -1.000000000000000000 ) ) ;
#1955 = ORIENTED_EDGE ( 'NONE', *, *, #286, .T. ) ;
#1956 = VECTOR ( 'NONE', #930, 1000.000000000000227 ) ;
#1957 = ORIENTED_EDGE ( 'NONE', *, *, #1556, .F. ) ;
#1958 = CARTESIAN_POINT ( 'NONE',  ( 4.367065325376102258, -1.599999999999999645, 0.6200000000000001066 ) ) ;
#1959 = EDGE_CURVE ( 'NONE', #102, #1, #2491, .T. ) ;
#1960 = DIRECTION ( 'NONE',  ( 0.000000000000000000, 0.000000000000000000, -1.000000000000000000 ) ) ;
#1961 = DIRECTION ( 'NONE',  ( 0.000000000000000000, -0.1736481776669273336, 0.9848077530122086864 ) ) ;
#1962 = ORIENTED_EDGE ( 'NONE', *, *, #1083, .F. ) ;
#1963 = DIRECTION ( 'NONE',  ( -0.000000000000000000, -1.000000000000000000, -0.000000000000000000 ) ) ;
#1964 = DIRECTION ( 'NONE',  ( 1.000000000000000000, 0.000000000000000000, 0.000000000000000000 ) ) ;
#1965 = ORIENTED_EDGE ( 'NONE', *, *, #3048, .F. ) ;
#1966 = CARTESIAN_POINT ( 'NONE',  ( -1.719785658213591528, 0.1249999999999691080, 1.920000000000000151 ) ) ;
#1967 = DIRECTION ( 'NONE',  ( 1.000000000000000000, 0.000000000000000000, -0.000000000000000000 ) ) ;
#1968 = VERTEX_POINT ( 'NONE', #796 ) ;
#1969 = CARTESIAN_POINT ( 'NONE',  ( -4.275000000000000355, -1.550000000000000266, 0.6200000000000001066 ) ) ;
#1970 = ORIENTED_EDGE ( 'NONE', *, *, #1056, .T. ) ;
#1971 = DIRECTION ( 'NONE',  ( 0.7071067811865489050, 0.000000000000000000, 0.7071067811865462405 ) ) ;
#1972 = ADVANCED_FACE ( 'NONE', ( #1311 ), #2016, .F. ) ;
#1973 = VECTOR ( 'NONE', #2487, 1000.000000000000000 ) ;
#1974 = DIRECTION ( 'NONE',  ( -0.000000000000000000, -1.000000000000000000, -0.000000000000000000 ) ) ;
#1975 = FACE_OUTER_BOUND ( 'NONE', #2579, .T. ) ;
#1976 = EDGE_LOOP ( 'NONE', ( #271, #738, #1026, #2746 ) ) ;
#1977 = ADVANCED_FACE ( 'NONE', ( #1975 ), #265, .F. ) ;
#1978 = FACE_OUTER_BOUND ( 'NONE', #1976, .T. ) ;
#1979 = DIRECTION ( 'NONE',  ( -0.000000000000000000, -0.000000000000000000, -1.000000000000000000 ) ) ;
#1980 = EDGE_CURVE ( 'NONE', #138, #2211, #2314, .T. ) ;
#1981 = ORIENTED_EDGE ( 'NONE', *, *, #456, .F. ) ;
#1982 = DIRECTION ( 'NONE',  ( 0.000000000000000000, -1.000000000000000000, 0.000000000000000000 ) ) ;
#1983 = DIRECTION ( 'NONE',  ( -0.000000000000000000, -0.000000000000000000, -1.000000000000000000 ) ) ;
#1984 = EDGE_LOOP ( 'NONE', ( #2124, #1275, #3024, #1127, #2066, #1007, #2853 ) ) ;
#1985 = FACE_OUTER_BOUND ( 'NONE', #3134, .T. ) ;
#1986 = ORIENTED_EDGE ( 'NONE', *, *, #2351, .T. ) ;
#1987 = DIRECTION ( 'NONE',  ( 9.189001850162264434E-16, -1.000000000000000000, 0.000000000000000000 ) ) ;
#1988 = MECHANICAL_DESIGN_GEOMETRIC_PRESENTATION_REPRESENTATION (  '', ( #1266 ), #3059 ) ;
#1989 = ADVANCED_FACE ( 'NONE', ( #2223 ), #314, .F. ) ;
#1990 = LINE ( 'NONE', #74, #2766 ) ;
#1991 = VECTOR ( 'NONE', #2999, 1000.000000000000114 ) ;
#1992 = VECTOR ( 'NONE', #1667, 1000.000000000000000 ) ;
#1993 = CARTESIAN_POINT ( 'NONE',  ( 3.867423533312422723, -0.2626274041526391878, 1.520000000000000018 ) ) ;
#1994 = ORIENTED_EDGE ( 'NONE', *, *, #1949, .F. ) ;
#1995 = LINE ( 'NONE', #1793, #1671 ) ;
#1996 = FACE_OUTER_BOUND ( 'NONE', #398, .T. ) ;
#1997 = ORIENTED_EDGE ( 'NONE', *, *, #885, .T. ) ;
#1998 = AXIS2_PLACEMENT_3D ( 'NONE', #25, #1697, #2645 ) ;
#1999 = DIRECTION ( 'NONE',  ( -1.000000000000000000, 0.000000000000000000, 0.000000000000000000 ) ) ;
#2000 = FACE_OUTER_BOUND ( 'NONE', #215, .T. ) ;
#2001 = CIRCLE ( 'NONE', #2710, 0.2999999999999999334 ) ;
#2002 = ORIENTED_EDGE ( 'NONE', *, *, #98, .F. ) ;
#2003 =( LENGTH_UNIT ( ) NAMED_UNIT ( * ) SI_UNIT ( .MILLI., .METRE. ) );
#2004 = ORIENTED_EDGE ( 'NONE', *, *, #1391, .T. ) ;
#2005 = FACE_OUTER_BOUND ( 'NONE', #3056, .T. ) ;
#2006 = EDGE_LOOP ( 'NONE', ( #590, #2199, #532, #338 ) ) ;
#2007 = AXIS2_PLACEMENT_3D ( 'NONE', #2736, #387, #586 ) ;
#2008 = DIRECTION ( 'NONE',  ( -1.000000000000000000, 0.000000000000000000, 0.000000000000000000 ) ) ;
#2009 = EDGE_LOOP ( 'NONE', ( #1190, #2026, #2040, #3071 ) ) ;
#2010 = AXIS2_PLACEMENT_3D ( 'NONE', #2263, #549, #1278 ) ;
#2011 = ADVANCED_FACE ( 'NONE', ( #59 ), #1267, .F. ) ;
#2012 = PRODUCT_DEFINITION ( 'UNKNOWN', '', #3121, #3126 ) ;
#2013 = CARTESIAN_POINT ( 'NONE',  ( 3.918107167550506809, -0.8750000000000308642, -1.920000000000000151 ) ) ;
#2014 = CARTESIAN_POINT ( 'NONE',  ( 3.810000000000000941, -0.1750000000000308253, -1.920000000000000151 ) ) ;
#2015 = EDGE_CURVE ( 'NONE', #361, #821, #2252, .T. ) ;
#2016 = PLANE ( 'NONE',  #626 ) ;
#2017 = EDGE_LOOP ( 'NONE', ( #1881, #307, #2237, #2528 ) ) ;
#2018 = CARTESIAN_POINT ( 'NONE',  ( 4.767065325376100837, -1.850000000000000977, -1.520000000000000018 ) ) ;
#2019 = VERTEX_POINT ( 'NONE', #2737 ) ;
#2020 = DIRECTION ( 'NONE',  ( -1.000000000000000000, -2.710505431213757141E-16, 0.000000000000000000 ) ) ;
#2021 = CARTESIAN_POINT ( 'NONE',  ( 2.963468656348744013, 1.750000000000000000, 0.000000000000000000 ) ) ;
#2022 = EDGE_CURVE ( 'NONE', #2037, #2602, #2690, .T. ) ;
#2023 = ORIENTED_EDGE ( 'NONE', *, *, #2131, .F. ) ;
#2024 = FACE_OUTER_BOUND ( 'NONE', #53, .T. ) ;
#2025 = VECTOR ( 'NONE', #497, 1000.000000000000000 ) ;
#2026 = ORIENTED_EDGE ( 'NONE', *, *, #552, .F. ) ;
#2027 = CARTESIAN_POINT ( 'NONE',  ( 3.250000000000000000, 1.750000000000000000, 2.290000000000000036 ) ) ;
#2028 = PLANE ( 'NONE',  #4 ) ;
#2029 = CARTESIAN_POINT ( 'NONE',  ( -3.976022282622954762, -1.574745191694783442, -1.920000000000000151 ) ) ;
#2030 = EDGE_CURVE ( 'NONE', #1518, #2936, #2707, .T. ) ;
#2031 = LINE ( 'NONE', #117, #226 ) ;
#2032 = SURFACE_SIDE_STYLE ('',( #3012 ) ) ;
#2033 = VERTEX_POINT ( 'NONE', #791 ) ;
#2034 = DIRECTION ( 'NONE',  ( 0.000000000000000000, 0.000000000000000000, -1.000000000000000000 ) ) ;
#2035 = DIRECTION ( 'NONE',  ( 1.000000000000000000, 2.710505431213757141E-16, -0.000000000000000000 ) ) ;
#2036 = CARTESIAN_POINT ( 'NONE',  ( -4.108977717377046979, -0.1502548083052476779, -0.6200000000000001066 ) ) ;
#2037 = VERTEX_POINT ( 'NONE', #1993 ) ;
#2038 = DIRECTION ( 'NONE',  ( -0.000000000000000000, -0.000000000000000000, -1.000000000000000000 ) ) ;
#2039 = PLANE ( 'NONE',  #1386 ) ;
#2040 = ORIENTED_EDGE ( 'NONE', *, *, #79, .F. ) ;
#2041 = VECTOR ( 'NONE', #2480, 1000.000000000000000 ) ;
#2042 = FACE_OUTER_BOUND ( 'NONE', #635, .T. ) ;
#2043 = DIRECTION ( 'NONE',  ( 1.000000000000000000, 2.710505431213757141E-16, 0.000000000000000000 ) ) ;
#2044 = CARTESIAN_POINT ( 'NONE',  ( 4.217576466687580350, -1.462372595847391432, 0.6200000000000001066 ) ) ;
#2045 = CARTESIAN_POINT ( 'NONE',  ( -4.721032662688050330, -1.850000000000000533, 1.566032662688050747 ) ) ;
#2046 = CARTESIAN_POINT ( 'NONE',  ( -5.075000000000001066, -1.850000000000000533, 1.920000000000000151 ) ) ;
#2047 = EDGE_CURVE ( 'NONE', #108, #3031, #878, .T. ) ;
#2048 = VERTEX_POINT ( 'NONE', #1532 ) ;
#2049 = FILL_AREA_STYLE ('',( #2261 ) ) ;
#2050 = ORIENTED_EDGE ( 'NONE', *, *, #1724, .F. ) ;
#2051 = LINE ( 'NONE', #2327, #1172 ) ;
#2052 = CIRCLE ( 'NONE', #2854, 0.1499999999999999667 ) ;
#2053 = COLOUR_RGB ( '',0.2666666666666666630, 0.2666666666666666630, 0.2666666666666666630 ) ;
#2054 = EDGE_CURVE ( 'NONE', #1510, #2388, #2909, .T. ) ;
#2055 = ORIENTED_EDGE ( 'NONE', *, *, #202, .F. ) ;
#2056 = CARTESIAN_POINT ( 'NONE',  ( 5.075000000000001066, -1.850000000000000533, -0.6200000000000001066 ) ) ;
#2057 = ORIENTED_EDGE ( 'NONE', *, *, #1530, .T. ) ;
#2058 = EDGE_CURVE ( 'NONE', #2526, #2868, #328, .T. ) ;
#2059 = FILL_AREA_STYLE_COLOUR ( '', #1801 ) ;
#2060 = EDGE_LOOP ( 'NONE', ( #84, #721, #612, #2616 ) ) ;
#2061 = VERTEX_POINT ( 'NONE', #2940 ) ;
#2062 = FACE_OUTER_BOUND ( 'NONE', #1022, .T. ) ;
#2063 = CIRCLE ( 'NONE', #682, 0.1499999999999999667 ) ;
#2064 = CARTESIAN_POINT ( 'NONE',  ( -4.168961982611580019, -0.8750000000000308642, -1.920000000000000151 ) ) ;
#2065 = DIRECTION ( 'NONE',  ( -1.000000000000000000, 0.000000000000000000, 0.000000000000000000 ) ) ;
#2066 = ORIENTED_EDGE ( 'NONE', *, *, #1353, .F. ) ;
#2067 = CARTESIAN_POINT ( 'NONE',  ( 3.976022282622954762, -1.574745191694783442, -1.520000000000000018 ) ) ;
#2068 = ORIENTED_EDGE ( 'NONE', *, *, #466, .T. ) ;
#2069 = FACE_OUTER_BOUND ( 'NONE', #2447, .T. ) ;
#2070 = DIRECTION ( 'NONE',  ( -0.000000000000000000, -0.000000000000000000, -1.000000000000000000 ) ) ;
#2071 = ORIENTED_EDGE ( 'NONE', *, *, #3018, .F. ) ;
#2072 = CARTESIAN_POINT ( 'NONE',  ( -4.275000000000000355, -1.550000000000000266, -0.6200000000000001066 ) ) ;
#2073 = EDGE_CURVE ( 'NONE', #181, #667, #2675, .T. ) ;
#2074 = ORIENTED_EDGE ( 'NONE', *, *, #199, .F. ) ;
#2075 = LINE ( 'NONE', #806, #929 ) ;
#2076 = CARTESIAN_POINT ( 'NONE',  ( 0.000000000000000000, 1.750000000000000000, 0.000000000000000000 ) ) ;
#2077 = FACE_OUTER_BOUND ( 'NONE', #2202, .T. ) ;
#2078 = AXIS2_PLACEMENT_3D ( 'NONE', #1649, #1134, #1605 ) ;
#2079 = CIRCLE ( 'NONE', #696, 0.3000000000000003775 ) ;
#2080 = ADVANCED_FACE ( 'NONE', ( #760 ), #297, .F. ) ;
#2081 = DIRECTION ( 'NONE',  ( -0.000000000000000000, -0.000000000000000000, -1.000000000000000000 ) ) ;
#2082 = LINE ( 'NONE', #629, #1675 ) ;
#2083 = ORIENTED_EDGE ( 'NONE', *, *, #1116, .F. ) ;
#2084 = SURFACE_STYLE_FILL_AREA ( #1071 ) ;
#2085 = CARTESIAN_POINT ( 'NONE',  ( -4.275000000000000355, -1.850000000000000311, 1.920000000000000151 ) ) ;
#2086 = ORIENTED_EDGE ( 'NONE', *, *, #782, .F. ) ;
#2087 = DIRECTION ( 'NONE',  ( -0.08248397231594427337, 0.9965923912568178666, -0.000000000000000000 ) ) ;
#2088 = VERTEX_POINT ( 'NONE', #2552 ) ;
#2089 = EDGE_CURVE ( 'NONE', #2159, #1256, #3060, .T. ) ;
#2090 = EDGE_LOOP ( 'NONE', ( #1374, #2837, #977, #2874, #2595, #1197, #2262, #2004, #1261, #403, #2713 ) ) ;
#2091 = SURFACE_STYLE_FILL_AREA ( #1132 ) ;
#2092 = CARTESIAN_POINT ( 'NONE',  ( 4.367065325376102258, -1.599999999999999645, -0.6200000000000001066 ) ) ;
#2093 = CIRCLE ( 'NONE', #610, 0.2999999999999999334 ) ;
#2094 = VECTOR ( 'NONE', #3046, 1000.000000000000000 ) ;
#2095 = FACE_OUTER_BOUND ( 'NONE', #2864, .T. ) ;
#2096 = EDGE_CURVE ( 'NONE', #584, #1518, #2075, .T. ) ;
#2097 = ORIENTED_EDGE ( 'NONE', *, *, #1515, .T. ) ;
#2098 = VECTOR ( 'NONE', #2877, 1000.000000000000000 ) ;
#2099 = SURFACE_STYLE_USAGE ( .BOTH. , #1359 ) ;
#2100 = ORIENTED_EDGE ( 'NONE', *, *, #2054, .T. ) ;
#2101 = DIRECTION ( 'NONE',  ( -0.000000000000000000, -0.000000000000000000, -1.000000000000000000 ) ) ;
#2102 = DIRECTION ( 'NONE',  ( -0.000000000000000000, -0.000000000000000000, -1.000000000000000000 ) ) ;
#2103 = VERTEX_POINT ( 'NONE', #1789 ) ;
#2104 = CARTESIAN_POINT ( 'NONE',  ( -3.918107167550506809, -0.8750000000000308642, -1.920000000000000151 ) ) ;
#2105 = ORIENTED_EDGE ( 'NONE', *, *, #2333, .T. ) ;
#2106 = VECTOR ( 'NONE', #972, 1000.000000000000000 ) ;
#2107 = SURFACE_STYLE_FILL_AREA ( #434 ) ;
#2108 = ORIENTED_EDGE ( 'NONE', *, *, #1449, .T. ) ;
#2109 =( LENGTH_UNIT ( ) NAMED_UNIT ( * ) SI_UNIT ( .MILLI., .METRE. ) );
#2110 = CARTESIAN_POINT ( 'NONE',  ( -3.717934674623899927, -0.2750000000000308864, -0.6200000000000001066 ) ) ;
#2111 = FACE_OUTER_BOUND ( 'NONE', #1322, .T. ) ;
#2112 = VECTOR ( 'NONE', #1506, 1000.000000000000000 ) ;
#2113 = EDGE_CURVE ( 'NONE', #352, #2159, #1303, .T. ) ;
#2114 =( NAMED_UNIT ( * ) SI_UNIT ( $, .STERADIAN. ) SOLID_ANGLE_UNIT ( ) );
#2115 = VECTOR ( 'NONE', #1302, 1000.000000000000000 ) ;
#2116 = SURFACE_STYLE_FILL_AREA ( #2355 ) ;
#2117 =( GEOMETRIC_REPRESENTATION_CONTEXT ( 3 ) GLOBAL_UNCERTAINTY_ASSIGNED_CONTEXT ( ( #1375 ) ) GLOBAL_UNIT_ASSIGNED_CONTEXT ( ( #1882, #907, #186 ) ) REPRESENTATION_CONTEXT ( 'NONE', 'WORKASPACE' ) );
#2118 = DIRECTION ( 'NONE',  ( 0.000000000000000000, 0.000000000000000000, -1.000000000000000000 ) ) ;
#2119 = EDGE_CURVE ( 'NONE', #2790, #3106, #1581, .T. ) ;
#2120 = VERTEX_POINT ( 'NONE', #1061 ) ;
#2121 = UNCERTAINTY_MEASURE_WITH_UNIT (LENGTH_MEASURE( 1.000000000000000082E-05 ), #2003, 'distance_accuracy_value', 'NONE');
#2122 = PLANE ( 'NONE',  #984 ) ;
#2123 = DIRECTION ( 'NONE',  ( -2.710505431213757141E-16, 1.000000000000000000, 0.000000000000000000 ) ) ;
#2124 = ORIENTED_EDGE ( 'NONE', *, *, #2497, .F. ) ;
#2125 = CYLINDRICAL_SURFACE ( 'NONE', #241, 0.3783709567178428212 ) ;
#2126 = ADVANCED_FACE ( 'NONE', ( #2283 ), #2039, .F. ) ;
#2127 = ORIENTED_EDGE ( 'NONE', *, *, #2918, .T. ) ;
#2128 = ORIENTED_EDGE ( 'NONE', *, *, #782, .T. ) ;
#2129 = MANIFOLD_SOLID_BREP ( 'Cut-Extrude2[3]', #698 ) ;
#2130 = DIRECTION ( 'NONE',  ( -0.08248397231594427337, 0.9965923912568178666, -0.000000000000000000 ) ) ;
#2131 = EDGE_CURVE ( 'NONE', #2543, #2103, #3023, .T. ) ;
#2132 = ORIENTED_EDGE ( 'NONE', *, *, #2586, .F. ) ;
#2133 = FACE_OUTER_BOUND ( 'NONE', #2957, .T. ) ;
#2134 = DIRECTION ( 'NONE',  ( 0.000000000000000000, -1.000000000000000000, -0.000000000000000000 ) ) ;
#2135 = STYLED_ITEM ( 'NONE', ( #1842 ), #978 ) ;
#2136 = DIRECTION ( 'NONE',  ( 1.000000000000000000, 0.000000000000000000, 0.000000000000000000 ) ) ;
#2137 = ORIENTED_EDGE ( 'NONE', *, *, #1621, .T. ) ;
#2138 = CARTESIAN_POINT ( 'NONE',  ( 1.719785658213591528, -0.1250000000000311695, -0.6200000000000001066 ) ) ;
#2139 = ORIENTED_EDGE ( 'NONE', *, *, #1849, .F. ) ;
#2140 = EDGE_CURVE ( 'NONE', #2868, #1239, #1618, .T. ) ;
#2141 = FILL_AREA_STYLE_COLOUR ( '', #2614 ) ;
#2142 = ORIENTED_EDGE ( 'NONE', *, *, #294, .T. ) ;
#2143 = DIRECTION ( 'NONE',  ( -0.000000000000000000, -0.000000000000000000, -1.000000000000000000 ) ) ;
#2144 = DIRECTION ( 'NONE',  ( -0.1710878697460326281, -0.9702875252478150303, -0.1710878697460326281 ) ) ;
#2145 = VECTOR ( 'NONE', #1166, 1000.000000000000000 ) ;
#2146 = LINE ( 'NONE', #2862, #2186 ) ;
#2147 = DIRECTION ( 'NONE',  ( -1.000000000000000000, 1.627809783326294483E-16, 0.000000000000000000 ) ) ;
#2148 = VECTOR ( 'NONE', #1072, 1000.000000000000000 ) ;
#2149 = CARTESIAN_POINT ( 'NONE',  ( -5.075000000000001066, -23.25000000000000000, 1.020000000000000018 ) ) ;
#2150 = ADVANCED_FACE ( 'NONE', ( #1286 ), #2299, .F. ) ;
#2151 = EDGE_LOOP ( 'NONE', ( #2668, #2363, #520, #664, #1709, #325, #536, #513, #1690, #1202, #2684 ) ) ;
#2152 = CARTESIAN_POINT ( 'NONE',  ( 3.810000000000000941, -0.1750000000000308253, 1.520000000000000018 ) ) ;
#2153 = VERTEX_POINT ( 'NONE', #1402 ) ;
#2154 = EDGE_CURVE ( 'NONE', #799, #315, #1676, .T. ) ;
#2155 = CARTESIAN_POINT ( 'NONE',  ( 1.719785658213591528, -0.1250000000000311695, 1.920000000000000151 ) ) ;
#2156 = VECTOR ( 'NONE', #351, 1000.000000000000114 ) ;
#2157 = EDGE_CURVE ( 'NONE', #30, #2936, #2404, .T. ) ;
#2158 =( GEOMETRIC_REPRESENTATION_CONTEXT ( 3 ) GLOBAL_UNCERTAINTY_ASSIGNED_CONTEXT ( ( #121 ) ) GLOBAL_UNIT_ASSIGNED_CONTEXT ( ( #2332, #860, #1853 ) ) REPRESENTATION_CONTEXT ( 'NONE', 'WORKASPACE' ) );
#2159 = VERTEX_POINT ( 'NONE', #2622 ) ;
#2160 = ORIENTED_EDGE ( 'NONE', *, *, #3109, .T. ) ;
#2161 = CARTESIAN_POINT ( 'NONE',  ( 5.017065325376101725, -1.600000000000000755, -1.269999999999997797 ) ) ;
#2162 = LINE ( 'NONE', #1047, #2313 ) ;
#2163 = COLOUR_RGB ( '',0.8941176470588234615, 0.8941176470588234615, 0.8941176470588234615 ) ;
#2164 = LINE ( 'NONE', #1612, #2818 ) ;
#2165 = PLANE ( 'NONE',  #3001 ) ;
#2166 = ORIENTED_EDGE ( 'NONE', *, *, #1884, .F. ) ;
#2167 = CARTESIAN_POINT ( 'NONE',  ( 5.075000000000001066, -1.850000000000000533, -0.6200000000000001066 ) ) ;
#2168 = ORIENTED_EDGE ( 'NONE', *, *, #1208, .F. ) ;
#2169 = VECTOR ( 'NONE', #2294, 1000.000000000000000 ) ;
#2170 = DIRECTION ( 'NONE',  ( -0.000000000000000000, 0.000000000000000000, -1.000000000000000000 ) ) ;
#2171 = ADVANCED_FACE ( 'NONE', ( #1646 ), #1366, .F. ) ;
#2172 =( NAMED_UNIT ( * ) PLANE_ANGLE_UNIT ( ) SI_UNIT ( $, .RADIAN. ) );
#2173 = ORIENTED_EDGE ( 'NONE', *, *, #366, .F. ) ;
#2174 = ORIENTED_EDGE ( 'NONE', *, *, #2047, .T. ) ;
#2175 = CARTESIAN_POINT ( 'NONE',  ( -5.075000000000001066, -23.25000000000000000, -1.520000000000000018 ) ) ;
#2176 =( NAMED_UNIT ( * ) PLANE_ANGLE_UNIT ( ) SI_UNIT ( $, .RADIAN. ) );
#2177 = DIRECTION ( 'NONE',  ( -0.000000000000000000, -0.000000000000000000, -1.000000000000000000 ) ) ;
#2178 = PLANE ( 'NONE',  #1179 ) ;
#2179 = LINE ( 'NONE', #2242, #1427 ) ;
#2180 = EDGE_CURVE ( 'NONE', #1392, #2494, #1417, .T. ) ;
#2181 = VECTOR ( 'NONE', #478, 1000.000000000000000 ) ;
#2182 = VERTEX_POINT ( 'NONE', #3122 ) ;
#2183 = SURFACE_STYLE_FILL_AREA ( #1008 ) ;
#2184 = ORIENTED_EDGE ( 'NONE', *, *, #1421, .T. ) ;
#2185 = CARTESIAN_POINT ( 'NONE',  ( -3.717934674623899927, -0.2750000000000308864, -0.6200000000000001066 ) ) ;
#2186 = VECTOR ( 'NONE', #866, 1000.000000000000000 ) ;
#2187 = CARTESIAN_POINT ( 'NONE',  ( -4.367065325376102258, -1.600000000000000089, -0.6200000000000001066 ) ) ;
#2188 = ADVANCED_FACE ( 'NONE', ( #189 ), #2636, .F. ) ;
#2189 = ORIENTED_EDGE ( 'NONE', *, *, #982, .T. ) ;
#2190 = CARTESIAN_POINT ( 'NONE',  ( -3.976022282622954762, -1.574745191694783442, 1.920000000000000151 ) ) ;
#2191 = ORIENTED_EDGE ( 'NONE', *, *, #2688, .F. ) ;
#2192 = CARTESIAN_POINT ( 'NONE',  ( 3.717934674623899927, -0.1250000000000308087, -0.6200000000000001066 ) ) ;
#2193 =( LENGTH_UNIT ( ) NAMED_UNIT ( * ) SI_UNIT ( .MILLI., .METRE. ) );
#2194 = LINE ( 'NONE', #24, #621 ) ;
#2195 = DIRECTION ( 'NONE',  ( 1.000000000000000000, 0.000000000000000000, 0.000000000000000000 ) ) ;
#2196 = ADVANCED_FACE ( 'NONE', ( #2347 ), #1869, .F. ) ;
#2197 = CARTESIAN_POINT ( 'NONE',  ( -3.115938548982001954, -0.8853002698699261597, -2.155938548982001546 ) ) ;
#2198 = VECTOR ( 'NONE', #1201, 1000.000000000000000 ) ;
#2199 = ORIENTED_EDGE ( 'NONE', *, *, #2546, .F. ) ;
#2200 = VECTOR ( 'NONE', #71, 1000.000000000000000 ) ;
#2201 = CARTESIAN_POINT ( 'NONE',  ( -1.719785658213591528, 0.1249999999999691080, -0.6200000000000001066 ) ) ;
#2202 = EDGE_LOOP ( 'NONE', ( #3102, #1848, #2385, #1486, #238, #1040, #1104, #2055 ) ) ;
#2203 = CARTESIAN_POINT ( 'NONE',  ( -3.867423533312422723, -0.2626274041526391878, -1.520000000000000018 ) ) ;
#2204 = CARTESIAN_POINT ( 'NONE',  ( 4.367065325376102258, -1.450000000000000178, -0.6200000000000001066 ) ) ;
#2205 = MECHANICAL_DESIGN_GEOMETRIC_PRESENTATION_REPRESENTATION (  '', ( #2899 ), #1225 ) ;
#2206 = MANIFOLD_SOLID_BREP ( 'Cut-Extrude3', #3047 ) ;
#2207 = PRESENTATION_LAYER_ASSIGNMENT (  '', '', ( #426 ) ) ;
#2208 =( NAMED_UNIT ( * ) SI_UNIT ( $, .STERADIAN. ) SOLID_ANGLE_UNIT ( ) );
#2209 = EDGE_CURVE ( 'NONE', #2638, #1946, #1990, .T. ) ;
#2210 = CARTESIAN_POINT ( 'NONE',  ( -4.367065325376102258, -1.850000000000000977, 1.920000000000000151 ) ) ;
#2211 = VERTEX_POINT ( 'NONE', #2871 ) ;
#2212 = CARTESIAN_POINT ( 'NONE',  ( 5.075000000000001066, -1.850000000000000533, 1.920000000000000151 ) ) ;
#2213 = PRESENTATION_STYLE_ASSIGNMENT (( #737 ) ) ;
#2214 = VERTEX_POINT ( 'NONE', #983 ) ;
#2215 = ADVANCED_FACE ( 'NONE', ( #474 ), #2972, .F. ) ;
#2216 = LINE ( 'NONE', #42, #1073 ) ;
#2217 = ORIENTED_EDGE ( 'NONE', *, *, #2611, .T. ) ;
#2218 = CARTESIAN_POINT ( 'NONE',  ( 3.810000000000000941, 0.1249999999999691080, 1.520000000000000018 ) ) ;
#2219 = AXIS2_PLACEMENT_3D ( 'NONE', #2155, #419, #1159 ) ;
#2220 = ADVANCED_FACE ( 'NONE', ( #2938 ), #2953, .F. ) ;
#2221 = CARTESIAN_POINT ( 'NONE',  ( 3.976022282622954762, -1.574745191694783442, -0.6200000000000001066 ) ) ;
#2222 = EDGE_CURVE ( 'NONE', #2933, #2647, #538, .T. ) ;
#2223 = FACE_OUTER_BOUND ( 'NONE', #1419, .T. ) ;
#2224 = SURFACE_STYLE_FILL_AREA ( #509 ) ;
#2225 = DIRECTION ( 'NONE',  ( -0.000000000000000000, 0.000000000000000000, 1.000000000000000000 ) ) ;
#2226 = CARTESIAN_POINT ( 'NONE',  ( -3.717934674623899927, -0.1250000000000308364, -0.6200000000000001066 ) ) ;
#2227 = LINE ( 'NONE', #2445, #2198 ) ;
#2228 = EDGE_CURVE ( 'NONE', #197, #277, #772, .T. ) ;
#2229 = VERTEX_POINT ( 'NONE', #758 ) ;
#2230 = DIRECTION ( 'NONE',  ( -1.000000000000000000, 0.000000000000000000, 0.000000000000000000 ) ) ;
#2231 = ORIENTED_EDGE ( 'NONE', *, *, #1779, .F. ) ;
#2232 = PLANE ( 'NONE',  #2300 ) ;
#2233 = AXIS2_PLACEMENT_3D ( 'NONE', #3108, #926, #2786 ) ;
#2234 = CARTESIAN_POINT ( 'NONE',  ( -3.717934674623899927, -0.2750000000000308864, 1.920000000000000151 ) ) ;
#2235 = MECHANICAL_DESIGN_GEOMETRIC_PRESENTATION_REPRESENTATION (  '', ( #1827 ), #1722 ) ;
#2236 = DIRECTION ( 'NONE',  ( -0.000000000000000000, -0.000000000000000000, -1.000000000000000000 ) ) ;
#2237 = ORIENTED_EDGE ( 'NONE', *, *, #1056, .F. ) ;
#2238 = DIRECTION ( 'NONE',  ( -0.000000000000000000, -0.000000000000000000, -1.000000000000000000 ) ) ;
#2239 = CARTESIAN_POINT ( 'NONE',  ( 3.810000000000000941, 0.1249999999999691080, -0.6200000000000001066 ) ) ;
#2240 = VERTEX_POINT ( 'NONE', #280 ) ;
#2241 = DIRECTION ( 'NONE',  ( -1.627809783326294483E-16, 1.000000000000000000, 0.000000000000000000 ) ) ;
#2242 = CARTESIAN_POINT ( 'NONE',  ( 4.108977717377046091, -0.1502548083052476502, -0.6200000000000001066 ) ) ;
#2243 = ORIENTED_EDGE ( 'NONE', *, *, #1421, .F. ) ;
#2244 = DIRECTION ( 'NONE',  ( 0.000000000000000000, -1.000000000000000000, 0.000000000000000000 ) ) ;
#2245 = ORIENTED_EDGE ( 'NONE', *, *, #2954, .T. ) ;
#2246 = CARTESIAN_POINT ( 'NONE',  ( -3.867423533312422723, -0.2626274041526392988, -0.6200000000000001066 ) ) ;
#2247 = VECTOR ( 'NONE', #946, 1000.000000000000000 ) ;
#2248 = VERTEX_POINT ( 'NONE', #1450 ) ;
#2249 = DIRECTION ( 'NONE',  ( 0.08248397231594292722, -0.9965923912568179777, -0.000000000000000000 ) ) ;
#2250 = EDGE_CURVE ( 'NONE', #1687, #1146, #2468, .T. ) ;
#2251 = VECTOR ( 'NONE', #1681, 1000.000000000000000 ) ;
#2252 = LINE ( 'NONE', #744, #674 ) ;
#2253 = EDGE_CURVE ( 'NONE', #315, #3082, #2435, .T. ) ;
#2254 = CARTESIAN_POINT ( 'NONE',  ( -2.274163689043441128, 1.745000000000000107, -0.9445085748172442619 ) ) ;
#2255 = EDGE_CURVE ( 'NONE', #919, #2492, #312, .T. ) ;
#2256 = CIRCLE ( 'NONE', #1437, 0.3000000000000003775 ) ;
#2257 = DIRECTION ( 'NONE',  ( -0.000000000000000000, 0.000000000000000000, -1.000000000000000000 ) ) ;
#2258 = FILL_AREA_STYLE_COLOUR ( '', #3069 ) ;
#2259 = VECTOR ( 'NONE', #2928, 1000.000000000000000 ) ;
#2260 = ORIENTED_EDGE ( 'NONE', *, *, #585, .T. ) ;
#2261 = FILL_AREA_STYLE_COLOUR ( '', #2603 ) ;
#2262 = ORIENTED_EDGE ( 'NONE', *, *, #516, .T. ) ;
#2263 = CARTESIAN_POINT ( 'NONE',  ( -3.250000000000000000, 1.750000000000000000, 2.290000000000000036 ) ) ;
#2264 = FACE_OUTER_BOUND ( 'NONE', #376, .T. ) ;
#2265 = ORIENTED_EDGE ( 'NONE', *, *, #135, .T. ) ;
#2266 = VECTOR ( 'NONE', #2195, 1000.000000000000000 ) ;
#2267 = CARTESIAN_POINT ( 'NONE',  ( 4.767065325376100837, -1.600000000000000755, 1.520000000000000018 ) ) ;
#2268 = AXIS2_PLACEMENT_3D ( 'NONE', #143, #822, #604 ) ;
#2269 = STYLED_ITEM ( 'NONE', ( #768 ), #2712 ) ;
#2270 = DIRECTION ( 'NONE',  ( 1.000000000000000000, 0.000000000000000000, 0.000000000000000000 ) ) ;
#2271 = DIRECTION ( 'NONE',  ( -1.000000000000000000, 0.000000000000000000, 0.000000000000000000 ) ) ;
#2272 = AXIS2_PLACEMENT_3D ( 'NONE', #355, #2512, #2020 ) ;
#2273 = CARTESIAN_POINT ( 'NONE',  ( 3.976022282622954762, -1.574745191694783664, 1.920000000000000151 ) ) ;
#2274 = LINE ( 'NONE', #577, #379 ) ;
#2275 = FILL_AREA_STYLE ('',( #2742 ) ) ;
#2276 = ORIENTED_EDGE ( 'NONE', *, *, #1724, .T. ) ;
#2277 = CARTESIAN_POINT ( 'NONE',  ( -5.371032662688050685, -1.850000000000000533, -0.9160326626880482825 ) ) ;
#2278 = SURFACE_STYLE_USAGE ( .BOTH. , #1526 ) ;
#2279 = CARTESIAN_POINT ( 'NONE',  ( 3.810000000000000941, -0.1750000000000308253, 0.6200000000000001066 ) ) ;
#2280 = ORIENTED_EDGE ( 'NONE', *, *, #304, .F. ) ;
#2281 = AXIS2_PLACEMENT_3D ( 'NONE', #2960, #1824, #1050 ) ;
#2282 = CARTESIAN_POINT ( 'NONE',  ( 4.367065325376102258, -1.450000000000000178, -1.920000000000000151 ) ) ;
#2283 = FACE_OUTER_BOUND ( 'NONE', #1268, .T. ) ;
#2284 = EDGE_CURVE ( 'NONE', #158, #108, #505, .T. ) ;
#2285 = DIRECTION ( 'NONE',  ( -1.000000000000000000, 0.000000000000000000, 0.000000000000000000 ) ) ;
#2286 = DIRECTION ( 'NONE',  ( 0.7071067811865462405, 6.497605520585456774E-16, 0.7071067811865489050 ) ) ;
#2287 = ADVANCED_FACE ( 'NONE', ( #2452 ), #790, .F. ) ;
#2288 = LINE ( 'NONE', #2774, #1600 ) ;
#2289 = FILL_AREA_STYLE ('',( #2258 ) ) ;
#2290 = ORIENTED_EDGE ( 'NONE', *, *, #1656, .F. ) ;
#2291 = CARTESIAN_POINT ( 'NONE',  ( -5.075000000000001066, -1.600000000000000755, 1.520000000000000018 ) ) ;
#2292 = ADVANCED_FACE ( 'NONE', ( #2672 ), #2469, .F. ) ;
#2293 = EDGE_LOOP ( 'NONE', ( #2265, #673, #2280, #2097 ) ) ;
#2294 = DIRECTION ( 'NONE',  ( 0.000000000000000000, 0.000000000000000000, 1.000000000000000000 ) ) ;
#2295 = CARTESIAN_POINT ( 'NONE',  ( -4.275000000000000355, -1.850000000000000311, 0.6200000000000001066 ) ) ;
#2296 = ORIENTED_EDGE ( 'NONE', *, *, #2386, .T. ) ;
#2297 = DIRECTION ( 'NONE',  ( -0.000000000000000000, 0.000000000000000000, -1.000000000000000000 ) ) ;
#2298 = VECTOR ( 'NONE', #1006, 1000.000000000000227 ) ;
#2299 = PLANE ( 'NONE',  #773 ) ;
#2300 = AXIS2_PLACEMENT_3D ( 'NONE', #31, #1987, #2951 ) ;
#2301 = LINE ( 'NONE', #3045, #873 ) ;
#2302 = VERTEX_POINT ( 'NONE', #1733 ) ;
#2303 = LINE ( 'NONE', #1503, #2625 ) ;
#2304 = DIRECTION ( 'NONE',  ( -0.000000000000000000, 1.000000000000000000, -0.000000000000000000 ) ) ;
#2305 = VECTOR ( 'NONE', #1069, 1000.000000000000000 ) ;
#2306 = CARTESIAN_POINT ( 'NONE',  ( 4.108977717377046979, -0.1502548083052476779, 1.520000000000000018 ) ) ;
#2307 =( NAMED_UNIT ( * ) SI_UNIT ( $, .STERADIAN. ) SOLID_ANGLE_UNIT ( ) );
#2308 = ORIENTED_EDGE ( 'NONE', *, *, #146, .T. ) ;
#2309 = ORIENTED_EDGE ( 'NONE', *, *, #1223, .F. ) ;
#2310 = UNCERTAINTY_MEASURE_WITH_UNIT (LENGTH_MEASURE( 1.000000000000000082E-05 ), #3030, 'distance_accuracy_value', 'NONE');
#2311 = LINE ( 'NONE', #1315, #2169 ) ;
#2312 = DIRECTION ( 'NONE',  ( 0.08248397231594427337, 0.9965923912568178666, 0.000000000000000000 ) ) ;
#2313 = VECTOR ( 'NONE', #1711, 1000.000000000000000 ) ;
#2314 = CIRCLE ( 'NONE', #231, 0.3783709567178428212 ) ;
#2315 = ORIENTED_EDGE ( 'NONE', *, *, #589, .T. ) ;
#2316 = LINE ( 'NONE', #2531, #145 ) ;
#2317 = ORIENTED_EDGE ( 'NONE', *, *, #489, .F. ) ;
#2318 = EDGE_CURVE ( 'NONE', #761, #298, #2652, .T. ) ;
#2319 = VECTOR ( 'NONE', #1974, 1000.000000000000000 ) ;
#2320 = SURFACE_SIDE_STYLE ('',( #2091 ) ) ;
#2321 = DIRECTION ( 'NONE',  ( -1.000000000000000000, 0.000000000000000000, 0.000000000000000000 ) ) ;
#2322 = EDGE_CURVE ( 'NONE', #1139, #2602, #2063, .T. ) ;
#2323 = PLANE ( 'NONE',  #2678 ) ;
#2324 = DIRECTION ( 'NONE',  ( -1.627809783326294483E-16, 1.000000000000000000, 0.000000000000000000 ) ) ;
#2325 = ORIENTED_EDGE ( 'NONE', *, *, #79, .T. ) ;
#2326 = CYLINDRICAL_SURFACE ( 'NONE', #1670, 0.1499999999999999667 ) ;
#2327 = CARTESIAN_POINT ( 'NONE',  ( 3.976022282622954762, -1.574745191694783442, 0.6200000000000001066 ) ) ;
#2328 = EDGE_CURVE ( 'NONE', #906, #3110, #966, .T. ) ;
#2329 = VERTEX_POINT ( 'NONE', #525 ) ;
#2330 = LINE ( 'NONE', #126, #339 ) ;
#2331 = ORIENTED_EDGE ( 'NONE', *, *, #5, .F. ) ;
#2332 =( LENGTH_UNIT ( ) NAMED_UNIT ( * ) SI_UNIT ( .MILLI., .METRE. ) );
#2333 = EDGE_CURVE ( 'NONE', #2900, #2153, #46, .T. ) ;
#2334 = CARTESIAN_POINT ( 'NONE',  ( 4.767065325376100837, -23.25000000000000000, -1.520000000000000018 ) ) ;
#2335 = CIRCLE ( 'NONE', #1822, 0.3000000000000007661 ) ;
#2336 = CARTESIAN_POINT ( 'NONE',  ( -4.168961982611580908, -0.8750000000000308642, 1.520000000000000018 ) ) ;
#2337 = CARTESIAN_POINT ( 'NONE',  ( 4.767065325376100837, -23.25000000000000000, 1.020000000000000018 ) ) ;
#2338 = CARTESIAN_POINT ( 'NONE',  ( -3.250000000000000000, -0.1249999999999691080, 2.290000000000000036 ) ) ;
#2339 = ORIENTED_EDGE ( 'NONE', *, *, #40, .T. ) ;
#2340 = UNCERTAINTY_MEASURE_WITH_UNIT (LENGTH_MEASURE( 1.000000000000000082E-05 ), #2193, 'distance_accuracy_value', 'NONE');
#2341 = DIRECTION ( 'NONE',  ( 0.000000000000000000, 0.000000000000000000, -1.000000000000000000 ) ) ;
#2342 = CARTESIAN_POINT ( 'NONE',  ( 4.767065325376100837, -1.850000000000000977, 1.520000000000000018 ) ) ;
#2343 = ORIENTED_EDGE ( 'NONE', *, *, #1448, .F. ) ;
#2344 = FACE_OUTER_BOUND ( 'NONE', #446, .T. ) ;
#2345 = ORIENTED_EDGE ( 'NONE', *, *, #1959, .F. ) ;
#2346 = EDGE_CURVE ( 'NONE', #1911, #2732, #1482, .T. ) ;
#2347 = FACE_OUTER_BOUND ( 'NONE', #2017, .T. ) ;
#2348 = CARTESIAN_POINT ( 'NONE',  ( 3.717934674623899927, -0.1250000000000308087, -0.6200000000000001066 ) ) ;
#2349 = LINE ( 'NONE', #2092, #1625 ) ;
#2350 = PRESENTATION_LAYER_ASSIGNMENT (  '', '', ( #1732 ) ) ;
#2351 = EDGE_CURVE ( 'NONE', #245, #1496, #1283, .T. ) ;
#2352 = VECTOR ( 'NONE', #1767, 1000.000000000000000 ) ;
#2353 = DIRECTION ( 'NONE',  ( -1.000000000000000000, 0.000000000000000000, 0.000000000000000000 ) ) ;
#2354 = EDGE_CURVE ( 'NONE', #3100, #3097, #2860, .T. ) ;
#2355 = FILL_AREA_STYLE ('',( #1874 ) ) ;
#2356 = VECTOR ( 'NONE', #994, 1000.000000000000000 ) ;
#2357 = FILL_AREA_STYLE ('',( #1346 ) ) ;
#2358 = EDGE_LOOP ( 'NONE', ( #136, #2137, #557, #2431 ) ) ;
#2359 = CARTESIAN_POINT ( 'NONE',  ( -4.767065325376100837, -23.25000000000000000, -1.520000000000000018 ) ) ;
#2360 = CARTESIAN_POINT ( 'NONE',  ( -5.075000000000001066, -1.850000000000000533, 1.920000000000000151 ) ) ;
#2361 = ORIENTED_EDGE ( 'NONE', *, *, #2901, .T. ) ;
#2362 = PRESENTATION_STYLE_ASSIGNMENT (( #214 ) ) ;
#2363 = ORIENTED_EDGE ( 'NONE', *, *, #1405, .F. ) ;
#2364 = DIRECTION ( 'NONE',  ( -0.000000000000000000, 1.000000000000000000, -0.000000000000000000 ) ) ;
#2365 = VECTOR ( 'NONE', #1627, 1000.000000000000000 ) ;
#2366 = PRESENTATION_LAYER_ASSIGNMENT (  '', '', ( #2815 ) ) ;
#2367 = VERTEX_POINT ( 'NONE', #2267 ) ;
#2368 = PLANE ( 'NONE',  #461 ) ;
#2369 = LINE ( 'NONE', #2576, #92 ) ;
#2370 = DIRECTION ( 'NONE',  ( 1.000000000000000000, -1.627809783326294483E-16, 0.000000000000000000 ) ) ;
#2371 = ORIENTED_EDGE ( 'NONE', *, *, #1484, .F. ) ;
#2372 = DIRECTION ( 'NONE',  ( -1.000000000000000000, 0.000000000000000000, 0.000000000000000000 ) ) ;
#2373 = VERTEX_POINT ( 'NONE', #2794 ) ;
#2374 = ORIENTED_EDGE ( 'NONE', *, *, #2022, .T. ) ;
#2375 = VECTOR ( 'NONE', #1404, 1000.000000000000000 ) ;
#2376 = ORIENTED_EDGE ( 'NONE', *, *, #1784, .F. ) ;
#2377 = DIRECTION ( 'NONE',  ( 0.000000000000000000, 0.000000000000000000, 1.000000000000000000 ) ) ;
#2378 = AXIS2_PLACEMENT_3D ( 'NONE', #575, #2238, #844 ) ;
#2379 = ORIENTED_EDGE ( 'NONE', *, *, #777, .T. ) ;
#2380 = EDGE_CURVE ( 'NONE', #1217, #1835, #2316, .T. ) ;
#2381 = ORIENTED_EDGE ( 'NONE', *, *, #65, .T. ) ;
#2382 = CARTESIAN_POINT ( 'NONE',  ( -2.274163689043441128, 1.745000000000000107, -1.322879531535087194 ) ) ;
#2383 = COLOUR_RGB ( '',0.2666666666666666630, 0.2666666666666666630, 0.2666666666666666630 ) ;
#2384 = FACE_OUTER_BOUND ( 'NONE', #1301, .T. ) ;
#2385 = ORIENTED_EDGE ( 'NONE', *, *, #1757, .F. ) ;
#2386 = EDGE_CURVE ( 'NONE', #2420, #1510, #935, .T. ) ;
#2387 = CARTESIAN_POINT ( 'NONE',  ( 4.367065325376102258, -1.600000000000000089, -1.520000000000000018 ) ) ;
#2388 = VERTEX_POINT ( 'NONE', #2781 ) ;
#2389 =( NAMED_UNIT ( * ) SI_UNIT ( $, .STERADIAN. ) SOLID_ANGLE_UNIT ( ) );
#2390 = ORIENTED_EDGE ( 'NONE', *, *, #2941, .F. ) ;
#2391 = DIRECTION ( 'NONE',  ( 0.000000000000000000, 0.000000000000000000, 1.000000000000000000 ) ) ;
#2392 = CIRCLE ( 'NONE', #2891, 0.3783709567178428212 ) ;
#2393 = LINE ( 'NONE', #2943, #2106 ) ;
#2394 = CARTESIAN_POINT ( 'NONE',  ( -4.367065325376102258, -1.850000000000000977, -1.920000000000000151 ) ) ;
#2395 = ORIENTED_EDGE ( 'NONE', *, *, #882, .T. ) ;
#2396 = DIRECTION ( 'NONE',  ( 0.08248397231594292722, 0.9965923912568179777, 0.000000000000000000 ) ) ;
#2397 = VECTOR ( 'NONE', #1749, 1000.000000000000000 ) ;
#2398 = CARTESIAN_POINT ( 'NONE',  ( -1.719785658213591528, 0.1249999999999691080, 1.920000000000000151 ) ) ;
#2399 = EDGE_CURVE ( 'NONE', #3110, #277, #2568, .T. ) ;
#2400 = VECTOR ( 'NONE', #1567, 1000.000000000000000 ) ;
#2401 = ORIENTED_EDGE ( 'NONE', *, *, #1980, .T. ) ;
#2402 = ORIENTED_EDGE ( 'NONE', *, *, #2765, .T. ) ;
#2403 = CARTESIAN_POINT ( 'NONE',  ( -3.250000000000000000, 0.1249999999999691080, 2.290000000000000036 ) ) ;
#2404 = LINE ( 'NONE', #657, #2915 ) ;
#2405 = VECTOR ( 'NONE', #1588, 1000.000000000000000 ) ;
#2406 = AXIS2_PLACEMENT_3D ( 'NONE', #527, #1222, #1710 ) ;
#2407 = VECTOR ( 'NONE', #1537, 1000.000000000000114 ) ;
#2408 = ORIENTED_EDGE ( 'NONE', *, *, #1583, .F. ) ;
#2409 = CARTESIAN_POINT ( 'NONE',  ( -1.719785658213591528, 0.1249999999999691080, 0.6200000000000001066 ) ) ;
#2410 = ADVANCED_FACE ( 'NONE', ( #1579 ), #1095, .F. ) ;
#2411 = PLANE ( 'NONE',  #1930 ) ;
#2412 = DIRECTION ( 'NONE',  ( 0.000000000000000000, 0.000000000000000000, 1.000000000000000000 ) ) ;
#2413 = AXIS2_PLACEMENT_3D ( 'NONE', #1598, #2297, #93 ) ;
#2414 = ORIENTED_EDGE ( 'NONE', *, *, #2250, .F. ) ;
#2415 = PLANE ( 'NONE',  #1857 ) ;
#2416 = CARTESIAN_POINT ( 'NONE',  ( 3.717934674623899927, -0.1250000000000308364, 1.520000000000000018 ) ) ;
#2417 = AXIS2_PLACEMENT_3D ( 'NONE', #2167, #1631, #1145 ) ;
#2418 = ORIENTED_EDGE ( 'NONE', *, *, #327, .T. ) ;
#2419 = DIRECTION ( 'NONE',  ( -1.000000000000000000, 0.000000000000000000, 0.000000000000000000 ) ) ;
#2420 = VERTEX_POINT ( 'NONE', #1564 ) ;
#2421 = DIRECTION ( 'NONE',  ( -0.000000000000000000, 1.000000000000000000, -0.000000000000000000 ) ) ;
#2422 = DIRECTION ( 'NONE',  ( 0.9965923912568180887, 0.08248397231594294110, -0.000000000000000000 ) ) ;
#2423 = ORIENTED_EDGE ( 'NONE', *, *, #3074, .F. ) ;
#2424 = ADVANCED_FACE ( 'NONE', ( #1045 ), #3057, .T. ) ;
#2425 = VERTEX_POINT ( 'NONE', #359 ) ;
#2426 = CARTESIAN_POINT ( 'NONE',  ( 3.918107167550505920, -0.8750000000000308642, -1.520000000000000018 ) ) ;
#2427 = CARTESIAN_POINT ( 'NONE',  ( -2.274163689043441128, 1.750000000000000000, -0.9445085748172442619 ) ) ;
#2428 = ORIENTED_EDGE ( 'NONE', *, *, #516, .F. ) ;
#2429 = DIRECTION ( 'NONE',  ( 0.000000000000000000, -0.000000000000000000, -1.000000000000000000 ) ) ;
#2430 = LINE ( 'NONE', #1229, #2298 ) ;
#2431 = ORIENTED_EDGE ( 'NONE', *, *, #424, .T. ) ;
#2432 = FILL_AREA_STYLE_COLOUR ( '', #90 ) ;
#2433 = ORIENTED_EDGE ( 'NONE', *, *, #1787, .T. ) ;
#2434 = CARTESIAN_POINT ( 'NONE',  ( -1.719785658213591528, -0.1250000000000311695, -1.520000000000000018 ) ) ;
#2435 = LINE ( 'NONE', #2187, #3124 ) ;
#2436 = ADVANCED_FACE ( 'NONE', ( #2024 ), #1786, .T. ) ;
#2437 = ORIENTED_EDGE ( 'NONE', *, *, #2113, .F. ) ;
#2438 = ORIENTED_EDGE ( 'NONE', *, *, #1455, .T. ) ;
#2439 = DIRECTION ( 'NONE',  ( -0.9848077530122086864, -0.1736481776669273336, -0.000000000000000000 ) ) ;
#2440 = EDGE_CURVE ( 'NONE', #2240, #2873, #3038, .T. ) ;
#2441 = LINE ( 'NONE', #269, #1030 ) ;
#2442 = CARTESIAN_POINT ( 'NONE',  ( 4.217576466687580350, -1.462372595847391432, -0.6200000000000001066 ) ) ;
#2443 = VERTEX_POINT ( 'NONE', #1834 ) ;
#2444 = CARTESIAN_POINT ( 'NONE',  ( -3.250000000000000000, 0.1249999999999691080, -2.290000000000000036 ) ) ;
#2445 = CARTESIAN_POINT ( 'NONE',  ( 4.367065325376102258, -1.600000000000000089, -0.6200000000000001066 ) ) ;
#2446 = EDGE_CURVE ( 'NONE', #2732, #1901, #2764, .T. ) ;
#2447 = EDGE_LOOP ( 'NONE', ( #1446, #37, #2793, #2845, #565, #2108, #832, #2511 ) ) ;
#2448 = VECTOR ( 'NONE', #504, 1000.000000000000000 ) ;
#2449 = CARTESIAN_POINT ( 'NONE',  ( 3.250000000000000000, -0.1249999999999691080, 2.290000000000000036 ) ) ;
#2450 = ORIENTED_EDGE ( 'NONE', *, *, #194, .T. ) ;
#2451 = CARTESIAN_POINT ( 'NONE',  ( -3.250000000000000000, -0.1249999999999691080, -2.290000000000000036 ) ) ;
#2452 = FACE_OUTER_BOUND ( 'NONE', #571, .T. ) ;
#2453 =( GEOMETRIC_REPRESENTATION_CONTEXT ( 3 ) GLOBAL_UNCERTAINTY_ASSIGNED_CONTEXT ( ( #182 ) ) GLOBAL_UNIT_ASSIGNED_CONTEXT ( ( #2719, #2921, #963 ) ) REPRESENTATION_CONTEXT ( 'NONE', 'WORKASPACE' ) );
#2454 = CARTESIAN_POINT ( 'NONE',  ( -5.017065325376101725, -1.600000000000000755, 1.270000000000002460 ) ) ;
#2455 = EDGE_CURVE ( 'NONE', #2910, #197, #1705, .T. ) ;
#2456 = LINE ( 'NONE', #2175, #3041 ) ;
#2457 = CIRCLE ( 'NONE', #1019, 0.1499999999999999667 ) ;
#2458 = ADVANCED_BREP_SHAPE_REPRESENTATION ( 'APC-817D1-SL', ( #114, #1086, #2129, #54, #2206, #1338 ), #1027 ) ;
#2459 = STYLED_ITEM ( 'NONE', ( #2532 ), #2150 ) ;
#2460 = CARTESIAN_POINT ( 'NONE',  ( -5.075000000000001066, -1.600000000000000755, -1.020000000000000018 ) ) ;
#2461 = ORIENTED_EDGE ( 'NONE', *, *, #2455, .T. ) ;
#2462 = DIRECTION ( 'NONE',  ( 1.000000000000000000, -9.189001850162264434E-16, 0.000000000000000000 ) ) ;
#2463 = DIRECTION ( 'NONE',  ( -0.1710878697460326281, 0.9702875252478150303, -0.1710878697460326281 ) ) ;
#2464 = EDGE_LOOP ( 'NONE', ( #1144, #2315, #1318, #257, #1314, #2888 ) ) ;
#2465 = DIRECTION ( 'NONE',  ( -0.7071067811865462405, 0.000000000000000000, -0.7071067811865489050 ) ) ;
#2466 = ORIENTED_EDGE ( 'NONE', *, *, #2440, .F. ) ;
#2467 = CARTESIAN_POINT ( 'NONE',  ( 5.075000000000001066, -1.850000000000000533, 1.920000000000000151 ) ) ;
#2468 = CIRCLE ( 'NONE', #530, 0.1499999999999999667 ) ;
#2469 = PLANE ( 'NONE',  #435 ) ;
#2470 = DIRECTION ( 'NONE',  ( -0.08248397231594427337, -0.9965923912568178666, 0.000000000000000000 ) ) ;
#2471 = DIRECTION ( 'NONE',  ( 0.000000000000000000, 0.000000000000000000, 1.000000000000000000 ) ) ;
#2472 = PLANE ( 'NONE',  #2959 ) ;
#2473 = ORIENTED_EDGE ( 'NONE', *, *, #2399, .T. ) ;
#2474 = DIRECTION ( 'NONE',  ( -0.000000000000000000, -0.000000000000000000, -1.000000000000000000 ) ) ;
#2475 = LINE ( 'NONE', #500, #2641 ) ;
#2476 = VECTOR ( 'NONE', #1504, 1000.000000000000000 ) ;
#2477 = EDGE_CURVE ( 'NONE', #1541, #1107, #1319, .T. ) ;
#2478 = ORIENTED_EDGE ( 'NONE', *, *, #2386, .F. ) ;
#2479 = ORIENTED_EDGE ( 'NONE', *, *, #523, .T. ) ;
#2480 = DIRECTION ( 'NONE',  ( 1.000000000000000000, -2.710505431213757141E-16, -0.000000000000000000 ) ) ;
#2481 = VECTOR ( 'NONE', #1099, 1000.000000000000227 ) ;
#2482 = AXIS2_PLACEMENT_3D ( 'NONE', #175, #1604, #1688 ) ;
#2483 = EDGE_CURVE ( 'NONE', #1877, #1968, #2330, .T. ) ;
#2484 = DIRECTION ( 'NONE',  ( 1.000000000000000000, 9.189001850162264434E-16, 0.000000000000000000 ) ) ;
#2485 = CLOSED_SHELL ( 'NONE', ( #745, #2872, #1119, #683, #1326, #699, #2126, #2705, #1548, #2637, #1493, #363, #2424, #1648, #1310, #232, #1077, #1113, #313, #178 ) ) ;
#2486 = ORIENTED_EDGE ( 'NONE', *, *, #2140, .F. ) ;
#2487 = DIRECTION ( 'NONE',  ( 0.000000000000000000, 1.000000000000000000, 0.000000000000000000 ) ) ;
#2488 = CARTESIAN_POINT ( 'NONE',  ( -3.810000000000000941, -0.1750000000000308253, -1.520000000000000018 ) ) ;
#2489 = PRODUCT_DEFINITION_SHAPE ( 'NONE', 'NONE',  #2012 ) ;
#2490 = CARTESIAN_POINT ( 'NONE',  ( -3.250000000000000000, -0.1249999999999691080, -2.290000000000000036 ) ) ;
#2491 = LINE ( 'NONE', #2046, #2958 ) ;
#2492 = VERTEX_POINT ( 'NONE', #1076 ) ;
#2493 = CARTESIAN_POINT ( 'NONE',  ( -5.017065325376101725, -1.600000000000000755, -1.269999999999997797 ) ) ;
#2494 = VERTEX_POINT ( 'NONE', #805 ) ;
#2495 = FACE_OUTER_BOUND ( 'NONE', #750, .T. ) ;
#2496 = CARTESIAN_POINT ( 'NONE',  ( -3.976022282622954762, -1.574745191694783442, 0.6200000000000001066 ) ) ;
#2497 = EDGE_CURVE ( 'NONE', #2048, #3100, #346, .T. ) ;
#2498 = VECTOR ( 'NONE', #889, 1000.000000000000000 ) ;
#2499 = AXIS2_PLACEMENT_3D ( 'NONE', #184, #904, #1142 ) ;
#2500 = ORIENTED_EDGE ( 'NONE', *, *, #2222, .F. ) ;
#2501 = CARTESIAN_POINT ( 'NONE',  ( 5.017065325376101725, -1.600000000000000755, 1.270000000000002460 ) ) ;
#2502 = VECTOR ( 'NONE', #3052, 1000.000000000000000 ) ;
#2503 = DIRECTION ( 'NONE',  ( -0.7071067811865462405, -6.497605520585456774E-16, 0.7071067811865489050 ) ) ;
#2504 = DIRECTION ( 'NONE',  ( -0.000000000000000000, -0.000000000000000000, -1.000000000000000000 ) ) ;
#2505 = CARTESIAN_POINT ( 'NONE',  ( 4.367065325376102258, -23.25000000000000000, 1.920000000000000151 ) ) ;
#2506 = DIRECTION ( 'NONE',  ( 0.000000000000000000, -0.000000000000000000, 1.000000000000000000 ) ) ;
#2507 = DIRECTION ( 'NONE',  ( -0.08248397231594427337, 0.9965923912568178666, -0.000000000000000000 ) ) ;
#2508 = VECTOR ( 'NONE', #1325, 1000.000000000000000 ) ;
#2509 = ORIENTED_EDGE ( 'NONE', *, *, #1886, .F. ) ;
#2510 = PLANE ( 'NONE',  #128 ) ;
#2511 = ORIENTED_EDGE ( 'NONE', *, *, #1152, .F. ) ;
#2512 = DIRECTION ( 'NONE',  ( -2.710505431213757141E-16, 1.000000000000000000, 0.000000000000000000 ) ) ;
#2513 = FACE_OUTER_BOUND ( 'NONE', #2151, .T. ) ;
#2514 = ORIENTED_EDGE ( 'NONE', *, *, #859, .T. ) ;
#2515 = VECTOR ( 'NONE', #1240, 1000.000000000000000 ) ;
#2516 = EDGE_CURVE ( 'NONE', #1298, #1510, #1108, .T. ) ;
#2517 = DIRECTION ( 'NONE',  ( -0.000000000000000000, -0.000000000000000000, -1.000000000000000000 ) ) ;
#2518 = VECTOR ( 'NONE', #668, 1000.000000000000000 ) ;
#2519 = PRESENTATION_LAYER_ASSIGNMENT (  '', '', ( #343 ) ) ;
#2520 = ORIENTED_EDGE ( 'NONE', *, *, #1779, .T. ) ;
#2521 =( LENGTH_UNIT ( ) NAMED_UNIT ( * ) SI_UNIT ( .MILLI., .METRE. ) );
#2522 = PLANE ( 'NONE',  #2830 ) ;
#2523 = DIRECTION ( 'NONE',  ( 1.000000000000000000, 0.000000000000000000, 0.000000000000000000 ) ) ;
#2524 = CARTESIAN_POINT ( 'NONE',  ( 3.976022282622954762, -1.574745191694783442, -0.6200000000000001066 ) ) ;
#2525 = DIRECTION ( 'NONE',  ( 0.000000000000000000, 0.000000000000000000, 1.000000000000000000 ) ) ;
#2526 = VERTEX_POINT ( 'NONE', #1803 ) ;
#2527 = DIRECTION ( 'NONE',  ( 0.7071067811865462405, 1.916616770854211633E-16, -0.7071067811865489050 ) ) ;
#2528 = ORIENTED_EDGE ( 'NONE', *, *, #2880, .T. ) ;
#2529 = FACE_OUTER_BOUND ( 'NONE', #2464, .T. ) ;
#2530 = ORIENTED_EDGE ( 'NONE', *, *, #1720, .T. ) ;
#2531 = CARTESIAN_POINT ( 'NONE',  ( -3.810000000000000941, 0.1249999999999696493, 1.920000000000000151 ) ) ;
#2532 = PRESENTATION_STYLE_ASSIGNMENT (( #1566 ) ) ;
#2533 = ORIENTED_EDGE ( 'NONE', *, *, #2222, .T. ) ;
#2534 = PRESENTATION_LAYER_ASSIGNMENT (  '', '', ( #2135 ) ) ;
#2535 = DIRECTION ( 'NONE',  ( 1.000000000000000000, 0.000000000000000000, 0.000000000000000000 ) ) ;
#2536 = ORIENTED_EDGE ( 'NONE', *, *, #1116, .T. ) ;
#2537 = DIRECTION ( 'NONE',  ( -1.000000000000000000, 0.000000000000000000, 0.000000000000000000 ) ) ;
#2538 = DIRECTION ( 'NONE',  ( 0.08248397231594292722, 0.9965923912568179777, 0.000000000000000000 ) ) ;
#2539 = CARTESIAN_POINT ( 'NONE',  ( -4.108977717377046979, -0.1502548083052476779, -0.6200000000000001066 ) ) ;
#2540 = FACE_OUTER_BOUND ( 'NONE', #1746, .T. ) ;
#2541 = ORIENTED_EDGE ( 'NONE', *, *, #294, .F. ) ;
#2542 = CARTESIAN_POINT ( 'NONE',  ( -1.719785658213591528, -0.1250000000000311695, 1.920000000000000151 ) ) ;
#2543 = VERTEX_POINT ( 'NONE', #1529 ) ;
#2544 =( NAMED_UNIT ( * ) PLANE_ANGLE_UNIT ( ) SI_UNIT ( $, .RADIAN. ) );
#2545 = FACE_OUTER_BOUND ( 'NONE', #213, .T. ) ;
#2546 = EDGE_CURVE ( 'NONE', #3039, #1415, #1817, .T. ) ;
#2547 = ORIENTED_EDGE ( 'NONE', *, *, #920, .T. ) ;
#2548 = CARTESIAN_POINT ( 'NONE',  ( -3.810000000000000941, 0.1249999999999696493, -0.6200000000000001066 ) ) ;
#2549 = VERTEX_POINT ( 'NONE', #2104 ) ;
#2550 = AXIS2_PLACEMENT_3D ( 'NONE', #1939, #991, #1494 ) ;
#2551 = EDGE_CURVE ( 'NONE', #2777, #108, #1170, .T. ) ;
#2552 = CARTESIAN_POINT ( 'NONE',  ( 1.719785658213592638, 0.1249999999999691080, -1.520000000000000018 ) ) ;
#2553 = VECTOR ( 'NONE', #550, 1000.000000000000000 ) ;
#2554 = DIRECTION ( 'NONE',  ( -0.000000000000000000, -0.000000000000000000, -1.000000000000000000 ) ) ;
#2555 = CARTESIAN_POINT ( 'NONE',  ( -4.275000000000000355, -1.550000000000000266, 1.920000000000000151 ) ) ;
#2556 = EDGE_CURVE ( 'NONE', #2373, #2647, #1554, .T. ) ;
#2557 = DIRECTION ( 'NONE',  ( 1.000000000000000000, -0.000000000000000000, -0.000000000000000000 ) ) ;
#2558 =( NAMED_UNIT ( * ) SI_UNIT ( $, .STERADIAN. ) SOLID_ANGLE_UNIT ( ) );
#2559 = ORIENTED_EDGE ( 'NONE', *, *, #2715, .F. ) ;
#2560 =( NAMED_UNIT ( * ) PLANE_ANGLE_UNIT ( ) SI_UNIT ( $, .RADIAN. ) );
#2561 = ORIENTED_EDGE ( 'NONE', *, *, #1699, .F. ) ;
#2562 = CARTESIAN_POINT ( 'NONE',  ( 4.367065325376102258, -1.450000000000000178, 1.920000000000000151 ) ) ;
#2563 = CARTESIAN_POINT ( 'NONE',  ( -4.217576466687580350, -1.462372595847391432, -0.6200000000000001066 ) ) ;
#2564 = VECTOR ( 'NONE', #1148, 1000.000000000000000 ) ;
#2565 = ORIENTED_EDGE ( 'NONE', *, *, #2022, .F. ) ;
#2566 = CARTESIAN_POINT ( 'NONE',  ( 3.810000000000000941, -0.8750000000000308642, 1.920000000000000151 ) ) ;
#2567 = ORIENTED_EDGE ( 'NONE', *, *, #659, .F. ) ;
#2568 = CIRCLE ( 'NONE', #2268, 0.3000000000000007661 ) ;
#2569 = DIRECTION ( 'NONE',  ( 1.000000000000000000, -0.000000000000000000, -0.000000000000000000 ) ) ;
#2570 = CARTESIAN_POINT ( 'NONE',  ( -3.717934674623899927, -0.2750000000000308864, 1.920000000000000151 ) ) ;
#2571 = AXIS2_PLACEMENT_3D ( 'NONE', #1260, #2648, #469 ) ;
#2572 = LINE ( 'NONE', #1355, #850 ) ;
#2573 = CARTESIAN_POINT ( 'NONE',  ( 3.976022282622954762, -1.574745191694783442, 1.920000000000000151 ) ) ;
#2574 = PLANE ( 'NONE',  #803 ) ;
#2575 = DIRECTION ( 'NONE',  ( 0.000000000000000000, -0.1736481776669273336, -0.9848077530122086864 ) ) ;
#2576 = CARTESIAN_POINT ( 'NONE',  ( 1.719785658213591528, -0.1250000000000311695, -1.520000000000000018 ) ) ;
#2577 = DIRECTION ( 'NONE',  ( 0.000000000000000000, 0.000000000000000000, 1.000000000000000000 ) ) ;
#2578 = EDGE_CURVE ( 'NONE', #1580, #1877, #892, .T. ) ;
#2579 = EDGE_LOOP ( 'NONE', ( #2770, #753, #2374, #1560, #144, #714 ) ) ;
#2580 = DIRECTION ( 'NONE',  ( -0.000000000000000000, -0.000000000000000000, -1.000000000000000000 ) ) ;
#2581 = ORIENTED_EDGE ( 'NONE', *, *, #1744, .F. ) ;
#2582 = ADVANCED_FACE ( 'NONE', ( #2344 ), #228, .T. ) ;
#2583 = SURFACE_STYLE_USAGE ( .BOTH. , #3006 ) ;
#2584 = CARTESIAN_POINT ( 'NONE',  ( 0.000000000000000000, 1.750000000000000000, -2.003468656348744048 ) ) ;
#2585 = DIRECTION ( 'NONE',  ( -1.000000000000000000, 0.000000000000000000, 0.000000000000000000 ) ) ;
#2586 = EDGE_CURVE ( 'NONE', #1256, #1658, #1616, .T. ) ;
#2587 = AXIS2_PLACEMENT_3D ( 'NONE', #593, #2785, #2537 ) ;
#2588 = CARTESIAN_POINT ( 'NONE',  ( -1.719785658213591528, -0.1250000000000311695, 1.520000000000000018 ) ) ;
#2589 = CARTESIAN_POINT ( 'NONE',  ( 3.250000000000000000, -0.1249999999999691080, 2.290000000000000036 ) ) ;
#2590 = COLOUR_RGB ( '',0.8941176470588234615, 0.8941176470588234615, 0.8941176470588234615 ) ;
#2591 = DIRECTION ( 'NONE',  ( -0.000000000000000000, -0.000000000000000000, -1.000000000000000000 ) ) ;
#2592 = ORIENTED_EDGE ( 'NONE', *, *, #1777, .T. ) ;
#2593 = LINE ( 'NONE', #2359, #2658 ) ;
#2594 = DIRECTION ( 'NONE',  ( -0.000000000000000000, -0.000000000000000000, -1.000000000000000000 ) ) ;
#2595 = ORIENTED_EDGE ( 'NONE', *, *, #1223, .T. ) ;
#2596 = DIRECTION ( 'NONE',  ( -0.000000000000000000, -0.000000000000000000, -1.000000000000000000 ) ) ;
#2597 = SURFACE_SIDE_STYLE ('',( #694 ) ) ;
#2598 = DIRECTION ( 'NONE',  ( 1.000000000000000000, -2.710505431213757141E-16, -0.000000000000000000 ) ) ;
#2599 = VECTOR ( 'NONE', #1241, 1000.000000000000000 ) ;
#2600 = VECTOR ( 'NONE', #168, 1000.000000000000000 ) ;
#2601 = SURFACE_SIDE_STYLE ('',( #1636 ) ) ;
#2602 = VERTEX_POINT ( 'NONE', #2869 ) ;
#2603 = COLOUR_RGB ( '',0.2666666666666666630, 0.2666666666666666630, 0.2666666666666666630 ) ;
#2604 = PLANE ( 'NONE',  #2952 ) ;
#2605 = EDGE_LOOP ( 'NONE', ( #947, #2057, #130, #1962 ) ) ;
#2606 = DIRECTION ( 'NONE',  ( -0.000000000000000000, -0.000000000000000000, -1.000000000000000000 ) ) ;
#2607 = LINE ( 'NONE', #2149, #1788 ) ;
#2608 = ORIENTED_EDGE ( 'NONE', *, *, #716, .T. ) ;
#2609 = DIRECTION ( 'NONE',  ( -1.000000000000000000, 9.189001850162264434E-16, -0.000000000000000000 ) ) ;
#2610 =( GEOMETRIC_REPRESENTATION_CONTEXT ( 3 ) GLOBAL_UNCERTAINTY_ASSIGNED_CONTEXT ( ( #1123 ) ) GLOBAL_UNIT_ASSIGNED_CONTEXT ( ( #1014, #999, #986 ) ) REPRESENTATION_CONTEXT ( 'NONE', 'WORKASPACE' ) );
#2611 = EDGE_CURVE ( 'NONE', #1264, #1298, #1400, .T. ) ;
#2612 = EDGE_CURVE ( 'NONE', #1363, #1541, #2722, .T. ) ;
#2613 = DIRECTION ( 'NONE',  ( -0.000000000000000000, 1.000000000000000000, -0.000000000000000000 ) ) ;
#2614 = COLOUR_RGB ( '',0.2666666666666666630, 0.2666666666666666630, 0.2666666666666666630 ) ;
#2615 = EDGE_CURVE ( 'NONE', #470, #371, #3118, .T. ) ;
#2616 = ORIENTED_EDGE ( 'NONE', *, *, #656, .T. ) ;
#2617 = FILL_AREA_STYLE_COLOUR ( '', #1795 ) ;
#2618 = LINE ( 'NONE', #1409, #1956 ) ;
#2619 = CARTESIAN_POINT ( 'NONE',  ( 3.717934674623899927, -0.2750000000000308864, -1.520000000000000018 ) ) ;
#2620 = ORIENTED_EDGE ( 'NONE', *, *, #2113, .T. ) ;
#2621 = VERTEX_POINT ( 'NONE', #1188 ) ;
#2622 = CARTESIAN_POINT ( 'NONE',  ( 5.075000000000001066, -1.850000000000000977, -1.520000000000000018 ) ) ;
#2623 = ORIENTED_EDGE ( 'NONE', *, *, #1317, .T. ) ;
#2624 = ADVANCED_FACE ( 'NONE', ( #198 ), #692, .F. ) ;
#2625 = VECTOR ( 'NONE', #62, 1000.000000000000227 ) ;
#2626 = CARTESIAN_POINT ( 'NONE',  ( 4.275000000000000355, -1.850000000000000311, -0.6200000000000001066 ) ) ;
#2627 = FACE_OUTER_BOUND ( 'NONE', #1590, .T. ) ;
#2628 = VERTEX_POINT ( 'NONE', #2138 ) ;
#2629 = DIRECTION ( 'NONE',  ( -1.000000000000000000, 0.000000000000000000, 0.000000000000000000 ) ) ;
#2630 = VECTOR ( 'NONE', #2144, 999.9999999999998863 ) ;
#2631 = DIRECTION ( 'NONE',  ( 0.000000000000000000, -1.000000000000000000, 0.000000000000000000 ) ) ;
#2632 = ORIENTED_EDGE ( 'NONE', *, *, #1074, .F. ) ;
#2633 = DIRECTION ( 'NONE',  ( 0.000000000000000000, 0.000000000000000000, -1.000000000000000000 ) ) ;
#2634 = ADVANCED_FACE ( 'NONE', ( #3101 ), #2125, .F. ) ;
#2635 = EDGE_LOOP ( 'NONE', ( #1806, #410 ) ) ;
#2636 = PLANE ( 'NONE',  #634 ) ;
#2637 = ADVANCED_FACE ( 'NONE', ( #918 ), #1896, .F. ) ;
#2638 = VERTEX_POINT ( 'NONE', #1686 ) ;
#2639 = ORIENTED_EDGE ( 'NONE', *, *, #207, .T. ) ;
#2640 = CARTESIAN_POINT ( 'NONE',  ( 5.075000000000001066, -1.850000000000000533, 1.520000000000000018 ) ) ;
#2641 = VECTOR ( 'NONE', #303, 999.9999999999998863 ) ;
#2642 = ADVANCED_FACE ( 'NONE', ( #2685 ), #519, .F. ) ;
#2643 = SURFACE_STYLE_USAGE ( .BOTH. , #734 ) ;
#2644 = CARTESIAN_POINT ( 'NONE',  ( -2.963468656348744013, -1.750000000000000000, 2.003468656348744048 ) ) ;
#2645 = DIRECTION ( 'NONE',  ( -1.000000000000000000, 0.000000000000000000, 0.000000000000000000 ) ) ;
#2646 = DIRECTION ( 'NONE',  ( -0.000000000000000000, 1.000000000000000000, -0.000000000000000000 ) ) ;
#2647 = VERTEX_POINT ( 'NONE', #3133 ) ;
#2648 = DIRECTION ( 'NONE',  ( 0.000000000000000000, 0.000000000000000000, -1.000000000000000000 ) ) ;
#2649 = ORIENTED_EDGE ( 'NONE', *, *, #652, .T. ) ;
#2650 = CARTESIAN_POINT ( 'NONE',  ( -4.168961982611582684, -0.8750000000000311973, -1.520000000000000018 ) ) ;
#2651 = EDGE_CURVE ( 'NONE', #1594, #1763, #3079, .T. ) ;
#2652 = LINE ( 'NONE', #1206, #1808 ) ;
#2653 = AXIS2_PLACEMENT_3D ( 'NONE', #1085, #2324, #542 ) ;
#2654 = VECTOR ( 'NONE', #2797, 1000.000000000000000 ) ;
#2655 = ORIENTED_EDGE ( 'NONE', *, *, #3080, .T. ) ;
#2656 = ORIENTED_EDGE ( 'NONE', *, *, #1849, .T. ) ;
#2657 = LINE ( 'NONE', #2691, #2181 ) ;
#2658 = VECTOR ( 'NONE', #183, 1000.000000000000000 ) ;
#2659 = FILL_AREA_STYLE_COLOUR ( '', #1285 ) ;
#2660 = LINE ( 'NONE', #702, #2251 ) ;
#2661 = AXIS2_PLACEMENT_3D ( 'NONE', #2221, #2422, #1467 ) ;
#2662 = ORIENTED_EDGE ( 'NONE', *, *, #146, .F. ) ;
#2663 = CARTESIAN_POINT ( 'NONE',  ( -4.367065325376102258, -1.600000000000000089, 1.020000000000000018 ) ) ;
#2664 = DIRECTION ( 'NONE',  ( 0.000000000000000000, -0.000000000000000000, -1.000000000000000000 ) ) ;
#2665 = AXIS2_PLACEMENT_3D ( 'NONE', #1413, #1643, #2838 ) ;
#2666 = ORIENTED_EDGE ( 'NONE', *, *, #506, .F. ) ;
#2667 = DIRECTION ( 'NONE',  ( 0.7071067811865489050, 0.000000000000000000, -0.7071067811865462405 ) ) ;
#2668 = ORIENTED_EDGE ( 'NONE', *, *, #157, .F. ) ;
#2669 = PRESENTATION_LAYER_ASSIGNMENT (  '', '', ( #3081 ) ) ;
#2670 = LINE ( 'NONE', #1246, #2397 ) ;
#2671 = EDGE_CURVE ( 'NONE', #1204, #2494, #2935, .T. ) ;
#2672 = FACE_OUTER_BOUND ( 'NONE', #1502, .T. ) ;
#2673 = ADVANCED_FACE ( 'NONE', ( #1985 ), #1715, .F. ) ;
#2674 = ORIENTED_EDGE ( 'NONE', *, *, #2861, .T. ) ;
#2675 = LINE ( 'NONE', #774, #1182 ) ;
#2676 = ADVANCED_FACE ( 'NONE', ( #979 ), #2949, .T. ) ;
#2677 = DIRECTION ( 'NONE',  ( -0.000000000000000000, 1.000000000000000000, -0.000000000000000000 ) ) ;
#2678 = AXIS2_PLACEMENT_3D ( 'NONE', #438, #394, #1369 ) ;
#2679 =( NAMED_UNIT ( * ) PLANE_ANGLE_UNIT ( ) SI_UNIT ( $, .RADIAN. ) );
#2680 =( NAMED_UNIT ( * ) SI_UNIT ( $, .STERADIAN. ) SOLID_ANGLE_UNIT ( ) );
#2681 = ORIENTED_EDGE ( 'NONE', *, *, #2612, .T. ) ;
#2682 = LINE ( 'NONE', #1476, #83 ) ;
#2683 = CARTESIAN_POINT ( 'NONE',  ( -4.108977717377046979, -0.1502548083052476779, 1.920000000000000151 ) ) ;
#2684 = ORIENTED_EDGE ( 'NONE', *, *, #135, .F. ) ;
#2685 = FACE_OUTER_BOUND ( 'NONE', #928, .T. ) ;
#2686 = ORIENTED_EDGE ( 'NONE', *, *, #3105, .F. ) ;
#2687 = DIRECTION ( 'NONE',  ( 0.000000000000000000, -0.000000000000000000, -1.000000000000000000 ) ) ;
#2688 = EDGE_CURVE ( 'NONE', #439, #2628, #1244, .T. ) ;
#2689 = CARTESIAN_POINT ( 'NONE',  ( 1.719785658213591528, -0.1250000000000311695, 0.6200000000000001066 ) ) ;
#2690 = LINE ( 'NONE', #76, #1029 ) ;
#2691 = CARTESIAN_POINT ( 'NONE',  ( 3.250000000000000000, -1.750000000000000000, -2.003468656348744048 ) ) ;
#2692 = DIRECTION ( 'NONE',  ( 0.000000000000000000, 0.000000000000000000, -1.000000000000000000 ) ) ;
#2693 = DIRECTION ( 'NONE',  ( 0.000000000000000000, 0.000000000000000000, 1.000000000000000000 ) ) ;
#2694 = AXIS2_PLACEMENT_3D ( 'NONE', #597, #812, #1776 ) ;
#2695 = ORIENTED_EDGE ( 'NONE', *, *, #552, .T. ) ;
#2696 = FACE_OUTER_BOUND ( 'NONE', #119, .T. ) ;
#2697 = ORIENTED_EDGE ( 'NONE', *, *, #777, .F. ) ;
#2698 = VECTOR ( 'NONE', #2733, 999.9999999999998863 ) ;
#2699 = PLANE ( 'NONE',  #422 ) ;
#2700 = ORIENTED_EDGE ( 'NONE', *, *, #879, .F. ) ;
#2701 = DIRECTION ( 'NONE',  ( 0.000000000000000000, -1.000000000000000000, 0.000000000000000000 ) ) ;
#2702 = MECHANICAL_DESIGN_GEOMETRIC_PRESENTATION_REPRESENTATION (  '', ( #1330 ), #1899 ) ;
#2703 = DIRECTION ( 'NONE',  ( -0.000000000000000000, -0.000000000000000000, -1.000000000000000000 ) ) ;
#2704 = AXIS2_PLACEMENT_3D ( 'NONE', #1592, #2244, #1524 ) ;
#2705 = ADVANCED_FACE ( 'NONE', ( #1463 ), #1203, .T. ) ;
#2706 = AXIS2_PLACEMENT_3D ( 'NONE', #258, #2474, #2714 ) ;
#2707 = LINE ( 'NONE', #1485, #1339 ) ;
#2708 = EDGE_LOOP ( 'NONE', ( #493, #2189, #2184, #2127 ) ) ;
#2709 = CARTESIAN_POINT ( 'NONE',  ( 3.250000000000000000, 0.1249999999999691080, 2.290000000000000036 ) ) ;
#2710 = AXIS2_PLACEMENT_3D ( 'NONE', #2816, #642, #2535 ) ;
#2711 = MECHANICAL_DESIGN_GEOMETRIC_PRESENTATION_REPRESENTATION (  '', ( #2459 ), #2158 ) ;
#2712 = ADVANCED_FACE ( 'NONE', ( #754 ), #2699, .T. ) ;
#2713 = ORIENTED_EDGE ( 'NONE', *, *, #953, .T. ) ;
#2714 = DIRECTION ( 'NONE',  ( -1.000000000000000000, 0.000000000000000000, 0.000000000000000000 ) ) ;
#2715 = EDGE_CURVE ( 'NONE', #2526, #1763, #1509, .T. ) ;
#2716 = PLANE ( 'NONE',  #867 ) ;
#2717 = ORIENTED_EDGE ( 'NONE', *, *, #2483, .T. ) ;
#2718 = MECHANICAL_DESIGN_GEOMETRIC_PRESENTATION_REPRESENTATION (  '', ( #580 ), #3022 ) ;
#2719 =( LENGTH_UNIT ( ) NAMED_UNIT ( * ) SI_UNIT ( .MILLI., .METRE. ) );
#2720 = ORIENTED_EDGE ( 'NONE', *, *, #1634, .T. ) ;
#2721 = CARTESIAN_POINT ( 'NONE',  ( -3.810000000000000941, 0.1249999999999691080, -1.520000000000000018 ) ) ;
#2722 = CIRCLE ( 'NONE', #733, 0.3000000000000003775 ) ;
#2723 = DIRECTION ( 'NONE',  ( 9.189001850162264434E-16, -1.000000000000000000, 0.000000000000000000 ) ) ;
#2724 = CARTESIAN_POINT ( 'NONE',  ( -4.767065325376100837, -23.25000000000000000, 1.520000000000000018 ) ) ;
#2725 = CARTESIAN_POINT ( 'NONE',  ( 4.217576466687580350, -1.462372595847391432, -0.6200000000000001066 ) ) ;
#2726 = CARTESIAN_POINT ( 'NONE',  ( -3.717934674623899927, -0.1250000000000308364, -0.6200000000000001066 ) ) ;
#2727 = EDGE_CURVE ( 'NONE', #707, #425, #291, .T. ) ;
#2728 = DIRECTION ( 'NONE',  ( -0.7071067811865462405, -1.916616770854211633E-16, -0.7071067811865489050 ) ) ;
#2729 = LINE ( 'NONE', #39, #2599 ) ;
#2730 = ORIENTED_EDGE ( 'NONE', *, *, #1196, .T. ) ;
#2731 = DIRECTION ( 'NONE',  ( -1.000000000000000000, 0.000000000000000000, 0.000000000000000000 ) ) ;
#2732 = VERTEX_POINT ( 'NONE', #1232 ) ;
#2733 = DIRECTION ( 'NONE',  ( -0.1710878697460326281, 0.9702875252478150303, 0.1710878697460326281 ) ) ;
#2734 = MECHANICAL_DESIGN_GEOMETRIC_PRESENTATION_REPRESENTATION (  '', ( #1925 ), #1249 ) ;
#2735 = ORIENTED_EDGE ( 'NONE', *, *, #2157, .T. ) ;
#2736 = CARTESIAN_POINT ( 'NONE',  ( 3.810000000000000941, -0.1750000000000308253, -0.6200000000000001066 ) ) ;
#2737 = CARTESIAN_POINT ( 'NONE',  ( -5.075000000000001066, -1.600000000000000755, -1.520000000000000018 ) ) ;
#2738 = ORIENTED_EDGE ( 'NONE', *, *, #1751, .T. ) ;
#2739 = LINE ( 'NONE', #559, #599 ) ;
#2740 = DIRECTION ( 'NONE',  ( -0.000000000000000000, -0.000000000000000000, -1.000000000000000000 ) ) ;
#2741 = DIRECTION ( 'NONE',  ( -1.000000000000000000, 0.000000000000000000, 0.000000000000000000 ) ) ;
#2742 = FILL_AREA_STYLE_COLOUR ( '', #810 ) ;
#2743 = EDGE_CURVE ( 'NONE', #1038, #158, #2216, .T. ) ;
#2744 = ORIENTED_EDGE ( 'NONE', *, *, #510, .T. ) ;
#2745 = LINE ( 'NONE', #2759, #27 ) ;
#2746 = ORIENTED_EDGE ( 'NONE', *, *, #1565, .F. ) ;
#2747 = CARTESIAN_POINT ( 'NONE',  ( 1.719785658213592638, 0.1249999999999691080, 1.520000000000000018 ) ) ;
#2748 = CARTESIAN_POINT ( 'NONE',  ( -4.367065325376102258, -1.600000000000000089, -1.520000000000000018 ) ) ;
#2749 = AXIS2_PLACEMENT_3D ( 'NONE', #2036, #1348, #2312 ) ;
#2750 = VERTEX_POINT ( 'NONE', #2018 ) ;
#2751 = CARTESIAN_POINT ( 'NONE',  ( -2.274163689043441128, 1.745000000000000107, -1.322879531535087194 ) ) ;
#2752 = CARTESIAN_POINT ( 'NONE',  ( -1.719785658213591528, -0.1250000000000311695, -0.6200000000000001066 ) ) ;
#2753 = DIRECTION ( 'NONE',  ( -0.000000000000000000, -0.000000000000000000, -1.000000000000000000 ) ) ;
#2754 = FACE_OUTER_BOUND ( 'NONE', #939, .T. ) ;
#2755 = VECTOR ( 'NONE', #2270, 1000.000000000000000 ) ;
#2756 = FACE_OUTER_BOUND ( 'NONE', #2605, .T. ) ;
#2757 = DIRECTION ( 'NONE',  ( -0.08248397231594292722, -0.9965923912568179777, 0.000000000000000000 ) ) ;
#2758 = ORIENTED_EDGE ( 'NONE', *, *, #840, .F. ) ;
#2759 = CARTESIAN_POINT ( 'NONE',  ( -4.721032662688050330, -1.850000000000000533, -0.9739673373119495103 ) ) ;
#2760 = FILL_AREA_STYLE_COLOUR ( '', #1865 ) ;
#2761 = DIRECTION ( 'NONE',  ( -0.000000000000000000, -0.000000000000000000, 1.000000000000000000 ) ) ;
#2762 = ORIENTED_EDGE ( 'NONE', *, *, #495, .F. ) ;
#2763 = VECTOR ( 'NONE', #2101, 1000.000000000000000 ) ;
#2764 = LINE ( 'NONE', #2566, #890 ) ;
#2765 = EDGE_CURVE ( 'NONE', #1281, #41, #2997, .T. ) ;
#2766 = VECTOR ( 'NONE', #997, 1000.000000000000000 ) ;
#2767 = FILL_AREA_STYLE ('',( #1804 ) ) ;
#2768 = EDGE_CURVE ( 'NONE', #425, #1334, #1297, .T. ) ;
#2769 = CARTESIAN_POINT ( 'NONE',  ( 4.108977717377046091, -0.1502548083052476224, -1.520000000000000018 ) ) ;
#2770 = ORIENTED_EDGE ( 'NONE', *, *, #741, .T. ) ;
#2771 = CARTESIAN_POINT ( 'NONE',  ( -3.918107167550507697, -0.8750000000000308642, -1.520000000000000018 ) ) ;
#2772 = LINE ( 'NONE', #809, #2508 ) ;
#2773 = ADVANCED_FACE ( 'NONE', ( #1055 ), #834, .F. ) ;
#2774 = CARTESIAN_POINT ( 'NONE',  ( -25.00000000000000000, 0.1249999999999691080, -1.520000000000000018 ) ) ;
#2775 = EDGE_LOOP ( 'NONE', ( #1986, #2947, #1004, #1394 ) ) ;
#2776 = EDGE_CURVE ( 'NONE', #1334, #2986, #852, .T. ) ;
#2777 = VERTEX_POINT ( 'NONE', #1575 ) ;
#2778 = DIRECTION ( 'NONE',  ( -1.000000000000000000, 0.000000000000000000, 0.000000000000000000 ) ) ;
#2779 = LINE ( 'NONE', #2085, #2600 ) ;
#2780 = ORIENTED_EDGE ( 'NONE', *, *, #2209, .T. ) ;
#2781 = CARTESIAN_POINT ( 'NONE',  ( -4.767065325376100837, -1.600000000000000755, 1.020000000000000018 ) ) ;
#2782 = AXIS2_PLACEMENT_3D ( 'NONE', #2110, #1870, #1838 ) ;
#2783 = EDGE_CURVE ( 'NONE', #252, #858, #581, .T. ) ;
#2784 = EDGE_LOOP ( 'NONE', ( #3073, #2559, #1802, #1717 ) ) ;
#2785 = DIRECTION ( 'NONE',  ( -0.000000000000000000, -0.000000000000000000, -1.000000000000000000 ) ) ;
#2786 = DIRECTION ( 'NONE',  ( -1.000000000000000000, 0.000000000000000000, 0.000000000000000000 ) ) ;
#2787 = DIRECTION ( 'NONE',  ( 1.000000000000000000, 0.000000000000000000, -0.000000000000000000 ) ) ;
#2788 = PRESENTATION_STYLE_ASSIGNMENT (( #1826 ) ) ;
#2789 = ORIENTED_EDGE ( 'NONE', *, *, #2284, .T. ) ;
#2790 = VERTEX_POINT ( 'NONE', #137 ) ;
#2791 = DIRECTION ( 'NONE',  ( -0.000000000000000000, 1.000000000000000000, -0.000000000000000000 ) ) ;
#2792 = CARTESIAN_POINT ( 'NONE',  ( 3.976022282622954762, -1.574745191694783442, 1.520000000000000018 ) ) ;
#2793 = ORIENTED_EDGE ( 'NONE', *, *, #2727, .T. ) ;
#2794 = CARTESIAN_POINT ( 'NONE',  ( -4.217576466687580350, -1.462372595847391432, 1.920000000000000151 ) ) ;
#2795 = ORIENTED_EDGE ( 'NONE', *, *, #915, .F. ) ;
#2796 = VECTOR ( 'NONE', #2102, 1000.000000000000000 ) ;
#2797 = DIRECTION ( 'NONE',  ( -0.000000000000000000, 1.000000000000000000, -0.000000000000000000 ) ) ;
#2798 = LINE ( 'NONE', #623, #1483 ) ;
#2799 = COLOUR_RGB ( '',0.2666666666666666630, 0.2666666666666666630, 0.2666666666666666630 ) ;
#2800 = LINE ( 'NONE', #1856, #1513 ) ;
#2801 = EDGE_CURVE ( 'NONE', #476, #1877, #816, .T. ) ;
#2802 = CARTESIAN_POINT ( 'NONE',  ( -3.250000000000000000, -0.1249999999999691080, -2.290000000000000036 ) ) ;
#2803 = ORIENTED_EDGE ( 'NONE', *, *, #1720, .F. ) ;
#2804 = CARTESIAN_POINT ( 'NONE',  ( -5.075000000000001066, -1.850000000000000533, 1.920000000000000151 ) ) ;
#2805 = EDGE_CURVE ( 'NONE', #3026, #799, #2745, .T. ) ;
#2806 = ORIENTED_EDGE ( 'NONE', *, *, #2154, .F. ) ;
#2807 = LINE ( 'NONE', #632, #2763 ) ;
#2808 = CARTESIAN_POINT ( 'NONE',  ( 5.075000000000001066, -1.600000000000000755, -0.6200000000000001066 ) ) ;
#2809 = VECTOR ( 'NONE', #2503, 1000.000000000000000 ) ;
#2810 = EDGE_LOOP ( 'NONE', ( #1345, #2068, #208, #179 ) ) ;
#2811 = DIRECTION ( 'NONE',  ( -0.000000000000000000, -0.000000000000000000, -1.000000000000000000 ) ) ;
#2812 = EDGE_CURVE ( 'NONE', #1357, #1038, #384, .T. ) ;
#2813 = ORIENTED_EDGE ( 'NONE', *, *, #2446, .T. ) ;
#2814 = AXIS2_PLACEMENT_3D ( 'NONE', #1257, #9, #736 ) ;
#2815 = STYLED_ITEM ( 'NONE', ( #2827 ), #2206 ) ;
#2816 = CARTESIAN_POINT ( 'NONE',  ( -4.275000000000000355, -1.550000000000000266, -1.920000000000000151 ) ) ;
#2817 = DIRECTION ( 'NONE',  ( -0.000000000000000000, -0.000000000000000000, -1.000000000000000000 ) ) ;
#2818 = VECTOR ( 'NONE', #453, 1000.000000000000000 ) ;
#2819 = SURFACE_SIDE_STYLE ('',( #1664 ) ) ;
#2820 = ORIENTED_EDGE ( 'NONE', *, *, #1593, .T. ) ;
#2821 = FACE_OUTER_BOUND ( 'NONE', #2090, .T. ) ;
#2822 = ORIENTED_EDGE ( 'NONE', *, *, #489, .T. ) ;
#2823 = FACE_OUTER_BOUND ( 'NONE', #579, .T. ) ;
#2824 = CARTESIAN_POINT ( 'NONE',  ( 4.217576466687580350, -1.462372595847391432, 1.920000000000000151 ) ) ;
#2825 = ORIENTED_EDGE ( 'NONE', *, *, #2477, .T. ) ;
#2826 = VERTEX_POINT ( 'NONE', #785 ) ;
#2827 = PRESENTATION_STYLE_ASSIGNMENT (( #909 ) ) ;
#2828 = PRODUCT_CONTEXT ( 'NONE', #1096, 'mechanical' ) ;
#2829 = CARTESIAN_POINT ( 'NONE',  ( -25.00000000000000000, -0.8750000000000308642, -1.520000000000000018 ) ) ;
#2830 = AXIS2_PLACEMENT_3D ( 'NONE', #1553, #364, #1807 ) ;
#2831 = FACE_OUTER_BOUND ( 'NONE', #2293, .T. ) ;
#2832 = CARTESIAN_POINT ( 'NONE',  ( -4.168961982611580019, -0.8750000000000308642, 1.920000000000000151 ) ) ;
#2833 = DIRECTION ( 'NONE',  ( -1.000000000000000000, 0.000000000000000000, 0.000000000000000000 ) ) ;
#2834 = ORIENTED_EDGE ( 'NONE', *, *, #1349, .T. ) ;
#2835 = LINE ( 'NONE', #533, #1396 ) ;
#2836 = FACE_OUTER_BOUND ( 'NONE', #2883, .T. ) ;
#2837 = ORIENTED_EDGE ( 'NONE', *, *, #1152, .T. ) ;
#2838 = DIRECTION ( 'NONE',  ( -1.000000000000000000, 0.000000000000000000, 0.000000000000000000 ) ) ;
#2839 = ADVANCED_FACE ( 'NONE', ( #3032 ), #2510, .F. ) ;
#2840 = DIRECTION ( 'NONE',  ( 1.000000000000000000, 0.000000000000000000, 0.000000000000000000 ) ) ;
#2841 = ADVANCED_FACE ( 'NONE', ( #611 ), #1276, .F. ) ;
#2842 = VECTOR ( 'NONE', #2886, 1000.000000000000000 ) ;
#2843 = CARTESIAN_POINT ( 'NONE',  ( 4.367065325376102258, -1.450000000000000178, 1.920000000000000151 ) ) ;
#2844 =( LENGTH_UNIT ( ) NAMED_UNIT ( * ) SI_UNIT ( .MILLI., .METRE. ) );
#2845 = ORIENTED_EDGE ( 'NONE', *, *, #2768, .T. ) ;
#2846 = VECTOR ( 'NONE', #1039, 1000.000000000000000 ) ;
#2847 = DIRECTION ( 'NONE',  ( -0.000000000000000000, 0.000000000000000000, -1.000000000000000000 ) ) ;
#2848 = VERTEX_POINT ( 'NONE', #2291 ) ;
#2849 = CARTESIAN_POINT ( 'NONE',  ( -5.075000000000001066, -1.850000000000000533, -1.020000000000000018 ) ) ;
#2850 = PLANE ( 'NONE',  #709 ) ;
#2851 = VERTEX_POINT ( 'NONE', #547 ) ;
#2852 = DIRECTION ( 'NONE',  ( -1.000000000000000000, 0.000000000000000000, 0.000000000000000000 ) ) ;
#2853 = ORIENTED_EDGE ( 'NONE', *, *, #2354, .F. ) ;
#2854 = AXIS2_PLACEMENT_3D ( 'NONE', #35, #3129, #1964 ) ;
#2855 = MECHANICAL_DESIGN_GEOMETRIC_PRESENTATION_REPRESENTATION (  '', ( #426 ), #1230 ) ;
#2856 = EDGE_CURVE ( 'NONE', #609, #2996, #1945, .T. ) ;
#2857 =( NAMED_UNIT ( * ) PLANE_ANGLE_UNIT ( ) SI_UNIT ( $, .RADIAN. ) );
#2858 = EDGE_LOOP ( 'NONE', ( #964, #1546, #2260, #437 ) ) ;
#2859 = CARTESIAN_POINT ( 'NONE',  ( 4.275000000000000355, -1.550000000000000266, 0.6200000000000001066 ) ) ;
#2860 = CIRCLE ( 'NONE', #1500, 0.1499999999999999667 ) ;
#2861 = EDGE_CURVE ( 'NONE', #2933, #388, #1780, .T. ) ;
#2862 = CARTESIAN_POINT ( 'NONE',  ( 1.719785658213591528, 0.1249999999999691080, -0.6200000000000001066 ) ) ;
#2863 = CARTESIAN_POINT ( 'NONE',  ( 1.719785658213591528, 0.1249999999999691080, 0.6200000000000001066 ) ) ;
#2864 = EDGE_LOOP ( 'NONE', ( #433, #2878, #1081, #2343 ) ) ;
#2865 = DIRECTION ( 'NONE',  ( 0.000000000000000000, 0.000000000000000000, 1.000000000000000000 ) ) ;
#2866 = CARTESIAN_POINT ( 'NONE',  ( 1.719785658213591528, -0.1250000000000311695, -0.6200000000000001066 ) ) ;
#2867 = EDGE_CURVE ( 'NONE', #3097, #2302, #868, .T. ) ;
#2868 = VERTEX_POINT ( 'NONE', #165 ) ;
#2869 = CARTESIAN_POINT ( 'NONE',  ( 3.867423533312422723, -0.2626274041526392988, 0.6200000000000001066 ) ) ;
#2870 = ORIENTED_EDGE ( 'NONE', *, *, #2551, .T. ) ;
#2871 = CARTESIAN_POINT ( 'NONE',  ( -2.274163689043441128, 1.745000000000000107, -1.701250488252930015 ) ) ;
#2872 = ADVANCED_FACE ( 'NONE', ( #2821 ), #884, .F. ) ;
#2873 = VERTEX_POINT ( 'NONE', #3096 ) ;
#2874 = ORIENTED_EDGE ( 'NONE', *, *, #141, .T. ) ;
#2875 = DIRECTION ( 'NONE',  ( 0.000000000000000000, 0.000000000000000000, -1.000000000000000000 ) ) ;
#2876 = AXIS2_PLACEMENT_3D ( 'NONE', #2890, #460, #1487 ) ;
#2877 = DIRECTION ( 'NONE',  ( 0.000000000000000000, 0.000000000000000000, -1.000000000000000000 ) ) ;
#2878 = ORIENTED_EDGE ( 'NONE', *, *, #982, .F. ) ;
#2879 = LINE ( 'NONE', #1938, #75 ) ;
#2880 = EDGE_CURVE ( 'NONE', #275, #2103, #911, .T. ) ;
#2881 = CARTESIAN_POINT ( 'NONE',  ( 4.367065325376102258, -1.600000000000000755, -0.6200000000000001066 ) ) ;
#2882 = STYLED_ITEM ( 'NONE', ( #6 ), #54 ) ;
#2883 = EDGE_LOOP ( 'NONE', ( #1412, #1491, #2231, #2191 ) ) ;
#2884 = CARTESIAN_POINT ( 'NONE',  ( -5.075000000000001066, -1.850000000000000533, -0.6200000000000001066 ) ) ;
#2885 = ORIENTED_EDGE ( 'NONE', *, *, #1629, .F. ) ;
#2886 = DIRECTION ( 'NONE',  ( 1.000000000000000000, -0.000000000000000000, -0.000000000000000000 ) ) ;
#2887 = SURFACE_STYLE_USAGE ( .BOTH. , #2597 ) ;
#2888 = ORIENTED_EDGE ( 'NONE', *, *, #2318, .T. ) ;
#2889 = VERTEX_POINT ( 'NONE', #1373 ) ;
#2890 = CARTESIAN_POINT ( 'NONE',  ( 3.810000000000000941, -0.1750000000000308253, -0.6200000000000001066 ) ) ;
#2891 = AXIS2_PLACEMENT_3D ( 'NONE', #1924, #666, #677 ) ;
#2892 = VECTOR ( 'NONE', #870, 1000.000000000000000 ) ;
#2893 = LINE ( 'NONE', #1727, #2259 ) ;
#2894 = ADVANCED_FACE ( 'NONE', ( #2133 ), #3112, .F. ) ;
#2895 = CARTESIAN_POINT ( 'NONE',  ( -2.274163689043441128, 1.745000000000000107, -1.322879531535087194 ) ) ;
#2896 = ADVANCED_FACE ( 'NONE', ( #1653 ), #2604, .F. ) ;
#2897 = LINE ( 'NONE', #2444, #2266 ) ;
#2898 = PLANE ( 'NONE',  #2694 ) ;
#2899 = STYLED_ITEM ( 'NONE', ( #3014 ), #2773 ) ;
#2900 = VERTEX_POINT ( 'NONE', #2863 ) ;
#2901 = EDGE_CURVE ( 'NONE', #1038, #906, #427, .T. ) ;
#2902 = DIRECTION ( 'NONE',  ( -0.000000000000000000, -0.000000000000000000, -1.000000000000000000 ) ) ;
#2903 = ORIENTED_EDGE ( 'NONE', *, *, #506, .T. ) ;
#2904 = DIRECTION ( 'NONE',  ( 0.7071067811865462405, 0.000000000000000000, -0.7071067811865489050 ) ) ;
#2905 = ADVANCED_FACE ( 'NONE', ( #2627 ), #2368, .F. ) ;
#2906 = DIRECTION ( 'NONE',  ( -0.000000000000000000, -0.000000000000000000, -1.000000000000000000 ) ) ;
#2907 = AXIS2_PLACEMENT_3D ( 'NONE', #222, #2225, #512 ) ;
#2908 = ORIENTED_EDGE ( 'NONE', *, *, #405, .T. ) ;
#2909 = LINE ( 'NONE', #2454, #2809 ) ;
#2910 = VERTEX_POINT ( 'NONE', #1199 ) ;
#2911 = LINE ( 'NONE', #2161, #1516 ) ;
#2912 = VECTOR ( 'NONE', #887, 1000.000000000000000 ) ;
#2913 = DIRECTION ( 'NONE',  ( -1.000000000000000000, 0.000000000000000000, -0.000000000000000000 ) ) ;
#2914 = CARTESIAN_POINT ( 'NONE',  ( -4.108977717377046979, -0.1502548083052476779, -0.6200000000000001066 ) ) ;
#2915 = VECTOR ( 'NONE', #2364, 1000.000000000000000 ) ;
#2916 = CARTESIAN_POINT ( 'NONE',  ( 5.075000000000001066, -1.850000000000000533, 1.020000000000000018 ) ) ;
#2917 = FACE_OUTER_BOUND ( 'NONE', #104, .T. ) ;
#2918 = EDGE_CURVE ( 'NONE', #1251, #3021, #2162, .T. ) ;
#2919 = VECTOR ( 'NONE', #948, 1000.000000000000000 ) ;
#2920 = ORIENTED_EDGE ( 'NONE', *, *, #923, .T. ) ;
#2921 =( NAMED_UNIT ( * ) PLANE_ANGLE_UNIT ( ) SI_UNIT ( $, .RADIAN. ) );
#2922 = ORIENTED_EDGE ( 'NONE', *, *, #2918, .F. ) ;
#2923 = DIRECTION ( 'NONE',  ( -1.000000000000000000, 2.710505431213757141E-16, 0.000000000000000000 ) ) ;
#2924 = CARTESIAN_POINT ( 'NONE',  ( 3.717934674623899927, -0.2750000000000308864, 0.6200000000000001066 ) ) ;
#2925 = DIRECTION ( 'NONE',  ( -0.000000000000000000, 0.000000000000000000, -1.000000000000000000 ) ) ;
#2926 = EDGE_LOOP ( 'NONE', ( #2139, #598, #678, #49 ) ) ;
#2927 = CYLINDRICAL_SURFACE ( 'NONE', #2876, 0.3000000000000003775 ) ;
#2928 = DIRECTION ( 'NONE',  ( -0.000000000000000000, -0.000000000000000000, -1.000000000000000000 ) ) ;
#2929 = CARTESIAN_POINT ( 'NONE',  ( 3.717934674623899927, -0.1250000000000308087, 1.520000000000000018 ) ) ;
#2930 = ORIENTED_EDGE ( 'NONE', *, *, #2058, .T. ) ;
#2931 = FACE_OUTER_BOUND ( 'NONE', #386, .T. ) ;
#2932 = CARTESIAN_POINT ( 'NONE',  ( 4.367065325376102258, -1.850000000000000977, 1.920000000000000151 ) ) ;
#2933 = VERTEX_POINT ( 'NONE', #2210 ) ;
#2934 = CIRCLE ( 'NONE', #1253, 0.2999999999999999334 ) ;
#2935 = LINE ( 'NONE', #2201, #2919 ) ;
#2936 = VERTEX_POINT ( 'NONE', #958 ) ;
#2937 = CARTESIAN_POINT ( 'NONE',  ( 2.904825006755033634, 2.082584663776845257, -1.944825006755033669 ) ) ;
#2938 = FACE_OUTER_BOUND ( 'NONE', #2358, .T. ) ;
#2939 = ADVANCED_FACE ( 'NONE', ( #1937 ), #1474, .F. ) ;
#2940 = CARTESIAN_POINT ( 'NONE',  ( -4.217576466687580350, -1.462372595847391432, -0.6200000000000001066 ) ) ;
#2941 = EDGE_CURVE ( 'NONE', #260, #2732, #256, .T. ) ;
#2942 = SURFACE_SIDE_STYLE ('',( #2224 ) ) ;
#2943 = CARTESIAN_POINT ( 'NONE',  ( 4.767065325376100837, -23.25000000000000000, 1.520000000000000018 ) ) ;
#2944 = PRESENTATION_LAYER_ASSIGNMENT (  '', '', ( #1266 ) ) ;
#2945 = CARTESIAN_POINT ( 'NONE',  ( -5.075000000000001066, -1.850000000000000977, -1.020000000000000018 ) ) ;
#2946 = DIRECTION ( 'NONE',  ( 0.000000000000000000, -0.000000000000000000, 1.000000000000000000 ) ) ;
#2947 = ORIENTED_EDGE ( 'NONE', *, *, #202, .T. ) ;
#2948 = AXIS2_PLACEMENT_3D ( 'NONE', #2808, #1613, #2577 ) ;
#2949 = CYLINDRICAL_SURFACE ( 'NONE', #1910, 0.2999999999999999334 ) ;
#2950 = ORIENTED_EDGE ( 'NONE', *, *, #2867, .T. ) ;
#2951 = DIRECTION ( 'NONE',  ( 1.000000000000000000, 9.189001850162264434E-16, 0.000000000000000000 ) ) ;
#2952 = AXIS2_PLACEMENT_3D ( 'NONE', #1609, #2575, #1905 ) ;
#2953 = CYLINDRICAL_SURFACE ( 'NONE', #287, 0.1499999999999999667 ) ;
#2954 = EDGE_CURVE ( 'NONE', #1146, #3097, #1458, .T. ) ;
#2955 = AXIS2_PLACEMENT_3D ( 'NONE', #794, #847, #1572 ) ;
#2956 = DIRECTION ( 'NONE',  ( 0.000000000000000000, 0.000000000000000000, 1.000000000000000000 ) ) ;
#2957 = EDGE_LOOP ( 'NONE', ( #1169, #2632, #1700, #1755 ) ) ;
#2958 = VECTOR ( 'NONE', #1274, 1000.000000000000000 ) ;
#2959 = AXIS2_PLACEMENT_3D ( 'NONE', #131, #3009, #793 ) ;
#2960 = CARTESIAN_POINT ( 'NONE',  ( -25.00000000000000000, -0.8750000000000308642, -2.889603058124849078 ) ) ;
#2961 = CARTESIAN_POINT ( 'NONE',  ( 4.767065325376100837, -1.850000000000000977, 1.020000000000000018 ) ) ;
#2962 = DIRECTION ( 'NONE',  ( 1.000000000000000000, 1.627809783326294483E-16, -0.000000000000000000 ) ) ;
#2963 = EDGE_CURVE ( 'NONE', #245, #761, #1078, .T. ) ;
#2964 = ORIENTED_EDGE ( 'NONE', *, *, #923, .F. ) ;
#2965 = AXIS2_PLACEMENT_3D ( 'NONE', #2072, #109, #2987 ) ;
#2966 = SURFACE_STYLE_USAGE ( .BOTH. , #69 ) ;
#2967 = DIRECTION ( 'NONE',  ( -0.000000000000000000, -0.000000000000000000, -1.000000000000000000 ) ) ;
#2968 = EDGE_CURVE ( 'NONE', #1459, #1781, #2052, .T. ) ;
#2969 = AXIS2_PLACEMENT_3D ( 'NONE', #637, #2580, #2852 ) ;
#2970 = VERTEX_POINT ( 'NONE', #2929 ) ;
#2971 = CIRCLE ( 'NONE', #1614, 0.1499999999999999667 ) ;
#2972 = PLANE ( 'NONE',  #1398 ) ;
#2973 = DIRECTION ( 'NONE',  ( -0.000000000000000000, -0.000000000000000000, -1.000000000000000000 ) ) ;
#2974 = ADVANCED_FACE ( 'NONE', ( #718 ), #223, .F. ) ;
#2975 = CARTESIAN_POINT ( 'NONE',  ( -3.810000000000000941, -0.1750000000000308253, 0.6200000000000001066 ) ) ;
#2976 = CARTESIAN_POINT ( 'NONE',  ( -2.274163689043441128, 1.745000000000000107, -0.9445085748172442619 ) ) ;
#2977 = CARTESIAN_POINT ( 'NONE',  ( -5.075000000000001066, -1.600000000000000755, -0.6200000000000001066 ) ) ;
#2978 = SURFACE_STYLE_USAGE ( .BOTH. , #118 ) ;
#2979 = ORIENTED_EDGE ( 'NONE', *, *, #466, .F. ) ;
#2980 = DIRECTION ( 'NONE',  ( 0.000000000000000000, -1.000000000000000000, 0.000000000000000000 ) ) ;
#2981 = EDGE_CURVE ( 'NONE', #761, #2061, #7, .T. ) ;
#2982 = ORIENTED_EDGE ( 'NONE', *, *, #98, .T. ) ;
#2983 = DIRECTION ( 'NONE',  ( 1.000000000000000000, -0.000000000000000000, -0.000000000000000000 ) ) ;
#2984 = PLANE ( 'NONE',  #2749 ) ;
#2985 = VECTOR ( 'NONE', #1032, 1000.000000000000000 ) ;
#2986 = VERTEX_POINT ( 'NONE', #2394 ) ;
#2987 = DIRECTION ( 'NONE',  ( -1.000000000000000000, 0.000000000000000000, 0.000000000000000000 ) ) ;
#2988 = VECTOR ( 'NONE', #1979, 1000.000000000000000 ) ;
#2989 =( NAMED_UNIT ( * ) PLANE_ANGLE_UNIT ( ) SI_UNIT ( $, .RADIAN. ) );
#2990 = LINE ( 'NONE', #974, #1495 ) ;
#2991 = CARTESIAN_POINT ( 'NONE',  ( -1.719785658213591528, 0.1249999999999691080, -0.6200000000000001066 ) ) ;
#2992 = CARTESIAN_POINT ( 'NONE',  ( 4.367065325376102258, -1.450000000000000178, 0.6200000000000001066 ) ) ;
#2993 = DIRECTION ( 'NONE',  ( -0.000000000000000000, 1.000000000000000000, 0.000000000000000000 ) ) ;
#2994 = PLANE ( 'NONE',  #1372 ) ;
#2995 = ADVANCED_FACE ( 'NONE', ( #330 ), #1289, .F. ) ;
#2996 = VERTEX_POINT ( 'NONE', #2427 ) ;
#2997 = LINE ( 'NONE', #2493, #2305 ) ;
#2998 = DIRECTION ( 'NONE',  ( -0.1710878697460326281, 0.9702875252478150303, 0.1710878697460326281 ) ) ;
#2999 = DIRECTION ( 'NONE',  ( -0.08248397231594292722, 0.9965923912568179777, 0.000000000000000000 ) ) ;
#3000 = EDGE_CURVE ( 'NONE', #3026, #3082, #2990, .T. ) ;
#3001 = AXIS2_PLACEMENT_3D ( 'NONE', #2360, #2123, #3068 ) ;
#3002 = ORIENTED_EDGE ( 'NONE', *, *, #479, .F. ) ;
#3003 = DIRECTION ( 'NONE',  ( -0.000000000000000000, 1.000000000000000000, -0.000000000000000000 ) ) ;
#3004 = EDGE_CURVE ( 'NONE', #3021, #428, #451, .T. ) ;
#3005 = VECTOR ( 'NONE', #1542, 1000.000000000000114 ) ;
#3006 = SURFACE_SIDE_STYLE ('',( #1112 ) ) ;
#3007 = EDGE_LOOP ( 'NONE', ( #1350, #2822, #2820, #1436 ) ) ;
#3008 = FACE_OUTER_BOUND ( 'NONE', #815, .T. ) ;
#3009 = DIRECTION ( 'NONE',  ( 0.7071067811865489050, 0.000000000000000000, -0.7071067811865462405 ) ) ;
#3010 = AXIS2_PLACEMENT_3D ( 'NONE', #2724, #2925, #2008 ) ;
#3011 = CARTESIAN_POINT ( 'NONE',  ( 5.075000000000001066, -1.850000000000000533, -1.520000000000000018 ) ) ;
#3012 = SURFACE_STYLE_FILL_AREA ( #2275 ) ;
#3013 = ORIENTED_EDGE ( 'NONE', *, *, #1383, .T. ) ;
#3014 = PRESENTATION_STYLE_ASSIGNMENT (( #2966 ) ) ;
#3015 = ORIENTED_EDGE ( 'NONE', *, *, #418, .T. ) ;
#3016 = PLANE ( 'NONE',  #2010 ) ;
#3017 = CARTESIAN_POINT ( 'NONE',  ( 4.367065325376102258, -1.599999999999999645, 1.920000000000000151 ) ) ;
#3018 = EDGE_CURVE ( 'NONE', #2549, #181, #2660, .T. ) ;
#3019 = ORIENTED_EDGE ( 'NONE', *, *, #1405, .T. ) ;
#3020 = DIRECTION ( 'NONE',  ( -0.000000000000000000, -0.000000000000000000, -1.000000000000000000 ) ) ;
#3021 = VERTEX_POINT ( 'NONE', #2644 ) ;
#3022 =( GEOMETRIC_REPRESENTATION_CONTEXT ( 3 ) GLOBAL_UNCERTAINTY_ASSIGNED_CONTEXT ( ( #649 ) ) GLOBAL_UNIT_ASSIGNED_CONTEXT ( ( #3136, #2172, #234 ) ) REPRESENTATION_CONTEXT ( 'NONE', 'WORKASPACE' ) );
#3023 = LINE ( 'NONE', #842, #823 ) ;
#3024 = ORIENTED_EDGE ( 'NONE', *, *, #2047, .F. ) ;
#3025 =( NAMED_UNIT ( * ) PLANE_ANGLE_UNIT ( ) SI_UNIT ( $, .RADIAN. ) );
#3026 = VERTEX_POINT ( 'NONE', #462 ) ;
#3027 = FACE_OUTER_BOUND ( 'NONE', #2926, .T. ) ;
#3028 = DIRECTION ( 'NONE',  ( -1.000000000000000000, 0.000000000000000000, 0.000000000000000000 ) ) ;
#3029 = FACE_OUTER_BOUND ( 'NONE', #617, .T. ) ;
#3030 =( LENGTH_UNIT ( ) NAMED_UNIT ( * ) SI_UNIT ( .MILLI., .METRE. ) );
#3031 = VERTEX_POINT ( 'NONE', #483 ) ;
#3032 = FACE_OUTER_BOUND ( 'NONE', #362, .T. ) ;
#3033 = ORIENTED_EDGE ( 'NONE', *, *, #2180, .T. ) ;
#3034 = CARTESIAN_POINT ( 'NONE',  ( -5.075000000000001066, -1.850000000000000533, 1.020000000000000018 ) ) ;
#3035 = DIRECTION ( 'NONE',  ( -0.08248397231594292722, -0.9965923912568179777, 0.000000000000000000 ) ) ;
#3036 = VECTOR ( 'NONE', #1254, 1000.000000000000000 ) ;
#3037 = ORIENTED_EDGE ( 'NONE', *, *, #2901, .F. ) ;
#3038 = LINE ( 'NONE', #2056, #237 ) ;
#3039 = VERTEX_POINT ( 'NONE', #1212 ) ;
#3040 = VECTOR ( 'NONE', #2035, 1000.000000000000000 ) ;
#3041 = VECTOR ( 'NONE', #2677, 1000.000000000000000 ) ;
#3042 = EDGE_CURVE ( 'NONE', #1833, #102, #2194, .T. ) ;
#3043 = DIRECTION ( 'NONE',  ( -0.000000000000000000, 1.000000000000000000, -0.000000000000000000 ) ) ;
#3044 = VECTOR ( 'NONE', #163, 1000.000000000000000 ) ;
#3045 = CARTESIAN_POINT ( 'NONE',  ( -25.00000000000000000, -0.8750000000000308642, 1.520000000000000018 ) ) ;
#3046 = DIRECTION ( 'NONE',  ( -0.000000000000000000, -0.000000000000000000, -1.000000000000000000 ) ) ;
#3047 = CLOSED_SHELL ( 'NONE', ( #2634, #2905, #2150, #2196, #393, #3119, #1916, #2582, #2712, #978, #960, #1972, #1934, #2773, #2896, #2939, #2436 ) ) ;
#3048 = EDGE_CURVE ( 'NONE', #120, #2019, #174, .T. ) ;
#3049 = PLANE ( 'NONE',  #2233 ) ;
#3050 = PLANE ( 'NONE',  #107 ) ;
#3051 = DIRECTION ( 'NONE',  ( -0.000000000000000000, -0.000000000000000000, -1.000000000000000000 ) ) ;
#3052 = DIRECTION ( 'NONE',  ( 1.000000000000000000, 2.710505431213757141E-16, 0.000000000000000000 ) ) ;
#3053 = EDGE_LOOP ( 'NONE', ( #2581, #1922, #3087, #1505, #477, #292, #2979, #1898 ) ) ;
#3054 = DIRECTION ( 'NONE',  ( -1.000000000000000000, 0.000000000000000000, 0.000000000000000000 ) ) ;
#3055 = LINE ( 'NONE', #2792, #1991 ) ;
#3056 = EDGE_LOOP ( 'NONE', ( #910, #2649, #8, #940, #684, #3113, #2608, #3019 ) ) ;
#3057 = CYLINDRICAL_SURFACE ( 'NONE', #2965, 0.2999999999999999334 ) ;
#3058 = EDGE_LOOP ( 'NONE', ( #548, #2408, #1805, #1895 ) ) ;
#3059 =( GEOMETRIC_REPRESENTATION_CONTEXT ( 3 ) GLOBAL_UNCERTAINTY_ASSIGNED_CONTEXT ( ( #308 ) ) GLOBAL_UNIT_ASSIGNED_CONTEXT ( ( #515, #1053, #2558 ) ) REPRESENTATION_CONTEXT ( 'NONE', 'WORKASPACE' ) );
#3060 = LINE ( 'NONE', #1836, #2654 ) ;
#3061 = SURFACE_STYLE_USAGE ( .BOTH. , #2320 ) ;
#3062 = PLANE ( 'NONE',  #670 ) ;
#3063 = DIRECTION ( 'NONE',  ( -1.000000000000000000, 2.710505431213757141E-16, 0.000000000000000000 ) ) ;
#3064 = ORIENTED_EDGE ( 'NONE', *, *, #12, .T. ) ;
#3065 =( NAMED_UNIT ( * ) PLANE_ANGLE_UNIT ( ) SI_UNIT ( $, .RADIAN. ) );
#3066 = EDGE_LOOP ( 'NONE', ( #1430, #236, #2738, #691 ) ) ;
#3067 = DIRECTION ( 'NONE',  ( -1.000000000000000000, -0.000000000000000000, -0.000000000000000000 ) ) ;
#3068 = DIRECTION ( 'NONE',  ( -1.000000000000000000, -2.710505431213757141E-16, 0.000000000000000000 ) ) ;
#3069 = COLOUR_RGB ( '',0.2666666666666666630, 0.2666666666666666630, 0.2666666666666666630 ) ;
#3070 = AXIS2_PLACEMENT_3D ( 'NONE', #701, #2692, #2913 ) ;
#3071 = ORIENTED_EDGE ( 'NONE', *, *, #1048, .F. ) ;
#3072 = CARTESIAN_POINT ( 'NONE',  ( -4.367065325376102258, -1.450000000000000178, 1.920000000000000151 ) ) ;
#3073 = ORIENTED_EDGE ( 'NONE', *, *, #2651, .T. ) ;
#3074 = EDGE_CURVE ( 'NONE', #1496, #2494, #861, .T. ) ;
#3075 = VECTOR ( 'NONE', #3067, 1000.000000000000000 ) ;
#3076 = SURFACE_SIDE_STYLE ('',( #2107 ) ) ;
#3077 = VECTOR ( 'NONE', #3020, 1000.000000000000000 ) ;
#3078 = FACE_OUTER_BOUND ( 'NONE', #1365, .T. ) ;
#3079 = CIRCLE ( 'NONE', #1035, 0.2999999999999999334 ) ;
#3080 = EDGE_CURVE ( 'NONE', #841, #2543, #1080, .T. ) ;
#3081 = STYLED_ITEM ( 'NONE', ( #1347 ), #393 ) ;
#3082 = VERTEX_POINT ( 'NONE', #1854 ) ;
#3083 = CARTESIAN_POINT ( 'NONE',  ( 4.367065325376102258, -23.25000000000000000, -1.920000000000000151 ) ) ;
#3084 = ORIENTED_EDGE ( 'NONE', *, *, #2551, .F. ) ;
#3085 = DIRECTION ( 'NONE',  ( -0.7071067811865489050, 0.000000000000000000, 0.7071067811865462405 ) ) ;
#3086 = FACE_OUTER_BOUND ( 'NONE', #70, .T. ) ;
#3087 = ORIENTED_EDGE ( 'NONE', *, *, #1551, .F. ) ;
#3088 = EDGE_CURVE ( 'NONE', #1016, #2889, #377, .T. ) ;
#3089 = DIRECTION ( 'NONE',  ( -0.000000000000000000, 1.000000000000000000, -0.000000000000000000 ) ) ;
#3090 = ORIENTED_EDGE ( 'NONE', *, *, #1383, .F. ) ;
#3091 = DIRECTION ( 'NONE',  ( 0.000000000000000000, 0.000000000000000000, -1.000000000000000000 ) ) ;
#3092 = APPLICATION_PROTOCOL_DEFINITION ( 'draft international standard', 'automotive_design', 1998, #1750 ) ;
#3093 = AXIS2_PLACEMENT_3D ( 'NONE', #1606, #2081, #2353 ) ;
#3094 = DIRECTION ( 'NONE',  ( 1.000000000000000000, -9.189001850162264434E-16, 0.000000000000000000 ) ) ;
#3095 = ORIENTED_EDGE ( 'NONE', *, *, #1210, .T. ) ;
#3096 = CARTESIAN_POINT ( 'NONE',  ( 4.367065325376102258, -1.850000000000000977, -0.6200000000000001066 ) ) ;
#3097 = VERTEX_POINT ( 'NONE', #404 ) ;
#3098 = CARTESIAN_POINT ( 'NONE',  ( 4.275000000000000355, -1.850000000000000311, 1.920000000000000151 ) ) ;
#3099 = DIRECTION ( 'NONE',  ( 1.000000000000000000, -1.627809783326294483E-16, 0.000000000000000000 ) ) ;
#3100 = VERTEX_POINT ( 'NONE', #574 ) ;
#3101 = FACE_OUTER_BOUND ( 'NONE', #891, .T. ) ;
#3102 = ORIENTED_EDGE ( 'NONE', *, *, #3074, .T. ) ;
#3103 = VECTOR ( 'NONE', #134, 1000.000000000000000 ) ;
#3104 =( LENGTH_UNIT ( ) NAMED_UNIT ( * ) SI_UNIT ( .MILLI., .METRE. ) );
#3105 = EDGE_CURVE ( 'NONE', #169, #1768, #2001, .T. ) ;
#3106 = VERTEX_POINT ( 'NONE', #1340 ) ;
#3107 = AXIS2_PLACEMENT_3D ( 'NONE', #161, #3135, #950 ) ;
#3108 = CARTESIAN_POINT ( 'NONE',  ( -4.767065325376100837, -23.25000000000000000, -1.020000000000000018 ) ) ;
#3109 = EDGE_CURVE ( 'NONE', #1016, #249, #2457, .T. ) ;
#3110 = VERTEX_POINT ( 'NONE', #2769 ) ;
#3111 = AXIS2_PLACEMENT_3D ( 'NONE', #798, #1764, #2731 ) ;
#3112 = PLANE ( 'NONE',  #1333 ) ;
#3113 = ORIENTED_EDGE ( 'NONE', *, *, #2801, .F. ) ;
#3114 = CARTESIAN_POINT ( 'NONE',  ( -4.367065325376102258, -1.600000000000000089, -1.020000000000000018 ) ) ;
#3115 = CARTESIAN_POINT ( 'NONE',  ( 4.367065325376102258, -1.600000000000000089, 1.020000000000000018 ) ) ;
#3116 = VECTOR ( 'NONE', #318, 1000.000000000000000 ) ;
#3117 = ORIENTED_EDGE ( 'NONE', *, *, #495, .T. ) ;
#3118 = LINE ( 'NONE', #1868, #780 ) ;
#3119 = ADVANCED_FACE ( 'NONE', ( #622, #2042 ), #1603, .F. ) ;
#3120 = ORIENTED_EDGE ( 'NONE', *, *, #1455, .F. ) ;
#3121 = PRODUCT_DEFINITION_FORMATION_WITH_SPECIFIED_SOURCE ( 'ANY', '', #1904, .NOT_KNOWN. ) ;
#3122 = CARTESIAN_POINT ( 'NONE',  ( -3.717934674623899927, -0.1250000000000308087, 1.520000000000000018 ) ) ;
#3123 = ORIENTED_EDGE ( 'NONE', *, *, #2812, .T. ) ;
#3124 = VECTOR ( 'NONE', #295, 1000.000000000000000 ) ;
#3125 = ORIENTED_EDGE ( 'NONE', *, *, #1744, .T. ) ;
#3126 = PRODUCT_DEFINITION_CONTEXT ( 'detailed design', #1750, 'design' ) ;
#3127 = PRESENTATION_STYLE_ASSIGNMENT (( #762 ) ) ;
#3128 = LINE ( 'NONE', #1457, #2988 ) ;
#3129 = DIRECTION ( 'NONE',  ( -0.000000000000000000, 0.000000000000000000, -1.000000000000000000 ) ) ;
#3130 = CARTESIAN_POINT ( 'NONE',  ( -1.719785658213591528, -0.1250000000000311695, -0.6200000000000001066 ) ) ;
#3131 = DIRECTION ( 'NONE',  ( 1.000000000000000000, 1.627809783326294483E-16, -0.000000000000000000 ) ) ;
#3132 = ORIENTED_EDGE ( 'NONE', *, *, #1237, .T. ) ;
#3133 = CARTESIAN_POINT ( 'NONE',  ( -4.367065325376102258, -1.600000000000000755, 1.920000000000000151 ) ) ;
#3134 = EDGE_LOOP ( 'NONE', ( #1462, #2697, #2533, #1660 ) ) ;
#3135 = DIRECTION ( 'NONE',  ( 0.000000000000000000, 0.000000000000000000, 1.000000000000000000 ) ) ;
#3136 =( LENGTH_UNIT ( ) NAMED_UNIT ( * ) SI_UNIT ( .MILLI., .METRE. ) );
#3137 = EDGE_CURVE ( 'NONE', #283, #2120, #2301, .T. ) ;
ENDSEC;
END-ISO-10303-21;
