ISO-10303-21;
HEADER;
/* Generated by software containing ST-Developer
 * from STEP Tools, Inc. (www.steptools.com) 
 */

FILE_DESCRIPTION(
/* description */ (''),
/* implementation_level */ '2;1');

FILE_NAME(
/* name */ 'Coil.step',
/* time_stamp */ '2026-08-26T09:49:45+02:00',
/* author */ (''),
/* organization */ (''),
/* preprocessor_version */ 'ST-DEVELOPER v20.1',
/* originating_system */ 'Autodesk Translation Framework v15.8.0.0',
/* authorisation */ '');

FILE_SCHEMA (('AUTOMOTIVE_DESIGN { 1 0 10303 214 3 1 1 }'));
ENDSEC;

DATA;
#10=MECHANICAL_DESIGN_GEOMETRIC_PRESENTATION_REPRESENTATION('',(#71,#72),
#2474);
#11=SHAPE_REPRESENTATION_RELATIONSHIP('SRR','None',#2481,#12);
#12=ADVANCED_BREP_SHAPE_REPRESENTATION('',(#73,#74),#2473);
#13=TOROIDAL_SURFACE('',#1385,33.4999996256083,0.0599999999999978);
#14=TOROIDAL_SURFACE('',#1389,33.4999996256083,0.0599999999999978);
#15=TOROIDAL_SURFACE('',#1392,33.4999996256083,0.0599999999999978);
#16=TOROIDAL_SURFACE('',#1395,33.4999996256083,0.0599999999999978);
#17=TOROIDAL_SURFACE('',#1398,33.4999996256083,0.0599999999999978);
#18=TOROIDAL_SURFACE('',#1401,33.4999996256083,0.0599999999999978);
#19=TOROIDAL_SURFACE('',#1404,33.4999996256083,0.0599999999999978);
#20=TOROIDAL_SURFACE('',#1407,33.4999996256083,0.0599999999999978);
#21=TOROIDAL_SURFACE('',#1410,33.4999996256083,0.0599999999999978);
#22=TOROIDAL_SURFACE('',#1413,33.4999996256083,0.0599999999999978);
#23=TOROIDAL_SURFACE('',#1416,33.4999996256083,0.0599999999999978);
#24=TOROIDAL_SURFACE('',#1419,33.4999996256083,0.0599999999999978);
#25=TOROIDAL_SURFACE('',#1422,33.4999996256083,0.0599999999999978);
#26=TOROIDAL_SURFACE('',#1425,33.4999996256083,0.0599999999999978);
#27=TOROIDAL_SURFACE('',#1428,33.4999996256083,0.0599999999999978);
#28=TOROIDAL_SURFACE('',#1431,33.4999996256083,0.0599999999999978);
#29=TOROIDAL_SURFACE('',#1434,33.4999996256083,0.0599999999999978);
#30=TOROIDAL_SURFACE('',#1437,33.4999996256083,0.0599999999999978);
#31=TOROIDAL_SURFACE('',#1440,33.4999996256083,0.0599999999999978);
#32=TOROIDAL_SURFACE('',#1443,33.4999996256083,0.0599999999999978);
#33=TOROIDAL_SURFACE('',#1446,33.4999996256083,0.0599999999999978);
#34=TOROIDAL_SURFACE('',#1449,33.4999996256083,0.0599999999999978);
#35=TOROIDAL_SURFACE('',#1452,33.4999996256083,0.0599999999999978);
#36=TOROIDAL_SURFACE('',#1455,33.4999996256083,0.0599999999999978);
#37=TOROIDAL_SURFACE('',#1458,33.4999996256083,0.0599999999999978);
#38=TOROIDAL_SURFACE('',#1461,33.4999996256083,0.0599999999999978);
#39=TOROIDAL_SURFACE('',#1464,33.4999996256083,0.0599999999999978);
#40=TOROIDAL_SURFACE('',#1467,33.4999996256083,0.0599999999999978);
#41=TOROIDAL_SURFACE('',#1470,33.4999996256083,0.0599999999999978);
#42=TOROIDAL_SURFACE('',#1473,33.4999996256083,0.0599999999999978);
#43=TOROIDAL_SURFACE('',#1476,33.4999996256083,0.0599999999999978);
#44=TOROIDAL_SURFACE('',#1479,33.4999996256083,0.0599999999999978);
#45=TOROIDAL_SURFACE('',#1482,33.4999996256083,0.0599999999999978);
#46=TOROIDAL_SURFACE('',#1485,33.4999996256083,0.0599999999999978);
#47=TOROIDAL_SURFACE('',#1488,33.4999996256083,0.0599999999999978);
#48=TOROIDAL_SURFACE('',#1491,33.4999996256083,0.0599999999999978);
#49=TOROIDAL_SURFACE('',#1494,33.4999996256083,0.0599999999999978);
#50=TOROIDAL_SURFACE('',#1497,33.4999996256083,0.0599999999999978);
#51=TOROIDAL_SURFACE('',#1500,33.4999996256083,0.0599999999999978);
#52=TOROIDAL_SURFACE('',#1503,33.4999996256083,0.0599999999999978);
#53=TOROIDAL_SURFACE('',#1506,33.4999996256083,0.0599999999999978);
#54=TOROIDAL_SURFACE('',#1509,33.4999996256083,0.0599999999999978);
#55=TOROIDAL_SURFACE('',#1512,33.4999996256083,0.0599999999999978);
#56=TOROIDAL_SURFACE('',#1515,33.4999996256083,0.0599999999999978);
#57=TOROIDAL_SURFACE('',#1518,33.4999996256083,0.0599999999999978);
#58=TOROIDAL_SURFACE('',#1521,33.4999996256083,0.0599999999999978);
#59=TOROIDAL_SURFACE('',#1524,33.4999996256083,0.0599999999999978);
#60=TOROIDAL_SURFACE('',#1527,33.4999996256083,0.0599999999999978);
#61=TOROIDAL_SURFACE('',#1530,33.4999996256083,0.0599999999999978);
#62=TOROIDAL_SURFACE('',#1533,33.4999996256083,0.0599999999999978);
#63=TOROIDAL_SURFACE('',#1536,33.4999996256083,0.0599999999999978);
#64=TOROIDAL_SURFACE('',#1539,33.4999996256083,0.0599999999999978);
#65=TOROIDAL_SURFACE('',#1542,33.4999996256083,0.0599999999999978);
#66=TOROIDAL_SURFACE('',#1545,33.4999996256083,0.0599999999999978);
#67=TOROIDAL_SURFACE('',#1548,33.4999996256083,0.0599999999999978);
#68=TOROIDAL_SURFACE('',#1551,33.4999996256083,0.0599999999999978);
#69=TOROIDAL_SURFACE('',#1554,33.4999996256083,0.0599999999999978);
#70=TOROIDAL_SURFACE('',#1557,33.4999996256083,0.0599999999999978);
#71=STYLED_ITEM('',(#2491),#73);
#72=STYLED_ITEM('',(#2492),#74);
#73=MANIFOLD_SOLID_BREP('Body1',#1304);
#74=MANIFOLD_SOLID_BREP('Body2',#1305);
#75=CYLINDRICAL_SURFACE('',#1357,2.);
#76=CYLINDRICAL_SURFACE('',#1358,1.7);
#77=CYLINDRICAL_SURFACE('',#1359,1.7);
#78=CYLINDRICAL_SURFACE('',#1360,2.);
#79=CYLINDRICAL_SURFACE('',#1362,2.);
#80=CYLINDRICAL_SURFACE('',#1363,26.5790769599745);
#81=CYLINDRICAL_SURFACE('',#1364,2.);
#82=CYLINDRICAL_SURFACE('',#1366,2.);
#83=CYLINDRICAL_SURFACE('',#1367,1.7);
#84=CYLINDRICAL_SURFACE('',#1368,2.);
#85=CYLINDRICAL_SURFACE('',#1370,2.);
#86=CYLINDRICAL_SURFACE('',#1371,26.6);
#87=CYLINDRICAL_SURFACE('',#1372,2.);
#88=CYLINDRICAL_SURFACE('',#1373,30.5);
#89=CYLINDRICAL_SURFACE('',#1374,30.5);
#90=CYLINDRICAL_SURFACE('',#1375,34.);
#91=CYLINDRICAL_SURFACE('',#1379,33.);
#92=CYLINDRICAL_SURFACE('',#1384,34.);
#93=FACE_BOUND('',#346,.T.);
#94=FACE_BOUND('',#347,.T.);
#95=FACE_BOUND('',#348,.T.);
#96=FACE_BOUND('',#349,.T.);
#97=FACE_BOUND('',#351,.T.);
#98=FACE_BOUND('',#352,.T.);
#99=FACE_BOUND('',#353,.T.);
#100=FACE_BOUND('',#354,.T.);
#101=FACE_BOUND('',#376,.T.);
#102=CIRCLE('',#1323,34.);
#103=CIRCLE('',#1324,2.);
#104=CIRCLE('',#1325,2.);
#105=CIRCLE('',#1326,26.5790769599745);
#106=CIRCLE('',#1327,2.);
#107=CIRCLE('',#1328,2.);
#108=CIRCLE('',#1329,30.5);
#109=CIRCLE('',#1330,2.);
#110=CIRCLE('',#1331,2.);
#111=CIRCLE('',#1332,26.6);
#112=CIRCLE('',#1333,2.);
#113=CIRCLE('',#1334,2.);
#114=CIRCLE('',#1335,30.5);
#115=CIRCLE('',#1336,1.7);
#116=CIRCLE('',#1337,1.7);
#117=CIRCLE('',#1338,1.7);
#118=CIRCLE('',#1340,34.);
#119=CIRCLE('',#1341,1.7);
#120=CIRCLE('',#1342,30.5);
#121=CIRCLE('',#1343,2.);
#122=CIRCLE('',#1344,2.);
#123=CIRCLE('',#1345,26.6);
#124=CIRCLE('',#1346,2.);
#125=CIRCLE('',#1347,2.);
#126=CIRCLE('',#1348,30.5);
#127=CIRCLE('',#1349,2.);
#128=CIRCLE('',#1350,2.);
#129=CIRCLE('',#1351,26.5790769599745);
#130=CIRCLE('',#1352,2.);
#131=CIRCLE('',#1353,2.);
#132=CIRCLE('',#1354,1.7);
#133=CIRCLE('',#1355,1.7);
#134=CIRCLE('',#1376,34.);
#135=CIRCLE('',#1378,33.);
#136=CIRCLE('',#1380,33.);
#137=CIRCLE('',#1381,33.);
#138=CIRCLE('',#1383,34.);
#139=CIRCLE('',#1386,33.4857194330284);
#140=CIRCLE('',#1387,0.0599999999999978);
#141=CIRCLE('',#1388,33.4857194330284);
#142=CIRCLE('',#1390,33.4857194330284);
#143=CIRCLE('',#1391,0.0599999999999978);
#144=CIRCLE('',#1393,33.4857194330284);
#145=CIRCLE('',#1394,0.0599999999999978);
#146=CIRCLE('',#1396,33.4857194330284);
#147=CIRCLE('',#1397,0.0599999999999978);
#148=CIRCLE('',#1399,33.4857194330284);
#149=CIRCLE('',#1400,0.0599999999999978);
#150=CIRCLE('',#1402,33.4857194330284);
#151=CIRCLE('',#1403,0.0599999999999978);
#152=CIRCLE('',#1405,33.4857194330284);
#153=CIRCLE('',#1406,0.0599999999999978);
#154=CIRCLE('',#1408,33.4857194330284);
#155=CIRCLE('',#1409,0.0599999999999978);
#156=CIRCLE('',#1411,33.4857194330284);
#157=CIRCLE('',#1412,0.0599999999999978);
#158=CIRCLE('',#1414,33.4857194330284);
#159=CIRCLE('',#1415,0.0599999999999978);
#160=CIRCLE('',#1417,33.4857194330284);
#161=CIRCLE('',#1418,0.0599999999999978);
#162=CIRCLE('',#1420,33.4857194330284);
#163=CIRCLE('',#1421,0.0599999999999978);
#164=CIRCLE('',#1423,33.4857194330284);
#165=CIRCLE('',#1424,0.0599999999999978);
#166=CIRCLE('',#1426,33.4857194330284);
#167=CIRCLE('',#1427,0.0599999999999978);
#168=CIRCLE('',#1429,33.4857194330284);
#169=CIRCLE('',#1430,0.0599999999999978);
#170=CIRCLE('',#1432,33.4857194330284);
#171=CIRCLE('',#1433,0.0599999999999978);
#172=CIRCLE('',#1435,33.4857194330284);
#173=CIRCLE('',#1436,0.0599999999999978);
#174=CIRCLE('',#1438,33.4857194330284);
#175=CIRCLE('',#1439,0.0599999999999978);
#176=CIRCLE('',#1441,33.4857194330284);
#177=CIRCLE('',#1442,0.0599999999999978);
#178=CIRCLE('',#1444,33.4857194330284);
#179=CIRCLE('',#1445,0.0599999999999978);
#180=CIRCLE('',#1447,33.4857194330284);
#181=CIRCLE('',#1448,0.0599999999999978);
#182=CIRCLE('',#1450,33.4857194330284);
#183=CIRCLE('',#1451,0.0599999999999978);
#184=CIRCLE('',#1453,33.4857194330284);
#185=CIRCLE('',#1454,0.0599999999999978);
#186=CIRCLE('',#1456,33.4857194330284);
#187=CIRCLE('',#1457,0.0599999999999978);
#188=CIRCLE('',#1459,33.4857194330284);
#189=CIRCLE('',#1460,0.0599999999999978);
#190=CIRCLE('',#1462,33.4857194330284);
#191=CIRCLE('',#1463,0.0599999999999978);
#192=CIRCLE('',#1465,33.4857194330284);
#193=CIRCLE('',#1466,0.0599999999999978);
#194=CIRCLE('',#1468,33.4857194330284);
#195=CIRCLE('',#1469,0.0599999999999978);
#196=CIRCLE('',#1471,33.5142798181882);
#197=CIRCLE('',#1472,0.0599999999999978);
#198=CIRCLE('',#1474,33.5142798181882);
#199=CIRCLE('',#1475,0.0599999999999978);
#200=CIRCLE('',#1477,33.5142798181882);
#201=CIRCLE('',#1478,0.0599999999999978);
#202=CIRCLE('',#1480,33.5142798181882);
#203=CIRCLE('',#1481,0.0599999999999978);
#204=CIRCLE('',#1483,33.5142798181882);
#205=CIRCLE('',#1484,0.0599999999999978);
#206=CIRCLE('',#1486,33.5142798181882);
#207=CIRCLE('',#1487,0.0599999999999978);
#208=CIRCLE('',#1489,33.5142798181882);
#209=CIRCLE('',#1490,0.0599999999999978);
#210=CIRCLE('',#1492,33.5142798181882);
#211=CIRCLE('',#1493,0.0599999999999978);
#212=CIRCLE('',#1495,33.5142798181882);
#213=CIRCLE('',#1496,0.0599999999999978);
#214=CIRCLE('',#1498,33.5142798181882);
#215=CIRCLE('',#1499,0.0599999999999978);
#216=CIRCLE('',#1501,33.5142798181882);
#217=CIRCLE('',#1502,0.0599999999999978);
#218=CIRCLE('',#1504,33.5142798181882);
#219=CIRCLE('',#1505,0.0599999999999978);
#220=CIRCLE('',#1507,33.5142798181882);
#221=CIRCLE('',#1508,0.0599999999999978);
#222=CIRCLE('',#1510,33.5142798181882);
#223=CIRCLE('',#1511,0.0599999999999978);
#224=CIRCLE('',#1513,33.5142798181882);
#225=CIRCLE('',#1514,0.0599999999999978);
#226=CIRCLE('',#1516,33.5142798181882);
#227=CIRCLE('',#1517,0.0599999999999978);
#228=CIRCLE('',#1519,33.5142798181882);
#229=CIRCLE('',#1520,0.0599999999999978);
#230=CIRCLE('',#1522,33.5142798181882);
#231=CIRCLE('',#1523,0.0599999999999978);
#232=CIRCLE('',#1525,33.5142798181882);
#233=CIRCLE('',#1526,0.0599999999999978);
#234=CIRCLE('',#1528,33.5142798181882);
#235=CIRCLE('',#1529,0.0599999999999978);
#236=CIRCLE('',#1531,33.5142798181882);
#237=CIRCLE('',#1532,0.0599999999999978);
#238=CIRCLE('',#1534,33.5142798181882);
#239=CIRCLE('',#1535,0.0599999999999978);
#240=CIRCLE('',#1537,33.5142798181882);
#241=CIRCLE('',#1538,0.0599999999999978);
#242=CIRCLE('',#1540,33.5142798181882);
#243=CIRCLE('',#1541,0.0599999999999978);
#244=CIRCLE('',#1543,33.5142798181882);
#245=CIRCLE('',#1544,0.0599999999999978);
#246=CIRCLE('',#1546,33.5142798181882);
#247=CIRCLE('',#1547,0.0599999999999978);
#248=CIRCLE('',#1549,33.5142798181882);
#249=CIRCLE('',#1550,0.0599999999999978);
#250=CIRCLE('',#1552,33.5142798181882);
#251=CIRCLE('',#1553,0.0599999999999978);
#252=CIRCLE('',#1555,33.5142798181882);
#253=CIRCLE('',#1556,0.0599999999999978);
#254=CIRCLE('',#1558,0.0599999999999978);
#255=FACE_OUTER_BOUND('',#342,.T.);
#256=FACE_OUTER_BOUND('',#343,.T.);
#257=FACE_OUTER_BOUND('',#344,.T.);
#258=FACE_OUTER_BOUND('',#345,.T.);
#259=FACE_OUTER_BOUND('',#350,.T.);
#260=FACE_OUTER_BOUND('',#355,.T.);
#261=FACE_OUTER_BOUND('',#356,.T.);
#262=FACE_OUTER_BOUND('',#357,.T.);
#263=FACE_OUTER_BOUND('',#358,.T.);
#264=FACE_OUTER_BOUND('',#359,.T.);
#265=FACE_OUTER_BOUND('',#360,.T.);
#266=FACE_OUTER_BOUND('',#361,.T.);
#267=FACE_OUTER_BOUND('',#362,.T.);
#268=FACE_OUTER_BOUND('',#363,.T.);
#269=FACE_OUTER_BOUND('',#364,.T.);
#270=FACE_OUTER_BOUND('',#365,.T.);
#271=FACE_OUTER_BOUND('',#366,.T.);
#272=FACE_OUTER_BOUND('',#367,.T.);
#273=FACE_OUTER_BOUND('',#368,.T.);
#274=FACE_OUTER_BOUND('',#369,.T.);
#275=FACE_OUTER_BOUND('',#370,.T.);
#276=FACE_OUTER_BOUND('',#371,.T.);
#277=FACE_OUTER_BOUND('',#372,.T.);
#278=FACE_OUTER_BOUND('',#373,.T.);
#279=FACE_OUTER_BOUND('',#374,.T.);
#280=FACE_OUTER_BOUND('',#375,.T.);
#281=FACE_OUTER_BOUND('',#377,.T.);
#282=FACE_OUTER_BOUND('',#378,.T.);
#283=FACE_OUTER_BOUND('',#379,.T.);
#284=FACE_OUTER_BOUND('',#380,.T.);
#285=FACE_OUTER_BOUND('',#381,.T.);
#286=FACE_OUTER_BOUND('',#382,.T.);
#287=FACE_OUTER_BOUND('',#383,.T.);
#288=FACE_OUTER_BOUND('',#384,.T.);
#289=FACE_OUTER_BOUND('',#385,.T.);
#290=FACE_OUTER_BOUND('',#386,.T.);
#291=FACE_OUTER_BOUND('',#387,.T.);
#292=FACE_OUTER_BOUND('',#388,.T.);
#293=FACE_OUTER_BOUND('',#389,.T.);
#294=FACE_OUTER_BOUND('',#390,.T.);
#295=FACE_OUTER_BOUND('',#391,.T.);
#296=FACE_OUTER_BOUND('',#392,.T.);
#297=FACE_OUTER_BOUND('',#393,.T.);
#298=FACE_OUTER_BOUND('',#394,.T.);
#299=FACE_OUTER_BOUND('',#395,.T.);
#300=FACE_OUTER_BOUND('',#396,.T.);
#301=FACE_OUTER_BOUND('',#397,.T.);
#302=FACE_OUTER_BOUND('',#398,.T.);
#303=FACE_OUTER_BOUND('',#399,.T.);
#304=FACE_OUTER_BOUND('',#400,.T.);
#305=FACE_OUTER_BOUND('',#401,.T.);
#306=FACE_OUTER_BOUND('',#402,.T.);
#307=FACE_OUTER_BOUND('',#403,.T.);
#308=FACE_OUTER_BOUND('',#404,.T.);
#309=FACE_OUTER_BOUND('',#405,.T.);
#310=FACE_OUTER_BOUND('',#406,.T.);
#311=FACE_OUTER_BOUND('',#407,.T.);
#312=FACE_OUTER_BOUND('',#408,.T.);
#313=FACE_OUTER_BOUND('',#409,.T.);
#314=FACE_OUTER_BOUND('',#410,.T.);
#315=FACE_OUTER_BOUND('',#411,.T.);
#316=FACE_OUTER_BOUND('',#412,.T.);
#317=FACE_OUTER_BOUND('',#413,.T.);
#318=FACE_OUTER_BOUND('',#414,.T.);
#319=FACE_OUTER_BOUND('',#415,.T.);
#320=FACE_OUTER_BOUND('',#416,.T.);
#321=FACE_OUTER_BOUND('',#417,.T.);
#322=FACE_OUTER_BOUND('',#418,.T.);
#323=FACE_OUTER_BOUND('',#419,.T.);
#324=FACE_OUTER_BOUND('',#420,.T.);
#325=FACE_OUTER_BOUND('',#421,.T.);
#326=FACE_OUTER_BOUND('',#422,.T.);
#327=FACE_OUTER_BOUND('',#423,.T.);
#328=FACE_OUTER_BOUND('',#424,.T.);
#329=FACE_OUTER_BOUND('',#425,.T.);
#330=FACE_OUTER_BOUND('',#426,.T.);
#331=FACE_OUTER_BOUND('',#427,.T.);
#332=FACE_OUTER_BOUND('',#428,.T.);
#333=FACE_OUTER_BOUND('',#429,.T.);
#334=FACE_OUTER_BOUND('',#430,.T.);
#335=FACE_OUTER_BOUND('',#431,.T.);
#336=FACE_OUTER_BOUND('',#432,.T.);
#337=FACE_OUTER_BOUND('',#433,.T.);
#338=FACE_OUTER_BOUND('',#434,.T.);
#339=FACE_OUTER_BOUND('',#435,.T.);
#340=FACE_OUTER_BOUND('',#436,.T.);
#341=FACE_OUTER_BOUND('',#437,.T.);
#342=EDGE_LOOP('',(#820,#821,#822,#823));
#343=EDGE_LOOP('',(#824,#825,#826,#827));
#344=EDGE_LOOP('',(#828,#829,#830,#831,#832));
#345=EDGE_LOOP('',(#833,#834,#835,#836));
#346=EDGE_LOOP('',(#837,#838,#839,#840,#841,#842,#843,#844,#845,#846,#847,
#848,#849,#850,#851,#852));
#347=EDGE_LOOP('',(#853));
#348=EDGE_LOOP('',(#854));
#349=EDGE_LOOP('',(#855));
#350=EDGE_LOOP('',(#856));
#351=EDGE_LOOP('',(#857));
#352=EDGE_LOOP('',(#858,#859,#860,#861,#862,#863,#864,#865,#866,#867,#868,
#869,#870,#871,#872,#873));
#353=EDGE_LOOP('',(#874));
#354=EDGE_LOOP('',(#875));
#355=EDGE_LOOP('',(#876,#877,#878,#879));
#356=EDGE_LOOP('',(#880,#881,#882,#883));
#357=EDGE_LOOP('',(#884,#885,#886,#887));
#358=EDGE_LOOP('',(#888,#889,#890,#891));
#359=EDGE_LOOP('',(#892,#893,#894,#895));
#360=EDGE_LOOP('',(#896,#897,#898,#899));
#361=EDGE_LOOP('',(#900,#901,#902,#903));
#362=EDGE_LOOP('',(#904,#905,#906,#907));
#363=EDGE_LOOP('',(#908,#909,#910,#911));
#364=EDGE_LOOP('',(#912,#913,#914,#915));
#365=EDGE_LOOP('',(#916,#917,#918,#919));
#366=EDGE_LOOP('',(#920,#921,#922,#923));
#367=EDGE_LOOP('',(#924,#925,#926,#927));
#368=EDGE_LOOP('',(#928,#929,#930,#931));
#369=EDGE_LOOP('',(#932,#933,#934,#935));
#370=EDGE_LOOP('',(#936,#937,#938,#939));
#371=EDGE_LOOP('',(#940,#941,#942,#943));
#372=EDGE_LOOP('',(#944,#945,#946,#947));
#373=EDGE_LOOP('',(#948,#949,#950,#951));
#374=EDGE_LOOP('',(#952,#953,#954,#955));
#375=EDGE_LOOP('',(#956));
#376=EDGE_LOOP('',(#957));
#377=EDGE_LOOP('',(#958,#959,#960,#961,#962));
#378=EDGE_LOOP('',(#963,#964,#965,#966,#967,#968,#969));
#379=EDGE_LOOP('',(#970,#971,#972,#973));
#380=EDGE_LOOP('',(#974,#975,#976,#977));
#381=EDGE_LOOP('',(#978,#979,#980,#981));
#382=EDGE_LOOP('',(#982,#983,#984,#985));
#383=EDGE_LOOP('',(#986,#987,#988,#989));
#384=EDGE_LOOP('',(#990,#991,#992,#993));
#385=EDGE_LOOP('',(#994,#995,#996,#997));
#386=EDGE_LOOP('',(#998,#999,#1000,#1001));
#387=EDGE_LOOP('',(#1002,#1003,#1004,#1005));
#388=EDGE_LOOP('',(#1006,#1007,#1008,#1009));
#389=EDGE_LOOP('',(#1010,#1011,#1012,#1013));
#390=EDGE_LOOP('',(#1014,#1015,#1016,#1017));
#391=EDGE_LOOP('',(#1018,#1019,#1020,#1021));
#392=EDGE_LOOP('',(#1022,#1023,#1024,#1025));
#393=EDGE_LOOP('',(#1026,#1027,#1028,#1029));
#394=EDGE_LOOP('',(#1030,#1031,#1032,#1033));
#395=EDGE_LOOP('',(#1034,#1035,#1036,#1037));
#396=EDGE_LOOP('',(#1038,#1039,#1040,#1041));
#397=EDGE_LOOP('',(#1042,#1043,#1044,#1045));
#398=EDGE_LOOP('',(#1046,#1047,#1048,#1049));
#399=EDGE_LOOP('',(#1050,#1051,#1052,#1053));
#400=EDGE_LOOP('',(#1054,#1055,#1056,#1057));
#401=EDGE_LOOP('',(#1058,#1059,#1060,#1061));
#402=EDGE_LOOP('',(#1062,#1063,#1064,#1065));
#403=EDGE_LOOP('',(#1066,#1067,#1068,#1069));
#404=EDGE_LOOP('',(#1070,#1071,#1072,#1073));
#405=EDGE_LOOP('',(#1074,#1075,#1076,#1077));
#406=EDGE_LOOP('',(#1078,#1079,#1080,#1081));
#407=EDGE_LOOP('',(#1082,#1083,#1084,#1085));
#408=EDGE_LOOP('',(#1086,#1087,#1088,#1089));
#409=EDGE_LOOP('',(#1090,#1091,#1092,#1093));
#410=EDGE_LOOP('',(#1094,#1095,#1096,#1097));
#411=EDGE_LOOP('',(#1098,#1099,#1100,#1101));
#412=EDGE_LOOP('',(#1102,#1103,#1104,#1105));
#413=EDGE_LOOP('',(#1106,#1107,#1108,#1109));
#414=EDGE_LOOP('',(#1110,#1111,#1112,#1113));
#415=EDGE_LOOP('',(#1114,#1115,#1116,#1117));
#416=EDGE_LOOP('',(#1118,#1119,#1120,#1121));
#417=EDGE_LOOP('',(#1122,#1123,#1124,#1125));
#418=EDGE_LOOP('',(#1126,#1127,#1128,#1129));
#419=EDGE_LOOP('',(#1130,#1131,#1132,#1133));
#420=EDGE_LOOP('',(#1134,#1135,#1136,#1137));
#421=EDGE_LOOP('',(#1138,#1139,#1140,#1141));
#422=EDGE_LOOP('',(#1142,#1143,#1144,#1145));
#423=EDGE_LOOP('',(#1146,#1147,#1148,#1149));
#424=EDGE_LOOP('',(#1150,#1151,#1152,#1153));
#425=EDGE_LOOP('',(#1154,#1155,#1156,#1157));
#426=EDGE_LOOP('',(#1158,#1159,#1160,#1161));
#427=EDGE_LOOP('',(#1162,#1163,#1164,#1165));
#428=EDGE_LOOP('',(#1166,#1167,#1168,#1169));
#429=EDGE_LOOP('',(#1170,#1171,#1172,#1173));
#430=EDGE_LOOP('',(#1174,#1175,#1176,#1177));
#431=EDGE_LOOP('',(#1178,#1179,#1180,#1181));
#432=EDGE_LOOP('',(#1182,#1183,#1184,#1185));
#433=EDGE_LOOP('',(#1186,#1187,#1188,#1189));
#434=EDGE_LOOP('',(#1190,#1191,#1192,#1193));
#435=EDGE_LOOP('',(#1194,#1195,#1196,#1197));
#436=EDGE_LOOP('',(#1198,#1199,#1200,#1201));
#437=EDGE_LOOP('',(#1202,#1203,#1204,#1205));
#438=LINE('',#2085,#478);
#439=LINE('',#2087,#479);
#440=LINE('',#2089,#480);
#441=LINE('',#2090,#481);
#442=LINE('',#2094,#482);
#443=LINE('',#2096,#483);
#444=LINE('',#2098,#484);
#445=LINE('',#2099,#485);
#446=LINE('',#2102,#486);
#447=LINE('',#2103,#487);
#448=LINE('',#2104,#488);
#449=LINE('',#2111,#489);
#450=LINE('',#2119,#490);
#451=LINE('',#2127,#491);
#452=LINE('',#2135,#492);
#453=LINE('',#2156,#493);
#454=LINE('',#2164,#494);
#455=LINE('',#2172,#495);
#456=LINE('',#2180,#496);
#457=LINE('',#2187,#497);
#458=LINE('',#2188,#498);
#459=LINE('',#2190,#499);
#460=LINE('',#2192,#500);
#461=LINE('',#2194,#501);
#462=LINE('',#2196,#502);
#463=LINE('',#2197,#503);
#464=LINE('',#2199,#504);
#465=LINE('',#2201,#505);
#466=LINE('',#2203,#506);
#467=LINE('',#2206,#507);
#468=LINE('',#2207,#508);
#469=LINE('',#2209,#509);
#470=LINE('',#2211,#510);
#471=LINE('',#2213,#511);
#472=LINE('',#2214,#512);
#473=LINE('',#2216,#513);
#474=LINE('',#2218,#514);
#475=LINE('',#2220,#515);
#476=LINE('',#2227,#516);
#477=LINE('',#2235,#517);
#478=VECTOR('',#1563,10.);
#479=VECTOR('',#1564,10.);
#480=VECTOR('',#1565,10.);
#481=VECTOR('',#1566,10.);
#482=VECTOR('',#1569,10.);
#483=VECTOR('',#1570,10.);
#484=VECTOR('',#1571,10.);
#485=VECTOR('',#1572,10.);
#486=VECTOR('',#1575,10.);
#487=VECTOR('',#1576,10.);
#488=VECTOR('',#1577,10.);
#489=VECTOR('',#1584,10.);
#490=VECTOR('',#1591,10.);
#491=VECTOR('',#1598,10.);
#492=VECTOR('',#1605,10.);
#493=VECTOR('',#1626,10.);
#494=VECTOR('',#1633,10.);
#495=VECTOR('',#1640,10.);
#496=VECTOR('',#1647,10.);
#497=VECTOR('',#1656,10.);
#498=VECTOR('',#1657,10.);
#499=VECTOR('',#1660,10.);
#500=VECTOR('',#1663,1.7);
#501=VECTOR('',#1666,1.7);
#502=VECTOR('',#1669,10.);
#503=VECTOR('',#1670,10.);
#504=VECTOR('',#1673,10.);
#505=VECTOR('',#1676,10.);
#506=VECTOR('',#1679,10.);
#507=VECTOR('',#1684,10.);
#508=VECTOR('',#1685,10.);
#509=VECTOR('',#1688,10.);
#510=VECTOR('',#1691,1.7);
#511=VECTOR('',#1694,10.);
#512=VECTOR('',#1695,10.);
#513=VECTOR('',#1698,10.);
#514=VECTOR('',#1701,10.);
#515=VECTOR('',#1704,10.);
#516=VECTOR('',#1715,34.);
#517=VECTOR('',#1726,33.);
#518=VERTEX_POINT('',#2083);
#519=VERTEX_POINT('',#2084);
#520=VERTEX_POINT('',#2086);
#521=VERTEX_POINT('',#2088);
#522=VERTEX_POINT('',#2092);
#523=VERTEX_POINT('',#2093);
#524=VERTEX_POINT('',#2095);
#525=VERTEX_POINT('',#2097);
#526=VERTEX_POINT('',#2101);
#527=VERTEX_POINT('',#2107);
#528=VERTEX_POINT('',#2108);
#529=VERTEX_POINT('',#2110);
#530=VERTEX_POINT('',#2112);
#531=VERTEX_POINT('',#2114);
#532=VERTEX_POINT('',#2116);
#533=VERTEX_POINT('',#2118);
#534=VERTEX_POINT('',#2120);
#535=VERTEX_POINT('',#2122);
#536=VERTEX_POINT('',#2124);
#537=VERTEX_POINT('',#2126);
#538=VERTEX_POINT('',#2128);
#539=VERTEX_POINT('',#2130);
#540=VERTEX_POINT('',#2132);
#541=VERTEX_POINT('',#2134);
#542=VERTEX_POINT('',#2136);
#543=VERTEX_POINT('',#2139);
#544=VERTEX_POINT('',#2141);
#545=VERTEX_POINT('',#2143);
#546=VERTEX_POINT('',#2146);
#547=VERTEX_POINT('',#2148);
#548=VERTEX_POINT('',#2150);
#549=VERTEX_POINT('',#2151);
#550=VERTEX_POINT('',#2153);
#551=VERTEX_POINT('',#2155);
#552=VERTEX_POINT('',#2157);
#553=VERTEX_POINT('',#2159);
#554=VERTEX_POINT('',#2161);
#555=VERTEX_POINT('',#2163);
#556=VERTEX_POINT('',#2165);
#557=VERTEX_POINT('',#2167);
#558=VERTEX_POINT('',#2169);
#559=VERTEX_POINT('',#2171);
#560=VERTEX_POINT('',#2173);
#561=VERTEX_POINT('',#2175);
#562=VERTEX_POINT('',#2177);
#563=VERTEX_POINT('',#2179);
#564=VERTEX_POINT('',#2182);
#565=VERTEX_POINT('',#2184);
#566=VERTEX_POINT('',#2225);
#567=VERTEX_POINT('',#2229);
#568=VERTEX_POINT('',#2232);
#569=VERTEX_POINT('',#2240);
#570=VERTEX_POINT('',#2242);
#571=VERTEX_POINT('',#2246);
#572=VERTEX_POINT('',#2250);
#573=VERTEX_POINT('',#2254);
#574=VERTEX_POINT('',#2258);
#575=VERTEX_POINT('',#2262);
#576=VERTEX_POINT('',#2266);
#577=VERTEX_POINT('',#2270);
#578=VERTEX_POINT('',#2274);
#579=VERTEX_POINT('',#2278);
#580=VERTEX_POINT('',#2282);
#581=VERTEX_POINT('',#2286);
#582=VERTEX_POINT('',#2290);
#583=VERTEX_POINT('',#2294);
#584=VERTEX_POINT('',#2298);
#585=VERTEX_POINT('',#2302);
#586=VERTEX_POINT('',#2306);
#587=VERTEX_POINT('',#2310);
#588=VERTEX_POINT('',#2314);
#589=VERTEX_POINT('',#2318);
#590=VERTEX_POINT('',#2322);
#591=VERTEX_POINT('',#2326);
#592=VERTEX_POINT('',#2330);
#593=VERTEX_POINT('',#2334);
#594=VERTEX_POINT('',#2338);
#595=VERTEX_POINT('',#2342);
#596=VERTEX_POINT('',#2346);
#597=VERTEX_POINT('',#2350);
#598=VERTEX_POINT('',#2354);
#599=VERTEX_POINT('',#2358);
#600=VERTEX_POINT('',#2362);
#601=VERTEX_POINT('',#2366);
#602=VERTEX_POINT('',#2370);
#603=VERTEX_POINT('',#2374);
#604=VERTEX_POINT('',#2378);
#605=VERTEX_POINT('',#2382);
#606=VERTEX_POINT('',#2386);
#607=VERTEX_POINT('',#2390);
#608=VERTEX_POINT('',#2394);
#609=VERTEX_POINT('',#2398);
#610=VERTEX_POINT('',#2402);
#611=VERTEX_POINT('',#2406);
#612=VERTEX_POINT('',#2410);
#613=VERTEX_POINT('',#2414);
#614=VERTEX_POINT('',#2418);
#615=VERTEX_POINT('',#2422);
#616=VERTEX_POINT('',#2426);
#617=VERTEX_POINT('',#2430);
#618=VERTEX_POINT('',#2434);
#619=VERTEX_POINT('',#2438);
#620=VERTEX_POINT('',#2442);
#621=VERTEX_POINT('',#2446);
#622=VERTEX_POINT('',#2450);
#623=VERTEX_POINT('',#2454);
#624=VERTEX_POINT('',#2458);
#625=VERTEX_POINT('',#2462);
#626=VERTEX_POINT('',#2466);
#627=EDGE_CURVE('',#518,#519,#438,.T.);
#628=EDGE_CURVE('',#520,#518,#439,.T.);
#629=EDGE_CURVE('',#521,#520,#440,.T.);
#630=EDGE_CURVE('',#519,#521,#441,.T.);
#631=EDGE_CURVE('',#522,#523,#442,.T.);
#632=EDGE_CURVE('',#524,#522,#443,.T.);
#633=EDGE_CURVE('',#525,#524,#444,.T.);
#634=EDGE_CURVE('',#523,#525,#445,.T.);
#635=EDGE_CURVE('',#526,#524,#446,.T.);
#636=EDGE_CURVE('',#521,#526,#447,.T.);
#637=EDGE_CURVE('',#525,#520,#448,.T.);
#638=EDGE_CURVE('',#518,#523,#102,.T.);
#639=EDGE_CURVE('',#527,#528,#103,.T.);
#640=EDGE_CURVE('',#529,#527,#449,.T.);
#641=EDGE_CURVE('',#530,#529,#104,.T.);
#642=EDGE_CURVE('',#531,#530,#105,.T.);
#643=EDGE_CURVE('',#532,#531,#106,.T.);
#644=EDGE_CURVE('',#533,#532,#450,.T.);
#645=EDGE_CURVE('',#534,#533,#107,.T.);
#646=EDGE_CURVE('',#535,#534,#108,.T.);
#647=EDGE_CURVE('',#536,#535,#109,.T.);
#648=EDGE_CURVE('',#537,#536,#451,.T.);
#649=EDGE_CURVE('',#538,#537,#110,.T.);
#650=EDGE_CURVE('',#539,#538,#111,.T.);
#651=EDGE_CURVE('',#540,#539,#112,.T.);
#652=EDGE_CURVE('',#541,#540,#452,.T.);
#653=EDGE_CURVE('',#542,#541,#113,.T.);
#654=EDGE_CURVE('',#528,#542,#114,.T.);
#655=EDGE_CURVE('',#543,#543,#115,.T.);
#656=EDGE_CURVE('',#544,#544,#116,.T.);
#657=EDGE_CURVE('',#545,#545,#117,.T.);
#658=EDGE_CURVE('',#546,#546,#118,.T.);
#659=EDGE_CURVE('',#547,#547,#119,.T.);
#660=EDGE_CURVE('',#548,#549,#120,.T.);
#661=EDGE_CURVE('',#549,#550,#121,.T.);
#662=EDGE_CURVE('',#550,#551,#453,.T.);
#663=EDGE_CURVE('',#551,#552,#122,.T.);
#664=EDGE_CURVE('',#552,#553,#123,.T.);
#665=EDGE_CURVE('',#553,#554,#124,.T.);
#666=EDGE_CURVE('',#554,#555,#454,.T.);
#667=EDGE_CURVE('',#555,#556,#125,.T.);
#668=EDGE_CURVE('',#556,#557,#126,.T.);
#669=EDGE_CURVE('',#557,#558,#127,.T.);
#670=EDGE_CURVE('',#558,#559,#455,.T.);
#671=EDGE_CURVE('',#559,#560,#128,.T.);
#672=EDGE_CURVE('',#560,#561,#129,.T.);
#673=EDGE_CURVE('',#561,#562,#130,.T.);
#674=EDGE_CURVE('',#562,#563,#456,.T.);
#675=EDGE_CURVE('',#563,#548,#131,.T.);
#676=EDGE_CURVE('',#564,#564,#132,.T.);
#677=EDGE_CURVE('',#565,#565,#133,.T.);
#678=EDGE_CURVE('',#563,#527,#457,.T.);
#679=EDGE_CURVE('',#562,#529,#458,.T.);
#680=EDGE_CURVE('',#548,#528,#459,.T.);
#681=EDGE_CURVE('',#547,#543,#460,.T.);
#682=EDGE_CURVE('',#565,#545,#461,.T.);
#683=EDGE_CURVE('',#558,#533,#462,.T.);
#684=EDGE_CURVE('',#557,#534,#463,.T.);
#685=EDGE_CURVE('',#559,#532,#464,.T.);
#686=EDGE_CURVE('',#560,#531,#465,.T.);
#687=EDGE_CURVE('',#561,#530,#466,.T.);
#688=EDGE_CURVE('',#551,#540,#467,.T.);
#689=EDGE_CURVE('',#550,#541,#468,.T.);
#690=EDGE_CURVE('',#549,#542,#469,.T.);
#691=EDGE_CURVE('',#564,#544,#470,.T.);
#692=EDGE_CURVE('',#556,#535,#471,.T.);
#693=EDGE_CURVE('',#555,#536,#472,.T.);
#694=EDGE_CURVE('',#554,#537,#473,.T.);
#695=EDGE_CURVE('',#553,#538,#474,.T.);
#696=EDGE_CURVE('',#552,#539,#475,.T.);
#697=EDGE_CURVE('',#566,#566,#134,.T.);
#698=EDGE_CURVE('',#566,#546,#476,.T.);
#699=EDGE_CURVE('',#567,#567,#135,.T.);
#700=EDGE_CURVE('',#526,#568,#136,.T.);
#701=EDGE_CURVE('',#568,#526,#137,.T.);
#702=EDGE_CURVE('',#568,#567,#477,.T.);
#703=EDGE_CURVE('',#519,#522,#138,.T.);
#704=EDGE_CURVE('',#569,#569,#139,.T.);
#705=EDGE_CURVE('',#569,#570,#140,.T.);
#706=EDGE_CURVE('',#570,#570,#141,.T.);
#707=EDGE_CURVE('',#571,#571,#142,.T.);
#708=EDGE_CURVE('',#571,#569,#143,.T.);
#709=EDGE_CURVE('',#572,#572,#144,.T.);
#710=EDGE_CURVE('',#572,#571,#145,.T.);
#711=EDGE_CURVE('',#573,#573,#146,.T.);
#712=EDGE_CURVE('',#573,#572,#147,.T.);
#713=EDGE_CURVE('',#574,#574,#148,.T.);
#714=EDGE_CURVE('',#574,#573,#149,.T.);
#715=EDGE_CURVE('',#575,#575,#150,.T.);
#716=EDGE_CURVE('',#575,#574,#151,.T.);
#717=EDGE_CURVE('',#576,#576,#152,.T.);
#718=EDGE_CURVE('',#576,#575,#153,.T.);
#719=EDGE_CURVE('',#577,#577,#154,.T.);
#720=EDGE_CURVE('',#577,#576,#155,.T.);
#721=EDGE_CURVE('',#578,#578,#156,.T.);
#722=EDGE_CURVE('',#578,#577,#157,.T.);
#723=EDGE_CURVE('',#579,#579,#158,.T.);
#724=EDGE_CURVE('',#579,#578,#159,.T.);
#725=EDGE_CURVE('',#580,#580,#160,.T.);
#726=EDGE_CURVE('',#580,#579,#161,.T.);
#727=EDGE_CURVE('',#581,#581,#162,.T.);
#728=EDGE_CURVE('',#581,#580,#163,.T.);
#729=EDGE_CURVE('',#582,#582,#164,.T.);
#730=EDGE_CURVE('',#582,#581,#165,.T.);
#731=EDGE_CURVE('',#583,#583,#166,.T.);
#732=EDGE_CURVE('',#583,#582,#167,.T.);
#733=EDGE_CURVE('',#584,#584,#168,.T.);
#734=EDGE_CURVE('',#584,#583,#169,.T.);
#735=EDGE_CURVE('',#585,#585,#170,.T.);
#736=EDGE_CURVE('',#585,#584,#171,.T.);
#737=EDGE_CURVE('',#586,#586,#172,.T.);
#738=EDGE_CURVE('',#586,#585,#173,.T.);
#739=EDGE_CURVE('',#587,#587,#174,.T.);
#740=EDGE_CURVE('',#587,#586,#175,.T.);
#741=EDGE_CURVE('',#588,#588,#176,.T.);
#742=EDGE_CURVE('',#588,#587,#177,.T.);
#743=EDGE_CURVE('',#589,#589,#178,.T.);
#744=EDGE_CURVE('',#589,#588,#179,.T.);
#745=EDGE_CURVE('',#590,#590,#180,.T.);
#746=EDGE_CURVE('',#590,#589,#181,.T.);
#747=EDGE_CURVE('',#591,#591,#182,.T.);
#748=EDGE_CURVE('',#591,#590,#183,.T.);
#749=EDGE_CURVE('',#592,#592,#184,.T.);
#750=EDGE_CURVE('',#592,#591,#185,.T.);
#751=EDGE_CURVE('',#593,#593,#186,.T.);
#752=EDGE_CURVE('',#593,#592,#187,.T.);
#753=EDGE_CURVE('',#594,#594,#188,.T.);
#754=EDGE_CURVE('',#594,#593,#189,.T.);
#755=EDGE_CURVE('',#595,#595,#190,.T.);
#756=EDGE_CURVE('',#595,#594,#191,.T.);
#757=EDGE_CURVE('',#596,#596,#192,.T.);
#758=EDGE_CURVE('',#596,#595,#193,.T.);
#759=EDGE_CURVE('',#597,#597,#194,.T.);
#760=EDGE_CURVE('',#597,#596,#195,.T.);
#761=EDGE_CURVE('',#598,#598,#196,.T.);
#762=EDGE_CURVE('',#598,#597,#197,.T.);
#763=EDGE_CURVE('',#599,#599,#198,.T.);
#764=EDGE_CURVE('',#599,#598,#199,.T.);
#765=EDGE_CURVE('',#600,#600,#200,.T.);
#766=EDGE_CURVE('',#600,#599,#201,.T.);
#767=EDGE_CURVE('',#601,#601,#202,.T.);
#768=EDGE_CURVE('',#601,#600,#203,.T.);
#769=EDGE_CURVE('',#602,#602,#204,.T.);
#770=EDGE_CURVE('',#602,#601,#205,.T.);
#771=EDGE_CURVE('',#603,#603,#206,.T.);
#772=EDGE_CURVE('',#603,#602,#207,.T.);
#773=EDGE_CURVE('',#604,#604,#208,.T.);
#774=EDGE_CURVE('',#604,#603,#209,.T.);
#775=EDGE_CURVE('',#605,#605,#210,.T.);
#776=EDGE_CURVE('',#605,#604,#211,.T.);
#777=EDGE_CURVE('',#606,#606,#212,.T.);
#778=EDGE_CURVE('',#606,#605,#213,.T.);
#779=EDGE_CURVE('',#607,#607,#214,.T.);
#780=EDGE_CURVE('',#607,#606,#215,.T.);
#781=EDGE_CURVE('',#608,#608,#216,.T.);
#782=EDGE_CURVE('',#608,#607,#217,.T.);
#783=EDGE_CURVE('',#609,#609,#218,.T.);
#784=EDGE_CURVE('',#609,#608,#219,.T.);
#785=EDGE_CURVE('',#610,#610,#220,.T.);
#786=EDGE_CURVE('',#610,#609,#221,.T.);
#787=EDGE_CURVE('',#611,#611,#222,.T.);
#788=EDGE_CURVE('',#611,#610,#223,.T.);
#789=EDGE_CURVE('',#612,#612,#224,.T.);
#790=EDGE_CURVE('',#612,#611,#225,.T.);
#791=EDGE_CURVE('',#613,#613,#226,.T.);
#792=EDGE_CURVE('',#613,#612,#227,.T.);
#793=EDGE_CURVE('',#614,#614,#228,.T.);
#794=EDGE_CURVE('',#614,#613,#229,.T.);
#795=EDGE_CURVE('',#615,#615,#230,.T.);
#796=EDGE_CURVE('',#615,#614,#231,.T.);
#797=EDGE_CURVE('',#616,#616,#232,.T.);
#798=EDGE_CURVE('',#616,#615,#233,.T.);
#799=EDGE_CURVE('',#617,#617,#234,.T.);
#800=EDGE_CURVE('',#617,#616,#235,.T.);
#801=EDGE_CURVE('',#618,#618,#236,.T.);
#802=EDGE_CURVE('',#618,#617,#237,.T.);
#803=EDGE_CURVE('',#619,#619,#238,.T.);
#804=EDGE_CURVE('',#619,#618,#239,.T.);
#805=EDGE_CURVE('',#620,#620,#240,.T.);
#806=EDGE_CURVE('',#620,#619,#241,.T.);
#807=EDGE_CURVE('',#621,#621,#242,.T.);
#808=EDGE_CURVE('',#621,#620,#243,.T.);
#809=EDGE_CURVE('',#622,#622,#244,.T.);
#810=EDGE_CURVE('',#622,#621,#245,.T.);
#811=EDGE_CURVE('',#623,#623,#246,.T.);
#812=EDGE_CURVE('',#623,#622,#247,.T.);
#813=EDGE_CURVE('',#624,#624,#248,.T.);
#814=EDGE_CURVE('',#624,#623,#249,.T.);
#815=EDGE_CURVE('',#625,#625,#250,.T.);
#816=EDGE_CURVE('',#625,#624,#251,.T.);
#817=EDGE_CURVE('',#626,#626,#252,.T.);
#818=EDGE_CURVE('',#626,#625,#253,.T.);
#819=EDGE_CURVE('',#570,#626,#254,.T.);
#820=ORIENTED_EDGE('',*,*,#627,.F.);
#821=ORIENTED_EDGE('',*,*,#628,.F.);
#822=ORIENTED_EDGE('',*,*,#629,.F.);
#823=ORIENTED_EDGE('',*,*,#630,.F.);
#824=ORIENTED_EDGE('',*,*,#631,.F.);
#825=ORIENTED_EDGE('',*,*,#632,.F.);
#826=ORIENTED_EDGE('',*,*,#633,.F.);
#827=ORIENTED_EDGE('',*,*,#634,.F.);
#828=ORIENTED_EDGE('',*,*,#635,.F.);
#829=ORIENTED_EDGE('',*,*,#636,.F.);
#830=ORIENTED_EDGE('',*,*,#629,.T.);
#831=ORIENTED_EDGE('',*,*,#637,.F.);
#832=ORIENTED_EDGE('',*,*,#633,.T.);
#833=ORIENTED_EDGE('',*,*,#628,.T.);
#834=ORIENTED_EDGE('',*,*,#638,.T.);
#835=ORIENTED_EDGE('',*,*,#634,.T.);
#836=ORIENTED_EDGE('',*,*,#637,.T.);
#837=ORIENTED_EDGE('',*,*,#639,.F.);
#838=ORIENTED_EDGE('',*,*,#640,.F.);
#839=ORIENTED_EDGE('',*,*,#641,.F.);
#840=ORIENTED_EDGE('',*,*,#642,.F.);
#841=ORIENTED_EDGE('',*,*,#643,.F.);
#842=ORIENTED_EDGE('',*,*,#644,.F.);
#843=ORIENTED_EDGE('',*,*,#645,.F.);
#844=ORIENTED_EDGE('',*,*,#646,.F.);
#845=ORIENTED_EDGE('',*,*,#647,.F.);
#846=ORIENTED_EDGE('',*,*,#648,.F.);
#847=ORIENTED_EDGE('',*,*,#649,.F.);
#848=ORIENTED_EDGE('',*,*,#650,.F.);
#849=ORIENTED_EDGE('',*,*,#651,.F.);
#850=ORIENTED_EDGE('',*,*,#652,.F.);
#851=ORIENTED_EDGE('',*,*,#653,.F.);
#852=ORIENTED_EDGE('',*,*,#654,.F.);
#853=ORIENTED_EDGE('',*,*,#655,.T.);
#854=ORIENTED_EDGE('',*,*,#656,.T.);
#855=ORIENTED_EDGE('',*,*,#657,.T.);
#856=ORIENTED_EDGE('',*,*,#658,.F.);
#857=ORIENTED_EDGE('',*,*,#659,.T.);
#858=ORIENTED_EDGE('',*,*,#660,.T.);
#859=ORIENTED_EDGE('',*,*,#661,.T.);
#860=ORIENTED_EDGE('',*,*,#662,.T.);
#861=ORIENTED_EDGE('',*,*,#663,.T.);
#862=ORIENTED_EDGE('',*,*,#664,.T.);
#863=ORIENTED_EDGE('',*,*,#665,.T.);
#864=ORIENTED_EDGE('',*,*,#666,.T.);
#865=ORIENTED_EDGE('',*,*,#667,.T.);
#866=ORIENTED_EDGE('',*,*,#668,.T.);
#867=ORIENTED_EDGE('',*,*,#669,.T.);
#868=ORIENTED_EDGE('',*,*,#670,.T.);
#869=ORIENTED_EDGE('',*,*,#671,.T.);
#870=ORIENTED_EDGE('',*,*,#672,.T.);
#871=ORIENTED_EDGE('',*,*,#673,.T.);
#872=ORIENTED_EDGE('',*,*,#674,.T.);
#873=ORIENTED_EDGE('',*,*,#675,.T.);
#874=ORIENTED_EDGE('',*,*,#676,.T.);
#875=ORIENTED_EDGE('',*,*,#677,.T.);
#876=ORIENTED_EDGE('',*,*,#640,.T.);
#877=ORIENTED_EDGE('',*,*,#678,.F.);
#878=ORIENTED_EDGE('',*,*,#674,.F.);
#879=ORIENTED_EDGE('',*,*,#679,.T.);
#880=ORIENTED_EDGE('',*,*,#639,.T.);
#881=ORIENTED_EDGE('',*,*,#680,.F.);
#882=ORIENTED_EDGE('',*,*,#675,.F.);
#883=ORIENTED_EDGE('',*,*,#678,.T.);
#884=ORIENTED_EDGE('',*,*,#659,.F.);
#885=ORIENTED_EDGE('',*,*,#681,.T.);
#886=ORIENTED_EDGE('',*,*,#655,.F.);
#887=ORIENTED_EDGE('',*,*,#681,.F.);
#888=ORIENTED_EDGE('',*,*,#677,.F.);
#889=ORIENTED_EDGE('',*,*,#682,.T.);
#890=ORIENTED_EDGE('',*,*,#657,.F.);
#891=ORIENTED_EDGE('',*,*,#682,.F.);
#892=ORIENTED_EDGE('',*,*,#645,.T.);
#893=ORIENTED_EDGE('',*,*,#683,.F.);
#894=ORIENTED_EDGE('',*,*,#669,.F.);
#895=ORIENTED_EDGE('',*,*,#684,.T.);
#896=ORIENTED_EDGE('',*,*,#644,.T.);
#897=ORIENTED_EDGE('',*,*,#685,.F.);
#898=ORIENTED_EDGE('',*,*,#670,.F.);
#899=ORIENTED_EDGE('',*,*,#683,.T.);
#900=ORIENTED_EDGE('',*,*,#643,.T.);
#901=ORIENTED_EDGE('',*,*,#686,.F.);
#902=ORIENTED_EDGE('',*,*,#671,.F.);
#903=ORIENTED_EDGE('',*,*,#685,.T.);
#904=ORIENTED_EDGE('',*,*,#642,.T.);
#905=ORIENTED_EDGE('',*,*,#687,.F.);
#906=ORIENTED_EDGE('',*,*,#672,.F.);
#907=ORIENTED_EDGE('',*,*,#686,.T.);
#908=ORIENTED_EDGE('',*,*,#641,.T.);
#909=ORIENTED_EDGE('',*,*,#679,.F.);
#910=ORIENTED_EDGE('',*,*,#673,.F.);
#911=ORIENTED_EDGE('',*,*,#687,.T.);
#912=ORIENTED_EDGE('',*,*,#652,.T.);
#913=ORIENTED_EDGE('',*,*,#688,.F.);
#914=ORIENTED_EDGE('',*,*,#662,.F.);
#915=ORIENTED_EDGE('',*,*,#689,.T.);
#916=ORIENTED_EDGE('',*,*,#653,.T.);
#917=ORIENTED_EDGE('',*,*,#689,.F.);
#918=ORIENTED_EDGE('',*,*,#661,.F.);
#919=ORIENTED_EDGE('',*,*,#690,.T.);
#920=ORIENTED_EDGE('',*,*,#676,.F.);
#921=ORIENTED_EDGE('',*,*,#691,.T.);
#922=ORIENTED_EDGE('',*,*,#656,.F.);
#923=ORIENTED_EDGE('',*,*,#691,.F.);
#924=ORIENTED_EDGE('',*,*,#647,.T.);
#925=ORIENTED_EDGE('',*,*,#692,.F.);
#926=ORIENTED_EDGE('',*,*,#667,.F.);
#927=ORIENTED_EDGE('',*,*,#693,.T.);
#928=ORIENTED_EDGE('',*,*,#648,.T.);
#929=ORIENTED_EDGE('',*,*,#693,.F.);
#930=ORIENTED_EDGE('',*,*,#666,.F.);
#931=ORIENTED_EDGE('',*,*,#694,.T.);
#932=ORIENTED_EDGE('',*,*,#649,.T.);
#933=ORIENTED_EDGE('',*,*,#694,.F.);
#934=ORIENTED_EDGE('',*,*,#665,.F.);
#935=ORIENTED_EDGE('',*,*,#695,.T.);
#936=ORIENTED_EDGE('',*,*,#650,.T.);
#937=ORIENTED_EDGE('',*,*,#695,.F.);
#938=ORIENTED_EDGE('',*,*,#664,.F.);
#939=ORIENTED_EDGE('',*,*,#696,.T.);
#940=ORIENTED_EDGE('',*,*,#651,.T.);
#941=ORIENTED_EDGE('',*,*,#696,.F.);
#942=ORIENTED_EDGE('',*,*,#663,.F.);
#943=ORIENTED_EDGE('',*,*,#688,.T.);
#944=ORIENTED_EDGE('',*,*,#684,.F.);
#945=ORIENTED_EDGE('',*,*,#668,.F.);
#946=ORIENTED_EDGE('',*,*,#692,.T.);
#947=ORIENTED_EDGE('',*,*,#646,.T.);
#948=ORIENTED_EDGE('',*,*,#680,.T.);
#949=ORIENTED_EDGE('',*,*,#654,.T.);
#950=ORIENTED_EDGE('',*,*,#690,.F.);
#951=ORIENTED_EDGE('',*,*,#660,.F.);
#952=ORIENTED_EDGE('',*,*,#697,.F.);
#953=ORIENTED_EDGE('',*,*,#698,.T.);
#954=ORIENTED_EDGE('',*,*,#658,.T.);
#955=ORIENTED_EDGE('',*,*,#698,.F.);
#956=ORIENTED_EDGE('',*,*,#697,.T.);
#957=ORIENTED_EDGE('',*,*,#699,.F.);
#958=ORIENTED_EDGE('',*,*,#700,.F.);
#959=ORIENTED_EDGE('',*,*,#701,.F.);
#960=ORIENTED_EDGE('',*,*,#702,.T.);
#961=ORIENTED_EDGE('',*,*,#699,.T.);
#962=ORIENTED_EDGE('',*,*,#702,.F.);
#963=ORIENTED_EDGE('',*,*,#630,.T.);
#964=ORIENTED_EDGE('',*,*,#636,.T.);
#965=ORIENTED_EDGE('',*,*,#700,.T.);
#966=ORIENTED_EDGE('',*,*,#701,.T.);
#967=ORIENTED_EDGE('',*,*,#635,.T.);
#968=ORIENTED_EDGE('',*,*,#632,.T.);
#969=ORIENTED_EDGE('',*,*,#703,.F.);
#970=ORIENTED_EDGE('',*,*,#627,.T.);
#971=ORIENTED_EDGE('',*,*,#703,.T.);
#972=ORIENTED_EDGE('',*,*,#631,.T.);
#973=ORIENTED_EDGE('',*,*,#638,.F.);
#974=ORIENTED_EDGE('',*,*,#704,.F.);
#975=ORIENTED_EDGE('',*,*,#705,.T.);
#976=ORIENTED_EDGE('',*,*,#706,.T.);
#977=ORIENTED_EDGE('',*,*,#705,.F.);
#978=ORIENTED_EDGE('',*,*,#707,.F.);
#979=ORIENTED_EDGE('',*,*,#708,.T.);
#980=ORIENTED_EDGE('',*,*,#704,.T.);
#981=ORIENTED_EDGE('',*,*,#708,.F.);
#982=ORIENTED_EDGE('',*,*,#709,.F.);
#983=ORIENTED_EDGE('',*,*,#710,.T.);
#984=ORIENTED_EDGE('',*,*,#707,.T.);
#985=ORIENTED_EDGE('',*,*,#710,.F.);
#986=ORIENTED_EDGE('',*,*,#711,.F.);
#987=ORIENTED_EDGE('',*,*,#712,.T.);
#988=ORIENTED_EDGE('',*,*,#709,.T.);
#989=ORIENTED_EDGE('',*,*,#712,.F.);
#990=ORIENTED_EDGE('',*,*,#713,.F.);
#991=ORIENTED_EDGE('',*,*,#714,.T.);
#992=ORIENTED_EDGE('',*,*,#711,.T.);
#993=ORIENTED_EDGE('',*,*,#714,.F.);
#994=ORIENTED_EDGE('',*,*,#715,.F.);
#995=ORIENTED_EDGE('',*,*,#716,.T.);
#996=ORIENTED_EDGE('',*,*,#713,.T.);
#997=ORIENTED_EDGE('',*,*,#716,.F.);
#998=ORIENTED_EDGE('',*,*,#717,.F.);
#999=ORIENTED_EDGE('',*,*,#718,.T.);
#1000=ORIENTED_EDGE('',*,*,#715,.T.);
#1001=ORIENTED_EDGE('',*,*,#718,.F.);
#1002=ORIENTED_EDGE('',*,*,#719,.F.);
#1003=ORIENTED_EDGE('',*,*,#720,.T.);
#1004=ORIENTED_EDGE('',*,*,#717,.T.);
#1005=ORIENTED_EDGE('',*,*,#720,.F.);
#1006=ORIENTED_EDGE('',*,*,#721,.F.);
#1007=ORIENTED_EDGE('',*,*,#722,.T.);
#1008=ORIENTED_EDGE('',*,*,#719,.T.);
#1009=ORIENTED_EDGE('',*,*,#722,.F.);
#1010=ORIENTED_EDGE('',*,*,#723,.F.);
#1011=ORIENTED_EDGE('',*,*,#724,.T.);
#1012=ORIENTED_EDGE('',*,*,#721,.T.);
#1013=ORIENTED_EDGE('',*,*,#724,.F.);
#1014=ORIENTED_EDGE('',*,*,#725,.F.);
#1015=ORIENTED_EDGE('',*,*,#726,.T.);
#1016=ORIENTED_EDGE('',*,*,#723,.T.);
#1017=ORIENTED_EDGE('',*,*,#726,.F.);
#1018=ORIENTED_EDGE('',*,*,#727,.F.);
#1019=ORIENTED_EDGE('',*,*,#728,.T.);
#1020=ORIENTED_EDGE('',*,*,#725,.T.);
#1021=ORIENTED_EDGE('',*,*,#728,.F.);
#1022=ORIENTED_EDGE('',*,*,#729,.F.);
#1023=ORIENTED_EDGE('',*,*,#730,.T.);
#1024=ORIENTED_EDGE('',*,*,#727,.T.);
#1025=ORIENTED_EDGE('',*,*,#730,.F.);
#1026=ORIENTED_EDGE('',*,*,#731,.F.);
#1027=ORIENTED_EDGE('',*,*,#732,.T.);
#1028=ORIENTED_EDGE('',*,*,#729,.T.);
#1029=ORIENTED_EDGE('',*,*,#732,.F.);
#1030=ORIENTED_EDGE('',*,*,#733,.F.);
#1031=ORIENTED_EDGE('',*,*,#734,.T.);
#1032=ORIENTED_EDGE('',*,*,#731,.T.);
#1033=ORIENTED_EDGE('',*,*,#734,.F.);
#1034=ORIENTED_EDGE('',*,*,#735,.F.);
#1035=ORIENTED_EDGE('',*,*,#736,.T.);
#1036=ORIENTED_EDGE('',*,*,#733,.T.);
#1037=ORIENTED_EDGE('',*,*,#736,.F.);
#1038=ORIENTED_EDGE('',*,*,#737,.F.);
#1039=ORIENTED_EDGE('',*,*,#738,.T.);
#1040=ORIENTED_EDGE('',*,*,#735,.T.);
#1041=ORIENTED_EDGE('',*,*,#738,.F.);
#1042=ORIENTED_EDGE('',*,*,#739,.F.);
#1043=ORIENTED_EDGE('',*,*,#740,.T.);
#1044=ORIENTED_EDGE('',*,*,#737,.T.);
#1045=ORIENTED_EDGE('',*,*,#740,.F.);
#1046=ORIENTED_EDGE('',*,*,#741,.F.);
#1047=ORIENTED_EDGE('',*,*,#742,.T.);
#1048=ORIENTED_EDGE('',*,*,#739,.T.);
#1049=ORIENTED_EDGE('',*,*,#742,.F.);
#1050=ORIENTED_EDGE('',*,*,#743,.F.);
#1051=ORIENTED_EDGE('',*,*,#744,.T.);
#1052=ORIENTED_EDGE('',*,*,#741,.T.);
#1053=ORIENTED_EDGE('',*,*,#744,.F.);
#1054=ORIENTED_EDGE('',*,*,#745,.F.);
#1055=ORIENTED_EDGE('',*,*,#746,.T.);
#1056=ORIENTED_EDGE('',*,*,#743,.T.);
#1057=ORIENTED_EDGE('',*,*,#746,.F.);
#1058=ORIENTED_EDGE('',*,*,#747,.F.);
#1059=ORIENTED_EDGE('',*,*,#748,.T.);
#1060=ORIENTED_EDGE('',*,*,#745,.T.);
#1061=ORIENTED_EDGE('',*,*,#748,.F.);
#1062=ORIENTED_EDGE('',*,*,#749,.F.);
#1063=ORIENTED_EDGE('',*,*,#750,.T.);
#1064=ORIENTED_EDGE('',*,*,#747,.T.);
#1065=ORIENTED_EDGE('',*,*,#750,.F.);
#1066=ORIENTED_EDGE('',*,*,#751,.F.);
#1067=ORIENTED_EDGE('',*,*,#752,.T.);
#1068=ORIENTED_EDGE('',*,*,#749,.T.);
#1069=ORIENTED_EDGE('',*,*,#752,.F.);
#1070=ORIENTED_EDGE('',*,*,#753,.F.);
#1071=ORIENTED_EDGE('',*,*,#754,.T.);
#1072=ORIENTED_EDGE('',*,*,#751,.T.);
#1073=ORIENTED_EDGE('',*,*,#754,.F.);
#1074=ORIENTED_EDGE('',*,*,#755,.F.);
#1075=ORIENTED_EDGE('',*,*,#756,.T.);
#1076=ORIENTED_EDGE('',*,*,#753,.T.);
#1077=ORIENTED_EDGE('',*,*,#756,.F.);
#1078=ORIENTED_EDGE('',*,*,#757,.F.);
#1079=ORIENTED_EDGE('',*,*,#758,.T.);
#1080=ORIENTED_EDGE('',*,*,#755,.T.);
#1081=ORIENTED_EDGE('',*,*,#758,.F.);
#1082=ORIENTED_EDGE('',*,*,#759,.F.);
#1083=ORIENTED_EDGE('',*,*,#760,.T.);
#1084=ORIENTED_EDGE('',*,*,#757,.T.);
#1085=ORIENTED_EDGE('',*,*,#760,.F.);
#1086=ORIENTED_EDGE('',*,*,#761,.F.);
#1087=ORIENTED_EDGE('',*,*,#762,.T.);
#1088=ORIENTED_EDGE('',*,*,#759,.T.);
#1089=ORIENTED_EDGE('',*,*,#762,.F.);
#1090=ORIENTED_EDGE('',*,*,#763,.F.);
#1091=ORIENTED_EDGE('',*,*,#764,.T.);
#1092=ORIENTED_EDGE('',*,*,#761,.T.);
#1093=ORIENTED_EDGE('',*,*,#764,.F.);
#1094=ORIENTED_EDGE('',*,*,#765,.F.);
#1095=ORIENTED_EDGE('',*,*,#766,.T.);
#1096=ORIENTED_EDGE('',*,*,#763,.T.);
#1097=ORIENTED_EDGE('',*,*,#766,.F.);
#1098=ORIENTED_EDGE('',*,*,#767,.F.);
#1099=ORIENTED_EDGE('',*,*,#768,.T.);
#1100=ORIENTED_EDGE('',*,*,#765,.T.);
#1101=ORIENTED_EDGE('',*,*,#768,.F.);
#1102=ORIENTED_EDGE('',*,*,#769,.F.);
#1103=ORIENTED_EDGE('',*,*,#770,.T.);
#1104=ORIENTED_EDGE('',*,*,#767,.T.);
#1105=ORIENTED_EDGE('',*,*,#770,.F.);
#1106=ORIENTED_EDGE('',*,*,#771,.F.);
#1107=ORIENTED_EDGE('',*,*,#772,.T.);
#1108=ORIENTED_EDGE('',*,*,#769,.T.);
#1109=ORIENTED_EDGE('',*,*,#772,.F.);
#1110=ORIENTED_EDGE('',*,*,#773,.F.);
#1111=ORIENTED_EDGE('',*,*,#774,.T.);
#1112=ORIENTED_EDGE('',*,*,#771,.T.);
#1113=ORIENTED_EDGE('',*,*,#774,.F.);
#1114=ORIENTED_EDGE('',*,*,#775,.F.);
#1115=ORIENTED_EDGE('',*,*,#776,.T.);
#1116=ORIENTED_EDGE('',*,*,#773,.T.);
#1117=ORIENTED_EDGE('',*,*,#776,.F.);
#1118=ORIENTED_EDGE('',*,*,#777,.F.);
#1119=ORIENTED_EDGE('',*,*,#778,.T.);
#1120=ORIENTED_EDGE('',*,*,#775,.T.);
#1121=ORIENTED_EDGE('',*,*,#778,.F.);
#1122=ORIENTED_EDGE('',*,*,#779,.F.);
#1123=ORIENTED_EDGE('',*,*,#780,.T.);
#1124=ORIENTED_EDGE('',*,*,#777,.T.);
#1125=ORIENTED_EDGE('',*,*,#780,.F.);
#1126=ORIENTED_EDGE('',*,*,#781,.F.);
#1127=ORIENTED_EDGE('',*,*,#782,.T.);
#1128=ORIENTED_EDGE('',*,*,#779,.T.);
#1129=ORIENTED_EDGE('',*,*,#782,.F.);
#1130=ORIENTED_EDGE('',*,*,#783,.F.);
#1131=ORIENTED_EDGE('',*,*,#784,.T.);
#1132=ORIENTED_EDGE('',*,*,#781,.T.);
#1133=ORIENTED_EDGE('',*,*,#784,.F.);
#1134=ORIENTED_EDGE('',*,*,#785,.F.);
#1135=ORIENTED_EDGE('',*,*,#786,.T.);
#1136=ORIENTED_EDGE('',*,*,#783,.T.);
#1137=ORIENTED_EDGE('',*,*,#786,.F.);
#1138=ORIENTED_EDGE('',*,*,#787,.F.);
#1139=ORIENTED_EDGE('',*,*,#788,.T.);
#1140=ORIENTED_EDGE('',*,*,#785,.T.);
#1141=ORIENTED_EDGE('',*,*,#788,.F.);
#1142=ORIENTED_EDGE('',*,*,#789,.F.);
#1143=ORIENTED_EDGE('',*,*,#790,.T.);
#1144=ORIENTED_EDGE('',*,*,#787,.T.);
#1145=ORIENTED_EDGE('',*,*,#790,.F.);
#1146=ORIENTED_EDGE('',*,*,#791,.F.);
#1147=ORIENTED_EDGE('',*,*,#792,.T.);
#1148=ORIENTED_EDGE('',*,*,#789,.T.);
#1149=ORIENTED_EDGE('',*,*,#792,.F.);
#1150=ORIENTED_EDGE('',*,*,#793,.F.);
#1151=ORIENTED_EDGE('',*,*,#794,.T.);
#1152=ORIENTED_EDGE('',*,*,#791,.T.);
#1153=ORIENTED_EDGE('',*,*,#794,.F.);
#1154=ORIENTED_EDGE('',*,*,#795,.F.);
#1155=ORIENTED_EDGE('',*,*,#796,.T.);
#1156=ORIENTED_EDGE('',*,*,#793,.T.);
#1157=ORIENTED_EDGE('',*,*,#796,.F.);
#1158=ORIENTED_EDGE('',*,*,#797,.F.);
#1159=ORIENTED_EDGE('',*,*,#798,.T.);
#1160=ORIENTED_EDGE('',*,*,#795,.T.);
#1161=ORIENTED_EDGE('',*,*,#798,.F.);
#1162=ORIENTED_EDGE('',*,*,#799,.F.);
#1163=ORIENTED_EDGE('',*,*,#800,.T.);
#1164=ORIENTED_EDGE('',*,*,#797,.T.);
#1165=ORIENTED_EDGE('',*,*,#800,.F.);
#1166=ORIENTED_EDGE('',*,*,#801,.F.);
#1167=ORIENTED_EDGE('',*,*,#802,.T.);
#1168=ORIENTED_EDGE('',*,*,#799,.T.);
#1169=ORIENTED_EDGE('',*,*,#802,.F.);
#1170=ORIENTED_EDGE('',*,*,#803,.F.);
#1171=ORIENTED_EDGE('',*,*,#804,.T.);
#1172=ORIENTED_EDGE('',*,*,#801,.T.);
#1173=ORIENTED_EDGE('',*,*,#804,.F.);
#1174=ORIENTED_EDGE('',*,*,#805,.F.);
#1175=ORIENTED_EDGE('',*,*,#806,.T.);
#1176=ORIENTED_EDGE('',*,*,#803,.T.);
#1177=ORIENTED_EDGE('',*,*,#806,.F.);
#1178=ORIENTED_EDGE('',*,*,#807,.F.);
#1179=ORIENTED_EDGE('',*,*,#808,.T.);
#1180=ORIENTED_EDGE('',*,*,#805,.T.);
#1181=ORIENTED_EDGE('',*,*,#808,.F.);
#1182=ORIENTED_EDGE('',*,*,#809,.F.);
#1183=ORIENTED_EDGE('',*,*,#810,.T.);
#1184=ORIENTED_EDGE('',*,*,#807,.T.);
#1185=ORIENTED_EDGE('',*,*,#810,.F.);
#1186=ORIENTED_EDGE('',*,*,#811,.F.);
#1187=ORIENTED_EDGE('',*,*,#812,.T.);
#1188=ORIENTED_EDGE('',*,*,#809,.T.);
#1189=ORIENTED_EDGE('',*,*,#812,.F.);
#1190=ORIENTED_EDGE('',*,*,#813,.F.);
#1191=ORIENTED_EDGE('',*,*,#814,.T.);
#1192=ORIENTED_EDGE('',*,*,#811,.T.);
#1193=ORIENTED_EDGE('',*,*,#814,.F.);
#1194=ORIENTED_EDGE('',*,*,#815,.F.);
#1195=ORIENTED_EDGE('',*,*,#816,.T.);
#1196=ORIENTED_EDGE('',*,*,#813,.T.);
#1197=ORIENTED_EDGE('',*,*,#816,.F.);
#1198=ORIENTED_EDGE('',*,*,#817,.F.);
#1199=ORIENTED_EDGE('',*,*,#818,.T.);
#1200=ORIENTED_EDGE('',*,*,#815,.T.);
#1201=ORIENTED_EDGE('',*,*,#818,.F.);
#1202=ORIENTED_EDGE('',*,*,#706,.F.);
#1203=ORIENTED_EDGE('',*,*,#819,.T.);
#1204=ORIENTED_EDGE('',*,*,#817,.T.);
#1205=ORIENTED_EDGE('',*,*,#819,.F.);
#1206=PLANE('',#1319);
#1207=PLANE('',#1320);
#1208=PLANE('',#1321);
#1209=PLANE('',#1322);
#1210=PLANE('',#1339);
#1211=PLANE('',#1356);
#1212=PLANE('',#1361);
#1213=PLANE('',#1365);
#1214=PLANE('',#1369);
#1215=PLANE('',#1377);
#1216=PLANE('',#1382);
#1217=ADVANCED_FACE('',(#255),#1206,.F.);
#1218=ADVANCED_FACE('',(#256),#1207,.F.);
#1219=ADVANCED_FACE('',(#257),#1208,.T.);
#1220=ADVANCED_FACE('',(#258,#93,#94,#95,#96),#1209,.T.);
#1221=ADVANCED_FACE('',(#259,#97,#98,#99,#100),#1210,.T.);
#1222=ADVANCED_FACE('',(#260),#1211,.T.);
#1223=ADVANCED_FACE('',(#261),#75,.F.);
#1224=ADVANCED_FACE('',(#262),#76,.F.);
#1225=ADVANCED_FACE('',(#263),#77,.F.);
#1226=ADVANCED_FACE('',(#264),#78,.F.);
#1227=ADVANCED_FACE('',(#265),#1212,.T.);
#1228=ADVANCED_FACE('',(#266),#79,.T.);
#1229=ADVANCED_FACE('',(#267),#80,.F.);
#1230=ADVANCED_FACE('',(#268),#81,.T.);
#1231=ADVANCED_FACE('',(#269),#1213,.T.);
#1232=ADVANCED_FACE('',(#270),#82,.F.);
#1233=ADVANCED_FACE('',(#271),#83,.F.);
#1234=ADVANCED_FACE('',(#272),#84,.F.);
#1235=ADVANCED_FACE('',(#273),#1214,.T.);
#1236=ADVANCED_FACE('',(#274),#85,.T.);
#1237=ADVANCED_FACE('',(#275),#86,.F.);
#1238=ADVANCED_FACE('',(#276),#87,.T.);
#1239=ADVANCED_FACE('',(#277),#88,.F.);
#1240=ADVANCED_FACE('',(#278),#89,.F.);
#1241=ADVANCED_FACE('',(#279),#90,.T.);
#1242=ADVANCED_FACE('',(#280,#101),#1215,.T.);
#1243=ADVANCED_FACE('',(#281),#91,.T.);
#1244=ADVANCED_FACE('',(#282),#1216,.T.);
#1245=ADVANCED_FACE('',(#283),#92,.T.);
#1246=ADVANCED_FACE('',(#284),#13,.T.);
#1247=ADVANCED_FACE('',(#285),#14,.T.);
#1248=ADVANCED_FACE('',(#286),#15,.T.);
#1249=ADVANCED_FACE('',(#287),#16,.T.);
#1250=ADVANCED_FACE('',(#288),#17,.T.);
#1251=ADVANCED_FACE('',(#289),#18,.T.);
#1252=ADVANCED_FACE('',(#290),#19,.T.);
#1253=ADVANCED_FACE('',(#291),#20,.T.);
#1254=ADVANCED_FACE('',(#292),#21,.T.);
#1255=ADVANCED_FACE('',(#293),#22,.T.);
#1256=ADVANCED_FACE('',(#294),#23,.T.);
#1257=ADVANCED_FACE('',(#295),#24,.T.);
#1258=ADVANCED_FACE('',(#296),#25,.T.);
#1259=ADVANCED_FACE('',(#297),#26,.T.);
#1260=ADVANCED_FACE('',(#298),#27,.T.);
#1261=ADVANCED_FACE('',(#299),#28,.T.);
#1262=ADVANCED_FACE('',(#300),#29,.T.);
#1263=ADVANCED_FACE('',(#301),#30,.T.);
#1264=ADVANCED_FACE('',(#302),#31,.T.);
#1265=ADVANCED_FACE('',(#303),#32,.T.);
#1266=ADVANCED_FACE('',(#304),#33,.T.);
#1267=ADVANCED_FACE('',(#305),#34,.T.);
#1268=ADVANCED_FACE('',(#306),#35,.T.);
#1269=ADVANCED_FACE('',(#307),#36,.T.);
#1270=ADVANCED_FACE('',(#308),#37,.T.);
#1271=ADVANCED_FACE('',(#309),#38,.T.);
#1272=ADVANCED_FACE('',(#310),#39,.T.);
#1273=ADVANCED_FACE('',(#311),#40,.T.);
#1274=ADVANCED_FACE('',(#312),#41,.T.);
#1275=ADVANCED_FACE('',(#313),#42,.T.);
#1276=ADVANCED_FACE('',(#314),#43,.T.);
#1277=ADVANCED_FACE('',(#315),#44,.T.);
#1278=ADVANCED_FACE('',(#316),#45,.T.);
#1279=ADVANCED_FACE('',(#317),#46,.T.);
#1280=ADVANCED_FACE('',(#318),#47,.T.);
#1281=ADVANCED_FACE('',(#319),#48,.T.);
#1282=ADVANCED_FACE('',(#320),#49,.T.);
#1283=ADVANCED_FACE('',(#321),#50,.T.);
#1284=ADVANCED_FACE('',(#322),#51,.T.);
#1285=ADVANCED_FACE('',(#323),#52,.T.);
#1286=ADVANCED_FACE('',(#324),#53,.T.);
#1287=ADVANCED_FACE('',(#325),#54,.T.);
#1288=ADVANCED_FACE('',(#326),#55,.T.);
#1289=ADVANCED_FACE('',(#327),#56,.T.);
#1290=ADVANCED_FACE('',(#328),#57,.T.);
#1291=ADVANCED_FACE('',(#329),#58,.T.);
#1292=ADVANCED_FACE('',(#330),#59,.T.);
#1293=ADVANCED_FACE('',(#331),#60,.T.);
#1294=ADVANCED_FACE('',(#332),#61,.T.);
#1295=ADVANCED_FACE('',(#333),#62,.T.);
#1296=ADVANCED_FACE('',(#334),#63,.T.);
#1297=ADVANCED_FACE('',(#335),#64,.T.);
#1298=ADVANCED_FACE('',(#336),#65,.T.);
#1299=ADVANCED_FACE('',(#337),#66,.T.);
#1300=ADVANCED_FACE('',(#338),#67,.T.);
#1301=ADVANCED_FACE('',(#339),#68,.T.);
#1302=ADVANCED_FACE('',(#340),#69,.T.);
#1303=ADVANCED_FACE('',(#341),#70,.T.);
#1304=CLOSED_SHELL('',(#1217,#1218,#1219,#1220,#1221,#1222,#1223,#1224,
#1225,#1226,#1227,#1228,#1229,#1230,#1231,#1232,#1233,#1234,#1235,#1236,
#1237,#1238,#1239,#1240,#1241,#1242,#1243,#1244,#1245));
#1305=CLOSED_SHELL('',(#1246,#1247,#1248,#1249,#1250,#1251,#1252,#1253,
#1254,#1255,#1256,#1257,#1258,#1259,#1260,#1261,#1262,#1263,#1264,#1265,
#1266,#1267,#1268,#1269,#1270,#1271,#1272,#1273,#1274,#1275,#1276,#1277,
#1278,#1279,#1280,#1281,#1282,#1283,#1284,#1285,#1286,#1287,#1288,#1289,
#1290,#1291,#1292,#1293,#1294,#1295,#1296,#1297,#1298,#1299,#1300,#1301,
#1302,#1303));
#1306=DERIVED_UNIT_ELEMENT(#1308,1.);
#1307=DERIVED_UNIT_ELEMENT(#2476,-3.);
#1308=(
MASS_UNIT()
NAMED_UNIT(*)
SI_UNIT(.KILO.,.GRAM.)
);
#1309=DERIVED_UNIT((#1306,#1307));
#1310=MEASURE_REPRESENTATION_ITEM('density measure',
POSITIVE_RATIO_MEASURE(8470.),#1309);
#1311=PROPERTY_DEFINITION_REPRESENTATION(#1316,#1313);
#1312=PROPERTY_DEFINITION_REPRESENTATION(#1317,#1314);
#1313=REPRESENTATION('material name',(#1315),#2473);
#1314=REPRESENTATION('density',(#1310),#2473);
#1315=DESCRIPTIVE_REPRESENTATION_ITEM('Brass, Soft Yellow',
'Brass, Soft Yellow');
#1316=PROPERTY_DEFINITION('material property','material name',#2483);
#1317=PROPERTY_DEFINITION('material property','density of part',#2483);
#1318=AXIS2_PLACEMENT_3D('',#2081,#1559,#1560);
#1319=AXIS2_PLACEMENT_3D('',#2082,#1561,#1562);
#1320=AXIS2_PLACEMENT_3D('',#2091,#1567,#1568);
#1321=AXIS2_PLACEMENT_3D('',#2100,#1573,#1574);
#1322=AXIS2_PLACEMENT_3D('',#2105,#1578,#1579);
#1323=AXIS2_PLACEMENT_3D('',#2106,#1580,#1581);
#1324=AXIS2_PLACEMENT_3D('',#2109,#1582,#1583);
#1325=AXIS2_PLACEMENT_3D('',#2113,#1585,#1586);
#1326=AXIS2_PLACEMENT_3D('',#2115,#1587,#1588);
#1327=AXIS2_PLACEMENT_3D('',#2117,#1589,#1590);
#1328=AXIS2_PLACEMENT_3D('',#2121,#1592,#1593);
#1329=AXIS2_PLACEMENT_3D('',#2123,#1594,#1595);
#1330=AXIS2_PLACEMENT_3D('',#2125,#1596,#1597);
#1331=AXIS2_PLACEMENT_3D('',#2129,#1599,#1600);
#1332=AXIS2_PLACEMENT_3D('',#2131,#1601,#1602);
#1333=AXIS2_PLACEMENT_3D('',#2133,#1603,#1604);
#1334=AXIS2_PLACEMENT_3D('',#2137,#1606,#1607);
#1335=AXIS2_PLACEMENT_3D('',#2138,#1608,#1609);
#1336=AXIS2_PLACEMENT_3D('',#2140,#1610,#1611);
#1337=AXIS2_PLACEMENT_3D('',#2142,#1612,#1613);
#1338=AXIS2_PLACEMENT_3D('',#2144,#1614,#1615);
#1339=AXIS2_PLACEMENT_3D('',#2145,#1616,#1617);
#1340=AXIS2_PLACEMENT_3D('',#2147,#1618,#1619);
#1341=AXIS2_PLACEMENT_3D('',#2149,#1620,#1621);
#1342=AXIS2_PLACEMENT_3D('',#2152,#1622,#1623);
#1343=AXIS2_PLACEMENT_3D('',#2154,#1624,#1625);
#1344=AXIS2_PLACEMENT_3D('',#2158,#1627,#1628);
#1345=AXIS2_PLACEMENT_3D('',#2160,#1629,#1630);
#1346=AXIS2_PLACEMENT_3D('',#2162,#1631,#1632);
#1347=AXIS2_PLACEMENT_3D('',#2166,#1634,#1635);
#1348=AXIS2_PLACEMENT_3D('',#2168,#1636,#1637);
#1349=AXIS2_PLACEMENT_3D('',#2170,#1638,#1639);
#1350=AXIS2_PLACEMENT_3D('',#2174,#1641,#1642);
#1351=AXIS2_PLACEMENT_3D('',#2176,#1643,#1644);
#1352=AXIS2_PLACEMENT_3D('',#2178,#1645,#1646);
#1353=AXIS2_PLACEMENT_3D('',#2181,#1648,#1649);
#1354=AXIS2_PLACEMENT_3D('',#2183,#1650,#1651);
#1355=AXIS2_PLACEMENT_3D('',#2185,#1652,#1653);
#1356=AXIS2_PLACEMENT_3D('',#2186,#1654,#1655);
#1357=AXIS2_PLACEMENT_3D('',#2189,#1658,#1659);
#1358=AXIS2_PLACEMENT_3D('',#2191,#1661,#1662);
#1359=AXIS2_PLACEMENT_3D('',#2193,#1664,#1665);
#1360=AXIS2_PLACEMENT_3D('',#2195,#1667,#1668);
#1361=AXIS2_PLACEMENT_3D('',#2198,#1671,#1672);
#1362=AXIS2_PLACEMENT_3D('',#2200,#1674,#1675);
#1363=AXIS2_PLACEMENT_3D('',#2202,#1677,#1678);
#1364=AXIS2_PLACEMENT_3D('',#2204,#1680,#1681);
#1365=AXIS2_PLACEMENT_3D('',#2205,#1682,#1683);
#1366=AXIS2_PLACEMENT_3D('',#2208,#1686,#1687);
#1367=AXIS2_PLACEMENT_3D('',#2210,#1689,#1690);
#1368=AXIS2_PLACEMENT_3D('',#2212,#1692,#1693);
#1369=AXIS2_PLACEMENT_3D('',#2215,#1696,#1697);
#1370=AXIS2_PLACEMENT_3D('',#2217,#1699,#1700);
#1371=AXIS2_PLACEMENT_3D('',#2219,#1702,#1703);
#1372=AXIS2_PLACEMENT_3D('',#2221,#1705,#1706);
#1373=AXIS2_PLACEMENT_3D('',#2222,#1707,#1708);
#1374=AXIS2_PLACEMENT_3D('',#2223,#1709,#1710);
#1375=AXIS2_PLACEMENT_3D('',#2224,#1711,#1712);
#1376=AXIS2_PLACEMENT_3D('',#2226,#1713,#1714);
#1377=AXIS2_PLACEMENT_3D('',#2228,#1716,#1717);
#1378=AXIS2_PLACEMENT_3D('',#2230,#1718,#1719);
#1379=AXIS2_PLACEMENT_3D('',#2231,#1720,#1721);
#1380=AXIS2_PLACEMENT_3D('',#2233,#1722,#1723);
#1381=AXIS2_PLACEMENT_3D('',#2234,#1724,#1725);
#1382=AXIS2_PLACEMENT_3D('',#2236,#1727,#1728);
#1383=AXIS2_PLACEMENT_3D('',#2237,#1729,#1730);
#1384=AXIS2_PLACEMENT_3D('',#2238,#1731,#1732);
#1385=AXIS2_PLACEMENT_3D('',#2239,#1733,#1734);
#1386=AXIS2_PLACEMENT_3D('',#2241,#1735,#1736);
#1387=AXIS2_PLACEMENT_3D('',#2243,#1737,#1738);
#1388=AXIS2_PLACEMENT_3D('',#2244,#1739,#1740);
#1389=AXIS2_PLACEMENT_3D('',#2245,#1741,#1742);
#1390=AXIS2_PLACEMENT_3D('',#2247,#1743,#1744);
#1391=AXIS2_PLACEMENT_3D('',#2248,#1745,#1746);
#1392=AXIS2_PLACEMENT_3D('',#2249,#1747,#1748);
#1393=AXIS2_PLACEMENT_3D('',#2251,#1749,#1750);
#1394=AXIS2_PLACEMENT_3D('',#2252,#1751,#1752);
#1395=AXIS2_PLACEMENT_3D('',#2253,#1753,#1754);
#1396=AXIS2_PLACEMENT_3D('',#2255,#1755,#1756);
#1397=AXIS2_PLACEMENT_3D('',#2256,#1757,#1758);
#1398=AXIS2_PLACEMENT_3D('',#2257,#1759,#1760);
#1399=AXIS2_PLACEMENT_3D('',#2259,#1761,#1762);
#1400=AXIS2_PLACEMENT_3D('',#2260,#1763,#1764);
#1401=AXIS2_PLACEMENT_3D('',#2261,#1765,#1766);
#1402=AXIS2_PLACEMENT_3D('',#2263,#1767,#1768);
#1403=AXIS2_PLACEMENT_3D('',#2264,#1769,#1770);
#1404=AXIS2_PLACEMENT_3D('',#2265,#1771,#1772);
#1405=AXIS2_PLACEMENT_3D('',#2267,#1773,#1774);
#1406=AXIS2_PLACEMENT_3D('',#2268,#1775,#1776);
#1407=AXIS2_PLACEMENT_3D('',#2269,#1777,#1778);
#1408=AXIS2_PLACEMENT_3D('',#2271,#1779,#1780);
#1409=AXIS2_PLACEMENT_3D('',#2272,#1781,#1782);
#1410=AXIS2_PLACEMENT_3D('',#2273,#1783,#1784);
#1411=AXIS2_PLACEMENT_3D('',#2275,#1785,#1786);
#1412=AXIS2_PLACEMENT_3D('',#2276,#1787,#1788);
#1413=AXIS2_PLACEMENT_3D('',#2277,#1789,#1790);
#1414=AXIS2_PLACEMENT_3D('',#2279,#1791,#1792);
#1415=AXIS2_PLACEMENT_3D('',#2280,#1793,#1794);
#1416=AXIS2_PLACEMENT_3D('',#2281,#1795,#1796);
#1417=AXIS2_PLACEMENT_3D('',#2283,#1797,#1798);
#1418=AXIS2_PLACEMENT_3D('',#2284,#1799,#1800);
#1419=AXIS2_PLACEMENT_3D('',#2285,#1801,#1802);
#1420=AXIS2_PLACEMENT_3D('',#2287,#1803,#1804);
#1421=AXIS2_PLACEMENT_3D('',#2288,#1805,#1806);
#1422=AXIS2_PLACEMENT_3D('',#2289,#1807,#1808);
#1423=AXIS2_PLACEMENT_3D('',#2291,#1809,#1810);
#1424=AXIS2_PLACEMENT_3D('',#2292,#1811,#1812);
#1425=AXIS2_PLACEMENT_3D('',#2293,#1813,#1814);
#1426=AXIS2_PLACEMENT_3D('',#2295,#1815,#1816);
#1427=AXIS2_PLACEMENT_3D('',#2296,#1817,#1818);
#1428=AXIS2_PLACEMENT_3D('',#2297,#1819,#1820);
#1429=AXIS2_PLACEMENT_3D('',#2299,#1821,#1822);
#1430=AXIS2_PLACEMENT_3D('',#2300,#1823,#1824);
#1431=AXIS2_PLACEMENT_3D('',#2301,#1825,#1826);
#1432=AXIS2_PLACEMENT_3D('',#2303,#1827,#1828);
#1433=AXIS2_PLACEMENT_3D('',#2304,#1829,#1830);
#1434=AXIS2_PLACEMENT_3D('',#2305,#1831,#1832);
#1435=AXIS2_PLACEMENT_3D('',#2307,#1833,#1834);
#1436=AXIS2_PLACEMENT_3D('',#2308,#1835,#1836);
#1437=AXIS2_PLACEMENT_3D('',#2309,#1837,#1838);
#1438=AXIS2_PLACEMENT_3D('',#2311,#1839,#1840);
#1439=AXIS2_PLACEMENT_3D('',#2312,#1841,#1842);
#1440=AXIS2_PLACEMENT_3D('',#2313,#1843,#1844);
#1441=AXIS2_PLACEMENT_3D('',#2315,#1845,#1846);
#1442=AXIS2_PLACEMENT_3D('',#2316,#1847,#1848);
#1443=AXIS2_PLACEMENT_3D('',#2317,#1849,#1850);
#1444=AXIS2_PLACEMENT_3D('',#2319,#1851,#1852);
#1445=AXIS2_PLACEMENT_3D('',#2320,#1853,#1854);
#1446=AXIS2_PLACEMENT_3D('',#2321,#1855,#1856);
#1447=AXIS2_PLACEMENT_3D('',#2323,#1857,#1858);
#1448=AXIS2_PLACEMENT_3D('',#2324,#1859,#1860);
#1449=AXIS2_PLACEMENT_3D('',#2325,#1861,#1862);
#1450=AXIS2_PLACEMENT_3D('',#2327,#1863,#1864);
#1451=AXIS2_PLACEMENT_3D('',#2328,#1865,#1866);
#1452=AXIS2_PLACEMENT_3D('',#2329,#1867,#1868);
#1453=AXIS2_PLACEMENT_3D('',#2331,#1869,#1870);
#1454=AXIS2_PLACEMENT_3D('',#2332,#1871,#1872);
#1455=AXIS2_PLACEMENT_3D('',#2333,#1873,#1874);
#1456=AXIS2_PLACEMENT_3D('',#2335,#1875,#1876);
#1457=AXIS2_PLACEMENT_3D('',#2336,#1877,#1878);
#1458=AXIS2_PLACEMENT_3D('',#2337,#1879,#1880);
#1459=AXIS2_PLACEMENT_3D('',#2339,#1881,#1882);
#1460=AXIS2_PLACEMENT_3D('',#2340,#1883,#1884);
#1461=AXIS2_PLACEMENT_3D('',#2341,#1885,#1886);
#1462=AXIS2_PLACEMENT_3D('',#2343,#1887,#1888);
#1463=AXIS2_PLACEMENT_3D('',#2344,#1889,#1890);
#1464=AXIS2_PLACEMENT_3D('',#2345,#1891,#1892);
#1465=AXIS2_PLACEMENT_3D('',#2347,#1893,#1894);
#1466=AXIS2_PLACEMENT_3D('',#2348,#1895,#1896);
#1467=AXIS2_PLACEMENT_3D('',#2349,#1897,#1898);
#1468=AXIS2_PLACEMENT_3D('',#2351,#1899,#1900);
#1469=AXIS2_PLACEMENT_3D('',#2352,#1901,#1902);
#1470=AXIS2_PLACEMENT_3D('',#2353,#1903,#1904);
#1471=AXIS2_PLACEMENT_3D('',#2355,#1905,#1906);
#1472=AXIS2_PLACEMENT_3D('',#2356,#1907,#1908);
#1473=AXIS2_PLACEMENT_3D('',#2357,#1909,#1910);
#1474=AXIS2_PLACEMENT_3D('',#2359,#1911,#1912);
#1475=AXIS2_PLACEMENT_3D('',#2360,#1913,#1914);
#1476=AXIS2_PLACEMENT_3D('',#2361,#1915,#1916);
#1477=AXIS2_PLACEMENT_3D('',#2363,#1917,#1918);
#1478=AXIS2_PLACEMENT_3D('',#2364,#1919,#1920);
#1479=AXIS2_PLACEMENT_3D('',#2365,#1921,#1922);
#1480=AXIS2_PLACEMENT_3D('',#2367,#1923,#1924);
#1481=AXIS2_PLACEMENT_3D('',#2368,#1925,#1926);
#1482=AXIS2_PLACEMENT_3D('',#2369,#1927,#1928);
#1483=AXIS2_PLACEMENT_3D('',#2371,#1929,#1930);
#1484=AXIS2_PLACEMENT_3D('',#2372,#1931,#1932);
#1485=AXIS2_PLACEMENT_3D('',#2373,#1933,#1934);
#1486=AXIS2_PLACEMENT_3D('',#2375,#1935,#1936);
#1487=AXIS2_PLACEMENT_3D('',#2376,#1937,#1938);
#1488=AXIS2_PLACEMENT_3D('',#2377,#1939,#1940);
#1489=AXIS2_PLACEMENT_3D('',#2379,#1941,#1942);
#1490=AXIS2_PLACEMENT_3D('',#2380,#1943,#1944);
#1491=AXIS2_PLACEMENT_3D('',#2381,#1945,#1946);
#1492=AXIS2_PLACEMENT_3D('',#2383,#1947,#1948);
#1493=AXIS2_PLACEMENT_3D('',#2384,#1949,#1950);
#1494=AXIS2_PLACEMENT_3D('',#2385,#1951,#1952);
#1495=AXIS2_PLACEMENT_3D('',#2387,#1953,#1954);
#1496=AXIS2_PLACEMENT_3D('',#2388,#1955,#1956);
#1497=AXIS2_PLACEMENT_3D('',#2389,#1957,#1958);
#1498=AXIS2_PLACEMENT_3D('',#2391,#1959,#1960);
#1499=AXIS2_PLACEMENT_3D('',#2392,#1961,#1962);
#1500=AXIS2_PLACEMENT_3D('',#2393,#1963,#1964);
#1501=AXIS2_PLACEMENT_3D('',#2395,#1965,#1966);
#1502=AXIS2_PLACEMENT_3D('',#2396,#1967,#1968);
#1503=AXIS2_PLACEMENT_3D('',#2397,#1969,#1970);
#1504=AXIS2_PLACEMENT_3D('',#2399,#1971,#1972);
#1505=AXIS2_PLACEMENT_3D('',#2400,#1973,#1974);
#1506=AXIS2_PLACEMENT_3D('',#2401,#1975,#1976);
#1507=AXIS2_PLACEMENT_3D('',#2403,#1977,#1978);
#1508=AXIS2_PLACEMENT_3D('',#2404,#1979,#1980);
#1509=AXIS2_PLACEMENT_3D('',#2405,#1981,#1982);
#1510=AXIS2_PLACEMENT_3D('',#2407,#1983,#1984);
#1511=AXIS2_PLACEMENT_3D('',#2408,#1985,#1986);
#1512=AXIS2_PLACEMENT_3D('',#2409,#1987,#1988);
#1513=AXIS2_PLACEMENT_3D('',#2411,#1989,#1990);
#1514=AXIS2_PLACEMENT_3D('',#2412,#1991,#1992);
#1515=AXIS2_PLACEMENT_3D('',#2413,#1993,#1994);
#1516=AXIS2_PLACEMENT_3D('',#2415,#1995,#1996);
#1517=AXIS2_PLACEMENT_3D('',#2416,#1997,#1998);
#1518=AXIS2_PLACEMENT_3D('',#2417,#1999,#2000);
#1519=AXIS2_PLACEMENT_3D('',#2419,#2001,#2002);
#1520=AXIS2_PLACEMENT_3D('',#2420,#2003,#2004);
#1521=AXIS2_PLACEMENT_3D('',#2421,#2005,#2006);
#1522=AXIS2_PLACEMENT_3D('',#2423,#2007,#2008);
#1523=AXIS2_PLACEMENT_3D('',#2424,#2009,#2010);
#1524=AXIS2_PLACEMENT_3D('',#2425,#2011,#2012);
#1525=AXIS2_PLACEMENT_3D('',#2427,#2013,#2014);
#1526=AXIS2_PLACEMENT_3D('',#2428,#2015,#2016);
#1527=AXIS2_PLACEMENT_3D('',#2429,#2017,#2018);
#1528=AXIS2_PLACEMENT_3D('',#2431,#2019,#2020);
#1529=AXIS2_PLACEMENT_3D('',#2432,#2021,#2022);
#1530=AXIS2_PLACEMENT_3D('',#2433,#2023,#2024);
#1531=AXIS2_PLACEMENT_3D('',#2435,#2025,#2026);
#1532=AXIS2_PLACEMENT_3D('',#2436,#2027,#2028);
#1533=AXIS2_PLACEMENT_3D('',#2437,#2029,#2030);
#1534=AXIS2_PLACEMENT_3D('',#2439,#2031,#2032);
#1535=AXIS2_PLACEMENT_3D('',#2440,#2033,#2034);
#1536=AXIS2_PLACEMENT_3D('',#2441,#2035,#2036);
#1537=AXIS2_PLACEMENT_3D('',#2443,#2037,#2038);
#1538=AXIS2_PLACEMENT_3D('',#2444,#2039,#2040);
#1539=AXIS2_PLACEMENT_3D('',#2445,#2041,#2042);
#1540=AXIS2_PLACEMENT_3D('',#2447,#2043,#2044);
#1541=AXIS2_PLACEMENT_3D('',#2448,#2045,#2046);
#1542=AXIS2_PLACEMENT_3D('',#2449,#2047,#2048);
#1543=AXIS2_PLACEMENT_3D('',#2451,#2049,#2050);
#1544=AXIS2_PLACEMENT_3D('',#2452,#2051,#2052);
#1545=AXIS2_PLACEMENT_3D('',#2453,#2053,#2054);
#1546=AXIS2_PLACEMENT_3D('',#2455,#2055,#2056);
#1547=AXIS2_PLACEMENT_3D('',#2456,#2057,#2058);
#1548=AXIS2_PLACEMENT_3D('',#2457,#2059,#2060);
#1549=AXIS2_PLACEMENT_3D('',#2459,#2061,#2062);
#1550=AXIS2_PLACEMENT_3D('',#2460,#2063,#2064);
#1551=AXIS2_PLACEMENT_3D('',#2461,#2065,#2066);
#1552=AXIS2_PLACEMENT_3D('',#2463,#2067,#2068);
#1553=AXIS2_PLACEMENT_3D('',#2464,#2069,#2070);
#1554=AXIS2_PLACEMENT_3D('',#2465,#2071,#2072);
#1555=AXIS2_PLACEMENT_3D('',#2467,#2073,#2074);
#1556=AXIS2_PLACEMENT_3D('',#2468,#2075,#2076);
#1557=AXIS2_PLACEMENT_3D('',#2469,#2077,#2078);
#1558=AXIS2_PLACEMENT_3D('',#2470,#2079,#2080);
#1559=DIRECTION('axis',(0.,0.,1.));
#1560=DIRECTION('refdir',(1.,0.,0.));
#1561=DIRECTION('center_axis',(1.,0.,7.40148683083438E-16));
#1562=DIRECTION('ref_axis',(7.40148683083438E-16,0.,-1.));
#1563=DIRECTION('',(0.,0.,1.));
#1564=DIRECTION('',(0.,1.,0.));
#1565=DIRECTION('',(7.40148683083438E-16,0.,-1.));
#1566=DIRECTION('',(0.,-1.,0.));
#1567=DIRECTION('center_axis',(-1.,0.,9.71445146547012E-16));
#1568=DIRECTION('ref_axis',(9.71445146547012E-16,0.,1.));
#1569=DIRECTION('',(0.,0.,-1.));
#1570=DIRECTION('',(0.,1.,0.));
#1571=DIRECTION('',(9.71445146547012E-16,0.,1.));
#1572=DIRECTION('',(0.,-1.,0.));
#1573=DIRECTION('center_axis',(0.,1.,0.));
#1574=DIRECTION('ref_axis',(0.,0.,1.));
#1575=DIRECTION('',(-1.,0.,0.));
#1576=DIRECTION('',(-1.,0.,0.));
#1577=DIRECTION('',(1.,0.,0.));
#1578=DIRECTION('center_axis',(0.,0.,-1.));
#1579=DIRECTION('ref_axis',(-1.,0.,0.));
#1580=DIRECTION('center_axis',(0.,0.,-1.));
#1581=DIRECTION('ref_axis',(1.,0.,0.));
#1582=DIRECTION('center_axis',(0.,0.,-1.));
#1583=DIRECTION('ref_axis',(0.291674735813114,0.956517563084103,0.));
#1584=DIRECTION('',(0.223831620355011,0.974627829342693,0.));
#1585=DIRECTION('center_axis',(0.,0.,1.));
#1586=DIRECTION('ref_axis',(0.155077163835463,0.987902360183813,0.));
#1587=DIRECTION('center_axis',(0.,0.,-1.));
#1588=DIRECTION('ref_axis',(-4.17705636014766E-17,1.,0.));
#1589=DIRECTION('center_axis',(0.,0.,1.));
#1590=DIRECTION('ref_axis',(0.974627829342692,0.223831620355017,0.));
#1591=DIRECTION('',(0.223831620355011,-0.974627829342693,0.));
#1592=DIRECTION('center_axis',(0.,0.,-1.));
#1593=DIRECTION('ref_axis',(0.974627829342692,0.223831620355017,0.));
#1594=DIRECTION('center_axis',(0.,0.,-1.));
#1595=DIRECTION('ref_axis',(1.,0.,0.));
#1596=DIRECTION('center_axis',(0.,0.,-1.));
#1597=DIRECTION('ref_axis',(-0.179434150445752,-0.983769986152155,0.));
#1598=DIRECTION('',(0.573576436351044,0.819152044288993,0.));
#1599=DIRECTION('center_axis',(0.,0.,1.));
#1600=DIRECTION('ref_axis',(-0.0216774371071896,-0.999765016751668,0.));
#1601=DIRECTION('center_axis',(0.,0.,-1.));
#1602=DIRECTION('ref_axis',(2.04653949234065E-16,-1.,0.));
#1603=DIRECTION('center_axis',(0.,0.,1.));
#1604=DIRECTION('ref_axis',(-0.819152044288992,-0.573576436351045,0.));
#1605=DIRECTION('',(0.573576436351044,-0.819152044288993,0.));
#1606=DIRECTION('center_axis',(0.,0.,-1.));
#1607=DIRECTION('ref_axis',(-0.819152044288992,-0.573576436351046,0.));
#1608=DIRECTION('center_axis',(0.,0.,-1.));
#1609=DIRECTION('ref_axis',(1.,0.,0.));
#1610=DIRECTION('center_axis',(0.,0.,1.));
#1611=DIRECTION('ref_axis',(1.,0.,0.));
#1612=DIRECTION('center_axis',(0.,0.,1.));
#1613=DIRECTION('ref_axis',(1.,0.,0.));
#1614=DIRECTION('center_axis',(0.,0.,1.));
#1615=DIRECTION('ref_axis',(1.,0.,0.));
#1616=DIRECTION('center_axis',(0.,0.,1.));
#1617=DIRECTION('ref_axis',(1.,0.,0.));
#1618=DIRECTION('center_axis',(0.,0.,-1.));
#1619=DIRECTION('ref_axis',(1.,0.,0.));
#1620=DIRECTION('center_axis',(0.,0.,-1.));
#1621=DIRECTION('ref_axis',(1.,0.,0.));
#1622=DIRECTION('center_axis',(0.,0.,-1.));
#1623=DIRECTION('ref_axis',(1.,0.,0.));
#1624=DIRECTION('center_axis',(0.,0.,-1.));
#1625=DIRECTION('ref_axis',(-0.819152044288992,-0.573576436351046,0.));
#1626=DIRECTION('',(0.573576436351044,-0.819152044288993,0.));
#1627=DIRECTION('center_axis',(0.,0.,1.));
#1628=DIRECTION('ref_axis',(-0.819152044288992,-0.573576436351045,0.));
#1629=DIRECTION('center_axis',(0.,0.,-1.));
#1630=DIRECTION('ref_axis',(2.04653949234065E-16,-1.,0.));
#1631=DIRECTION('center_axis',(0.,0.,1.));
#1632=DIRECTION('ref_axis',(-0.0216774371071896,-0.999765016751668,0.));
#1633=DIRECTION('',(0.573576436351044,0.819152044288993,0.));
#1634=DIRECTION('center_axis',(0.,0.,-1.));
#1635=DIRECTION('ref_axis',(-0.179434150445752,-0.983769986152155,0.));
#1636=DIRECTION('center_axis',(0.,0.,-1.));
#1637=DIRECTION('ref_axis',(1.,0.,0.));
#1638=DIRECTION('center_axis',(0.,0.,-1.));
#1639=DIRECTION('ref_axis',(0.974627829342692,0.223831620355017,0.));
#1640=DIRECTION('',(0.223831620355011,-0.974627829342693,0.));
#1641=DIRECTION('center_axis',(0.,0.,1.));
#1642=DIRECTION('ref_axis',(0.974627829342692,0.223831620355017,0.));
#1643=DIRECTION('center_axis',(0.,0.,-1.));
#1644=DIRECTION('ref_axis',(-4.17705636014766E-17,1.,0.));
#1645=DIRECTION('center_axis',(0.,0.,1.));
#1646=DIRECTION('ref_axis',(0.155077163835463,0.987902360183813,0.));
#1647=DIRECTION('',(0.223831620355011,0.974627829342693,0.));
#1648=DIRECTION('center_axis',(0.,0.,-1.));
#1649=DIRECTION('ref_axis',(0.291674735813114,0.956517563084103,0.));
#1650=DIRECTION('center_axis',(0.,0.,-1.));
#1651=DIRECTION('ref_axis',(1.,0.,0.));
#1652=DIRECTION('center_axis',(0.,0.,-1.));
#1653=DIRECTION('ref_axis',(1.,0.,0.));
#1654=DIRECTION('center_axis',(0.974627829342693,-0.223831620355011,0.));
#1655=DIRECTION('ref_axis',(-0.223831620355011,-0.974627829342693,0.));
#1656=DIRECTION('',(0.,0.,-1.));
#1657=DIRECTION('',(0.,0.,-1.));
#1658=DIRECTION('center_axis',(0.,0.,-1.));
#1659=DIRECTION('ref_axis',(0.291674735813114,0.956517563084103,0.));
#1660=DIRECTION('',(0.,0.,-1.));
#1661=DIRECTION('center_axis',(0.,0.,-1.));
#1662=DIRECTION('ref_axis',(-1.,0.,0.));
#1663=DIRECTION('',(0.,0.,-1.));
#1664=DIRECTION('center_axis',(0.,0.,-1.));
#1665=DIRECTION('ref_axis',(-1.,0.,0.));
#1666=DIRECTION('',(0.,0.,-1.));
#1667=DIRECTION('center_axis',(0.,0.,-1.));
#1668=DIRECTION('ref_axis',(0.974627829342692,0.223831620355017,0.));
#1669=DIRECTION('',(0.,0.,-1.));
#1670=DIRECTION('',(0.,0.,-1.));
#1671=DIRECTION('center_axis',(-0.974627829342693,-0.223831620355011,0.));
#1672=DIRECTION('ref_axis',(-0.223831620355011,0.974627829342693,0.));
#1673=DIRECTION('',(0.,0.,-1.));
#1674=DIRECTION('center_axis',(0.,0.,-1.));
#1675=DIRECTION('ref_axis',(0.974627829342692,0.223831620355017,0.));
#1676=DIRECTION('',(0.,0.,-1.));
#1677=DIRECTION('center_axis',(0.,0.,-1.));
#1678=DIRECTION('ref_axis',(1.64235243516212E-16,-1.,0.));
#1679=DIRECTION('',(0.,0.,-1.));
#1680=DIRECTION('center_axis',(0.,0.,-1.));
#1681=DIRECTION('ref_axis',(0.155077163835463,0.987902360183813,0.));
#1682=DIRECTION('center_axis',(-0.819152044288993,-0.573576436351044,0.));
#1683=DIRECTION('ref_axis',(-0.573576436351044,0.819152044288993,0.));
#1684=DIRECTION('',(0.,0.,-1.));
#1685=DIRECTION('',(0.,0.,-1.));
#1686=DIRECTION('center_axis',(0.,0.,-1.));
#1687=DIRECTION('ref_axis',(-0.819152044288992,-0.573576436351046,0.));
#1688=DIRECTION('',(0.,0.,-1.));
#1689=DIRECTION('center_axis',(0.,0.,-1.));
#1690=DIRECTION('ref_axis',(-1.,0.,0.));
#1691=DIRECTION('',(0.,0.,-1.));
#1692=DIRECTION('center_axis',(0.,0.,-1.));
#1693=DIRECTION('ref_axis',(-0.179434150445752,-0.983769986152155,0.));
#1694=DIRECTION('',(0.,0.,-1.));
#1695=DIRECTION('',(0.,0.,-1.));
#1696=DIRECTION('center_axis',(0.819152044288993,-0.573576436351044,0.));
#1697=DIRECTION('ref_axis',(-0.573576436351044,-0.819152044288993,0.));
#1698=DIRECTION('',(0.,0.,-1.));
#1699=DIRECTION('center_axis',(0.,0.,-1.));
#1700=DIRECTION('ref_axis',(-0.0216774371071896,-0.999765016751668,0.));
#1701=DIRECTION('',(0.,0.,-1.));
#1702=DIRECTION('center_axis',(0.,0.,-1.));
#1703=DIRECTION('ref_axis',(-3.271186291488E-16,1.,0.));
#1704=DIRECTION('',(0.,0.,-1.));
#1705=DIRECTION('center_axis',(0.,0.,-1.));
#1706=DIRECTION('ref_axis',(-0.819152044288992,-0.573576436351045,0.));
#1707=DIRECTION('center_axis',(0.,0.,-1.));
#1708=DIRECTION('ref_axis',(0.998331026818424,0.0577508518696659,0.));
#1709=DIRECTION('center_axis',(0.,0.,-1.));
#1710=DIRECTION('ref_axis',(-1.,0.,0.));
#1711=DIRECTION('center_axis',(0.,0.,-1.));
#1712=DIRECTION('ref_axis',(-1.,0.,0.));
#1713=DIRECTION('center_axis',(0.,0.,-1.));
#1714=DIRECTION('ref_axis',(1.,0.,0.));
#1715=DIRECTION('',(0.,0.,1.));
#1716=DIRECTION('center_axis',(0.,0.,-1.));
#1717=DIRECTION('ref_axis',(-1.,0.,0.));
#1718=DIRECTION('center_axis',(0.,0.,-1.));
#1719=DIRECTION('ref_axis',(1.,0.,0.));
#1720=DIRECTION('center_axis',(0.,0.,-1.));
#1721=DIRECTION('ref_axis',(-1.,0.,0.));
#1722=DIRECTION('center_axis',(0.,0.,-1.));
#1723=DIRECTION('ref_axis',(1.,0.,0.));
#1724=DIRECTION('center_axis',(0.,0.,-1.));
#1725=DIRECTION('ref_axis',(1.,0.,0.));
#1726=DIRECTION('',(0.,0.,1.));
#1727=DIRECTION('center_axis',(0.,0.,1.));
#1728=DIRECTION('ref_axis',(1.,0.,0.));
#1729=DIRECTION('center_axis',(0.,0.,-1.));
#1730=DIRECTION('ref_axis',(1.,0.,0.));
#1731=DIRECTION('center_axis',(0.,0.,-1.));
#1732=DIRECTION('ref_axis',(1.83697019872103E-16,-1.,0.));
#1733=DIRECTION('center_axis',(0.,0.,-1.));
#1734=DIRECTION('ref_axis',(-1.,0.,0.));
#1735=DIRECTION('center_axis',(0.,0.,-1.));
#1736=DIRECTION('ref_axis',(1.,0.,0.));
#1737=DIRECTION('center_axis',(-1.22464679914735E-16,-1.,0.));
#1738=DIRECTION('ref_axis',(1.,-1.22464679914735E-16,0.));
#1739=DIRECTION('center_axis',(0.,0.,-1.));
#1740=DIRECTION('ref_axis',(1.,0.,0.));
#1741=DIRECTION('center_axis',(0.,0.,-1.));
#1742=DIRECTION('ref_axis',(-1.,0.,0.));
#1743=DIRECTION('center_axis',(0.,0.,-1.));
#1744=DIRECTION('ref_axis',(1.,0.,0.));
#1745=DIRECTION('center_axis',(-1.22464679914735E-16,-1.,0.));
#1746=DIRECTION('ref_axis',(1.,-1.22464679914735E-16,0.));
#1747=DIRECTION('center_axis',(0.,0.,-1.));
#1748=DIRECTION('ref_axis',(-1.,0.,0.));
#1749=DIRECTION('center_axis',(0.,0.,-1.));
#1750=DIRECTION('ref_axis',(1.,0.,0.));
#1751=DIRECTION('center_axis',(-1.22464679914735E-16,-1.,0.));
#1752=DIRECTION('ref_axis',(1.,-1.22464679914735E-16,0.));
#1753=DIRECTION('center_axis',(0.,0.,-1.));
#1754=DIRECTION('ref_axis',(-1.,0.,0.));
#1755=DIRECTION('center_axis',(0.,0.,-1.));
#1756=DIRECTION('ref_axis',(1.,0.,0.));
#1757=DIRECTION('center_axis',(-1.22464679914735E-16,-1.,0.));
#1758=DIRECTION('ref_axis',(1.,-1.22464679914735E-16,0.));
#1759=DIRECTION('center_axis',(0.,0.,-1.));
#1760=DIRECTION('ref_axis',(-1.,0.,0.));
#1761=DIRECTION('center_axis',(0.,0.,-1.));
#1762=DIRECTION('ref_axis',(1.,0.,0.));
#1763=DIRECTION('center_axis',(-1.22464679914735E-16,-1.,0.));
#1764=DIRECTION('ref_axis',(1.,-1.22464679914735E-16,0.));
#1765=DIRECTION('center_axis',(0.,0.,-1.));
#1766=DIRECTION('ref_axis',(-1.,0.,0.));
#1767=DIRECTION('center_axis',(0.,0.,-1.));
#1768=DIRECTION('ref_axis',(1.,0.,0.));
#1769=DIRECTION('center_axis',(-1.22464679914735E-16,-1.,0.));
#1770=DIRECTION('ref_axis',(1.,-1.22464679914735E-16,0.));
#1771=DIRECTION('center_axis',(0.,0.,-1.));
#1772=DIRECTION('ref_axis',(-1.,0.,0.));
#1773=DIRECTION('center_axis',(0.,0.,-1.));
#1774=DIRECTION('ref_axis',(1.,0.,0.));
#1775=DIRECTION('center_axis',(-1.22464679914735E-16,-1.,0.));
#1776=DIRECTION('ref_axis',(1.,-1.22464679914735E-16,0.));
#1777=DIRECTION('center_axis',(0.,0.,-1.));
#1778=DIRECTION('ref_axis',(-1.,0.,0.));
#1779=DIRECTION('center_axis',(0.,0.,-1.));
#1780=DIRECTION('ref_axis',(1.,0.,0.));
#1781=DIRECTION('center_axis',(-1.22464679914735E-16,-1.,0.));
#1782=DIRECTION('ref_axis',(1.,-1.22464679914735E-16,0.));
#1783=DIRECTION('center_axis',(0.,0.,-1.));
#1784=DIRECTION('ref_axis',(-1.,0.,0.));
#1785=DIRECTION('center_axis',(0.,0.,-1.));
#1786=DIRECTION('ref_axis',(1.,0.,0.));
#1787=DIRECTION('center_axis',(-1.22464679914735E-16,-1.,0.));
#1788=DIRECTION('ref_axis',(1.,-1.22464679914735E-16,0.));
#1789=DIRECTION('center_axis',(0.,0.,-1.));
#1790=DIRECTION('ref_axis',(-1.,0.,0.));
#1791=DIRECTION('center_axis',(0.,0.,-1.));
#1792=DIRECTION('ref_axis',(1.,0.,0.));
#1793=DIRECTION('center_axis',(-1.22464679914735E-16,-1.,0.));
#1794=DIRECTION('ref_axis',(1.,-1.22464679914735E-16,0.));
#1795=DIRECTION('center_axis',(0.,0.,-1.));
#1796=DIRECTION('ref_axis',(-1.,0.,0.));
#1797=DIRECTION('center_axis',(0.,0.,-1.));
#1798=DIRECTION('ref_axis',(1.,0.,0.));
#1799=DIRECTION('center_axis',(-1.22464679914735E-16,-1.,0.));
#1800=DIRECTION('ref_axis',(1.,-1.22464679914735E-16,0.));
#1801=DIRECTION('center_axis',(0.,0.,-1.));
#1802=DIRECTION('ref_axis',(-1.,0.,0.));
#1803=DIRECTION('center_axis',(0.,0.,-1.));
#1804=DIRECTION('ref_axis',(1.,0.,0.));
#1805=DIRECTION('center_axis',(-1.22464679914735E-16,-1.,0.));
#1806=DIRECTION('ref_axis',(1.,-1.22464679914735E-16,0.));
#1807=DIRECTION('center_axis',(0.,0.,-1.));
#1808=DIRECTION('ref_axis',(-1.,0.,0.));
#1809=DIRECTION('center_axis',(0.,0.,-1.));
#1810=DIRECTION('ref_axis',(1.,0.,0.));
#1811=DIRECTION('center_axis',(-1.22464679914735E-16,-1.,0.));
#1812=DIRECTION('ref_axis',(1.,-1.22464679914735E-16,0.));
#1813=DIRECTION('center_axis',(0.,0.,-1.));
#1814=DIRECTION('ref_axis',(-1.,0.,0.));
#1815=DIRECTION('center_axis',(0.,0.,-1.));
#1816=DIRECTION('ref_axis',(1.,0.,0.));
#1817=DIRECTION('center_axis',(-1.22464679914735E-16,-1.,0.));
#1818=DIRECTION('ref_axis',(1.,-1.22464679914735E-16,0.));
#1819=DIRECTION('center_axis',(0.,0.,-1.));
#1820=DIRECTION('ref_axis',(-1.,0.,0.));
#1821=DIRECTION('center_axis',(0.,0.,-1.));
#1822=DIRECTION('ref_axis',(1.,0.,0.));
#1823=DIRECTION('center_axis',(-1.22464679914735E-16,-1.,0.));
#1824=DIRECTION('ref_axis',(1.,-1.22464679914735E-16,0.));
#1825=DIRECTION('center_axis',(0.,0.,-1.));
#1826=DIRECTION('ref_axis',(-1.,0.,0.));
#1827=DIRECTION('center_axis',(0.,0.,-1.));
#1828=DIRECTION('ref_axis',(1.,0.,0.));
#1829=DIRECTION('center_axis',(-1.22464679914735E-16,-1.,0.));
#1830=DIRECTION('ref_axis',(1.,-1.22464679914735E-16,0.));
#1831=DIRECTION('center_axis',(0.,0.,-1.));
#1832=DIRECTION('ref_axis',(-1.,0.,0.));
#1833=DIRECTION('center_axis',(0.,0.,-1.));
#1834=DIRECTION('ref_axis',(1.,0.,0.));
#1835=DIRECTION('center_axis',(-1.22464679914735E-16,-1.,0.));
#1836=DIRECTION('ref_axis',(1.,-1.22464679914735E-16,0.));
#1837=DIRECTION('center_axis',(0.,0.,-1.));
#1838=DIRECTION('ref_axis',(-1.,0.,0.));
#1839=DIRECTION('center_axis',(0.,0.,-1.));
#1840=DIRECTION('ref_axis',(1.,0.,0.));
#1841=DIRECTION('center_axis',(-1.22464679914735E-16,-1.,0.));
#1842=DIRECTION('ref_axis',(1.,-1.22464679914735E-16,0.));
#1843=DIRECTION('center_axis',(0.,0.,-1.));
#1844=DIRECTION('ref_axis',(-1.,0.,0.));
#1845=DIRECTION('center_axis',(0.,0.,-1.));
#1846=DIRECTION('ref_axis',(1.,0.,0.));
#1847=DIRECTION('center_axis',(-1.22464679914735E-16,-1.,0.));
#1848=DIRECTION('ref_axis',(1.,-1.22464679914735E-16,0.));
#1849=DIRECTION('center_axis',(0.,0.,-1.));
#1850=DIRECTION('ref_axis',(-1.,0.,0.));
#1851=DIRECTION('center_axis',(0.,0.,-1.));
#1852=DIRECTION('ref_axis',(1.,0.,0.));
#1853=DIRECTION('center_axis',(-1.22464679914735E-16,-1.,0.));
#1854=DIRECTION('ref_axis',(1.,-1.22464679914735E-16,0.));
#1855=DIRECTION('center_axis',(0.,0.,-1.));
#1856=DIRECTION('ref_axis',(-1.,0.,0.));
#1857=DIRECTION('center_axis',(0.,0.,-1.));
#1858=DIRECTION('ref_axis',(1.,0.,0.));
#1859=DIRECTION('center_axis',(-1.22464679914735E-16,-1.,0.));
#1860=DIRECTION('ref_axis',(1.,-1.22464679914735E-16,0.));
#1861=DIRECTION('center_axis',(0.,0.,-1.));
#1862=DIRECTION('ref_axis',(-1.,0.,0.));
#1863=DIRECTION('center_axis',(0.,0.,-1.));
#1864=DIRECTION('ref_axis',(1.,0.,0.));
#1865=DIRECTION('center_axis',(-1.22464679914735E-16,-1.,0.));
#1866=DIRECTION('ref_axis',(1.,-1.22464679914735E-16,0.));
#1867=DIRECTION('center_axis',(0.,0.,-1.));
#1868=DIRECTION('ref_axis',(-1.,0.,0.));
#1869=DIRECTION('center_axis',(0.,0.,-1.));
#1870=DIRECTION('ref_axis',(1.,0.,0.));
#1871=DIRECTION('center_axis',(-1.22464679914735E-16,-1.,0.));
#1872=DIRECTION('ref_axis',(1.,-1.22464679914735E-16,0.));
#1873=DIRECTION('center_axis',(0.,0.,-1.));
#1874=DIRECTION('ref_axis',(-1.,0.,0.));
#1875=DIRECTION('center_axis',(0.,0.,-1.));
#1876=DIRECTION('ref_axis',(1.,0.,0.));
#1877=DIRECTION('center_axis',(-1.22464679914735E-16,-1.,0.));
#1878=DIRECTION('ref_axis',(1.,-1.22464679914735E-16,0.));
#1879=DIRECTION('center_axis',(0.,0.,-1.));
#1880=DIRECTION('ref_axis',(-1.,0.,0.));
#1881=DIRECTION('center_axis',(0.,0.,-1.));
#1882=DIRECTION('ref_axis',(1.,0.,0.));
#1883=DIRECTION('center_axis',(-1.22464679914735E-16,-1.,0.));
#1884=DIRECTION('ref_axis',(1.,-1.22464679914735E-16,0.));
#1885=DIRECTION('center_axis',(0.,0.,-1.));
#1886=DIRECTION('ref_axis',(-1.,0.,0.));
#1887=DIRECTION('center_axis',(0.,0.,-1.));
#1888=DIRECTION('ref_axis',(1.,0.,0.));
#1889=DIRECTION('center_axis',(-1.22464679914735E-16,-1.,0.));
#1890=DIRECTION('ref_axis',(1.,-1.22464679914735E-16,0.));
#1891=DIRECTION('center_axis',(0.,0.,-1.));
#1892=DIRECTION('ref_axis',(-1.,0.,0.));
#1893=DIRECTION('center_axis',(0.,0.,-1.));
#1894=DIRECTION('ref_axis',(1.,0.,0.));
#1895=DIRECTION('center_axis',(-1.22464679914735E-16,-1.,0.));
#1896=DIRECTION('ref_axis',(1.,-1.22464679914735E-16,0.));
#1897=DIRECTION('center_axis',(0.,0.,-1.));
#1898=DIRECTION('ref_axis',(-1.,0.,0.));
#1899=DIRECTION('center_axis',(0.,0.,-1.));
#1900=DIRECTION('ref_axis',(1.,0.,0.));
#1901=DIRECTION('center_axis',(-1.22464679914735E-16,-1.,0.));
#1902=DIRECTION('ref_axis',(1.,-1.22464679914735E-16,0.));
#1903=DIRECTION('center_axis',(0.,0.,-1.));
#1904=DIRECTION('ref_axis',(-1.,0.,0.));
#1905=DIRECTION('center_axis',(0.,0.,-1.));
#1906=DIRECTION('ref_axis',(1.,0.,0.));
#1907=DIRECTION('center_axis',(-1.22464679914735E-16,-1.,0.));
#1908=DIRECTION('ref_axis',(1.,-1.22464679914735E-16,0.));
#1909=DIRECTION('center_axis',(0.,0.,-1.));
#1910=DIRECTION('ref_axis',(-1.,0.,0.));
#1911=DIRECTION('center_axis',(0.,0.,-1.));
#1912=DIRECTION('ref_axis',(1.,0.,0.));
#1913=DIRECTION('center_axis',(-1.22464679914735E-16,-1.,0.));
#1914=DIRECTION('ref_axis',(1.,-1.22464679914735E-16,0.));
#1915=DIRECTION('center_axis',(0.,0.,-1.));
#1916=DIRECTION('ref_axis',(-1.,0.,0.));
#1917=DIRECTION('center_axis',(0.,0.,-1.));
#1918=DIRECTION('ref_axis',(1.,0.,0.));
#1919=DIRECTION('center_axis',(-1.22464679914735E-16,-1.,0.));
#1920=DIRECTION('ref_axis',(1.,-1.22464679914735E-16,0.));
#1921=DIRECTION('center_axis',(0.,0.,-1.));
#1922=DIRECTION('ref_axis',(-1.,0.,0.));
#1923=DIRECTION('center_axis',(0.,0.,-1.));
#1924=DIRECTION('ref_axis',(1.,0.,0.));
#1925=DIRECTION('center_axis',(-1.22464679914735E-16,-1.,0.));
#1926=DIRECTION('ref_axis',(1.,-1.22464679914735E-16,0.));
#1927=DIRECTION('center_axis',(0.,0.,-1.));
#1928=DIRECTION('ref_axis',(-1.,0.,0.));
#1929=DIRECTION('center_axis',(0.,0.,-1.));
#1930=DIRECTION('ref_axis',(1.,0.,0.));
#1931=DIRECTION('center_axis',(-1.22464679914735E-16,-1.,0.));
#1932=DIRECTION('ref_axis',(1.,-1.22464679914735E-16,0.));
#1933=DIRECTION('center_axis',(0.,0.,-1.));
#1934=DIRECTION('ref_axis',(-1.,0.,0.));
#1935=DIRECTION('center_axis',(0.,0.,-1.));
#1936=DIRECTION('ref_axis',(1.,0.,0.));
#1937=DIRECTION('center_axis',(-1.22464679914735E-16,-1.,0.));
#1938=DIRECTION('ref_axis',(1.,-1.22464679914735E-16,0.));
#1939=DIRECTION('center_axis',(0.,0.,-1.));
#1940=DIRECTION('ref_axis',(-1.,0.,0.));
#1941=DIRECTION('center_axis',(0.,0.,-1.));
#1942=DIRECTION('ref_axis',(1.,0.,0.));
#1943=DIRECTION('center_axis',(-1.22464679914735E-16,-1.,0.));
#1944=DIRECTION('ref_axis',(1.,-1.22464679914735E-16,0.));
#1945=DIRECTION('center_axis',(0.,0.,-1.));
#1946=DIRECTION('ref_axis',(-1.,0.,0.));
#1947=DIRECTION('center_axis',(0.,0.,-1.));
#1948=DIRECTION('ref_axis',(1.,0.,0.));
#1949=DIRECTION('center_axis',(-1.22464679914735E-16,-1.,0.));
#1950=DIRECTION('ref_axis',(1.,-1.22464679914735E-16,0.));
#1951=DIRECTION('center_axis',(0.,0.,-1.));
#1952=DIRECTION('ref_axis',(-1.,0.,0.));
#1953=DIRECTION('center_axis',(0.,0.,-1.));
#1954=DIRECTION('ref_axis',(1.,0.,0.));
#1955=DIRECTION('center_axis',(-1.22464679914735E-16,-1.,0.));
#1956=DIRECTION('ref_axis',(1.,-1.22464679914735E-16,0.));
#1957=DIRECTION('center_axis',(0.,0.,-1.));
#1958=DIRECTION('ref_axis',(-1.,0.,0.));
#1959=DIRECTION('center_axis',(0.,0.,-1.));
#1960=DIRECTION('ref_axis',(1.,0.,0.));
#1961=DIRECTION('center_axis',(-1.22464679914735E-16,-1.,0.));
#1962=DIRECTION('ref_axis',(1.,-1.22464679914735E-16,0.));
#1963=DIRECTION('center_axis',(0.,0.,-1.));
#1964=DIRECTION('ref_axis',(-1.,0.,0.));
#1965=DIRECTION('center_axis',(0.,0.,-1.));
#1966=DIRECTION('ref_axis',(1.,0.,0.));
#1967=DIRECTION('center_axis',(-1.22464679914735E-16,-1.,0.));
#1968=DIRECTION('ref_axis',(1.,-1.22464679914735E-16,0.));
#1969=DIRECTION('center_axis',(0.,0.,-1.));
#1970=DIRECTION('ref_axis',(-1.,0.,0.));
#1971=DIRECTION('center_axis',(0.,0.,-1.));
#1972=DIRECTION('ref_axis',(1.,0.,0.));
#1973=DIRECTION('center_axis',(-1.22464679914735E-16,-1.,0.));
#1974=DIRECTION('ref_axis',(1.,-1.22464679914735E-16,0.));
#1975=DIRECTION('center_axis',(0.,0.,-1.));
#1976=DIRECTION('ref_axis',(-1.,0.,0.));
#1977=DIRECTION('center_axis',(0.,0.,-1.));
#1978=DIRECTION('ref_axis',(1.,0.,0.));
#1979=DIRECTION('center_axis',(-1.22464679914735E-16,-1.,0.));
#1980=DIRECTION('ref_axis',(1.,-1.22464679914735E-16,0.));
#1981=DIRECTION('center_axis',(0.,0.,-1.));
#1982=DIRECTION('ref_axis',(-1.,0.,0.));
#1983=DIRECTION('center_axis',(0.,0.,-1.));
#1984=DIRECTION('ref_axis',(1.,0.,0.));
#1985=DIRECTION('center_axis',(-1.22464679914735E-16,-1.,0.));
#1986=DIRECTION('ref_axis',(1.,-1.22464679914735E-16,0.));
#1987=DIRECTION('center_axis',(0.,0.,-1.));
#1988=DIRECTION('ref_axis',(-1.,0.,0.));
#1989=DIRECTION('center_axis',(0.,0.,-1.));
#1990=DIRECTION('ref_axis',(1.,0.,0.));
#1991=DIRECTION('center_axis',(-1.22464679914735E-16,-1.,0.));
#1992=DIRECTION('ref_axis',(1.,-1.22464679914735E-16,0.));
#1993=DIRECTION('center_axis',(0.,0.,-1.));
#1994=DIRECTION('ref_axis',(-1.,0.,0.));
#1995=DIRECTION('center_axis',(0.,0.,-1.));
#1996=DIRECTION('ref_axis',(1.,0.,0.));
#1997=DIRECTION('center_axis',(-1.22464679914735E-16,-1.,0.));
#1998=DIRECTION('ref_axis',(1.,-1.22464679914735E-16,0.));
#1999=DIRECTION('center_axis',(0.,0.,-1.));
#2000=DIRECTION('ref_axis',(-1.,0.,0.));
#2001=DIRECTION('center_axis',(0.,0.,-1.));
#2002=DIRECTION('ref_axis',(1.,0.,0.));
#2003=DIRECTION('center_axis',(-1.22464679914735E-16,-1.,0.));
#2004=DIRECTION('ref_axis',(1.,-1.22464679914735E-16,0.));
#2005=DIRECTION('center_axis',(0.,0.,-1.));
#2006=DIRECTION('ref_axis',(-1.,0.,0.));
#2007=DIRECTION('center_axis',(0.,0.,-1.));
#2008=DIRECTION('ref_axis',(1.,0.,0.));
#2009=DIRECTION('center_axis',(-1.22464679914735E-16,-1.,0.));
#2010=DIRECTION('ref_axis',(1.,-1.22464679914735E-16,0.));
#2011=DIRECTION('center_axis',(0.,0.,-1.));
#2012=DIRECTION('ref_axis',(-1.,0.,0.));
#2013=DIRECTION('center_axis',(0.,0.,-1.));
#2014=DIRECTION('ref_axis',(1.,0.,0.));
#2015=DIRECTION('center_axis',(-1.22464679914735E-16,-1.,0.));
#2016=DIRECTION('ref_axis',(1.,-1.22464679914735E-16,0.));
#2017=DIRECTION('center_axis',(0.,0.,-1.));
#2018=DIRECTION('ref_axis',(-1.,0.,0.));
#2019=DIRECTION('center_axis',(0.,0.,-1.));
#2020=DIRECTION('ref_axis',(1.,0.,0.));
#2021=DIRECTION('center_axis',(-1.22464679914735E-16,-1.,0.));
#2022=DIRECTION('ref_axis',(1.,-1.22464679914735E-16,0.));
#2023=DIRECTION('center_axis',(0.,0.,-1.));
#2024=DIRECTION('ref_axis',(-1.,0.,0.));
#2025=DIRECTION('center_axis',(0.,0.,-1.));
#2026=DIRECTION('ref_axis',(1.,0.,0.));
#2027=DIRECTION('center_axis',(-1.22464679914735E-16,-1.,0.));
#2028=DIRECTION('ref_axis',(1.,-1.22464679914735E-16,0.));
#2029=DIRECTION('center_axis',(0.,0.,-1.));
#2030=DIRECTION('ref_axis',(-1.,0.,0.));
#2031=DIRECTION('center_axis',(0.,0.,-1.));
#2032=DIRECTION('ref_axis',(1.,0.,0.));
#2033=DIRECTION('center_axis',(-1.22464679914735E-16,-1.,0.));
#2034=DIRECTION('ref_axis',(1.,-1.22464679914735E-16,0.));
#2035=DIRECTION('center_axis',(0.,0.,-1.));
#2036=DIRECTION('ref_axis',(-1.,0.,0.));
#2037=DIRECTION('center_axis',(0.,0.,-1.));
#2038=DIRECTION('ref_axis',(1.,0.,0.));
#2039=DIRECTION('center_axis',(-1.22464679914735E-16,-1.,0.));
#2040=DIRECTION('ref_axis',(1.,-1.22464679914735E-16,0.));
#2041=DIRECTION('center_axis',(0.,0.,-1.));
#2042=DIRECTION('ref_axis',(-1.,0.,0.));
#2043=DIRECTION('center_axis',(0.,0.,-1.));
#2044=DIRECTION('ref_axis',(1.,0.,0.));
#2045=DIRECTION('center_axis',(-1.22464679914735E-16,-1.,0.));
#2046=DIRECTION('ref_axis',(1.,-1.22464679914735E-16,0.));
#2047=DIRECTION('center_axis',(0.,0.,-1.));
#2048=DIRECTION('ref_axis',(-1.,0.,0.));
#2049=DIRECTION('center_axis',(0.,0.,-1.));
#2050=DIRECTION('ref_axis',(1.,0.,0.));
#2051=DIRECTION('center_axis',(-1.22464679914735E-16,-1.,0.));
#2052=DIRECTION('ref_axis',(1.,-1.22464679914735E-16,0.));
#2053=DIRECTION('center_axis',(0.,0.,-1.));
#2054=DIRECTION('ref_axis',(-1.,0.,0.));
#2055=DIRECTION('center_axis',(0.,0.,-1.));
#2056=DIRECTION('ref_axis',(1.,0.,0.));
#2057=DIRECTION('center_axis',(-1.22464679914735E-16,-1.,0.));
#2058=DIRECTION('ref_axis',(1.,-1.22464679914735E-16,0.));
#2059=DIRECTION('center_axis',(0.,0.,-1.));
#2060=DIRECTION('ref_axis',(-1.,0.,0.));
#2061=DIRECTION('center_axis',(0.,0.,-1.));
#2062=DIRECTION('ref_axis',(1.,0.,0.));
#2063=DIRECTION('center_axis',(-1.22464679914735E-16,-1.,0.));
#2064=DIRECTION('ref_axis',(1.,-1.22464679914735E-16,0.));
#2065=DIRECTION('center_axis',(0.,0.,-1.));
#2066=DIRECTION('ref_axis',(-1.,0.,0.));
#2067=DIRECTION('center_axis',(0.,0.,-1.));
#2068=DIRECTION('ref_axis',(1.,0.,0.));
#2069=DIRECTION('center_axis',(-1.22464679914735E-16,-1.,0.));
#2070=DIRECTION('ref_axis',(1.,-1.22464679914735E-16,0.));
#2071=DIRECTION('center_axis',(0.,0.,-1.));
#2072=DIRECTION('ref_axis',(-1.,0.,0.));
#2073=DIRECTION('center_axis',(0.,0.,-1.));
#2074=DIRECTION('ref_axis',(1.,0.,0.));
#2075=DIRECTION('center_axis',(-1.22464679914735E-16,-1.,0.));
#2076=DIRECTION('ref_axis',(1.,-1.22464679914735E-16,0.));
#2077=DIRECTION('center_axis',(0.,0.,-1.));
#2078=DIRECTION('ref_axis',(-1.,0.,0.));
#2079=DIRECTION('center_axis',(-1.22464679914735E-16,-1.,0.));
#2080=DIRECTION('ref_axis',(1.,-1.22464679914735E-16,0.));
#2081=CARTESIAN_POINT('',(0.,0.,0.));
#2082=CARTESIAN_POINT('Origin',(0.5,33.,1.5));
#2083=CARTESIAN_POINT('',(0.500000000000001,33.9963233306192,0.));
#2084=CARTESIAN_POINT('',(0.5,33.9963233306192,1.5));
#2085=CARTESIAN_POINT('',(0.5,33.9963233306192,0.75));
#2086=CARTESIAN_POINT('',(0.500000000000001,33.,0.));
#2087=CARTESIAN_POINT('',(0.499999999999999,16.5,0.));
#2088=CARTESIAN_POINT('',(0.5,33.,1.5));
#2089=CARTESIAN_POINT('',(0.5,33.,1.5));
#2090=CARTESIAN_POINT('',(0.499999999999998,16.5,1.5));
#2091=CARTESIAN_POINT('Origin',(-0.500000000000001,33.,0.));
#2092=CARTESIAN_POINT('',(-0.499999999999999,33.9963233306192,1.5));
#2093=CARTESIAN_POINT('',(-0.500000000000001,33.9963233306192,0.));
#2094=CARTESIAN_POINT('',(-0.5,33.9963233306192,0.75));
#2095=CARTESIAN_POINT('',(-0.499999999999999,33.,1.5));
#2096=CARTESIAN_POINT('',(-0.500000000000002,16.5,1.5));
#2097=CARTESIAN_POINT('',(-0.500000000000001,33.,0.));
#2098=CARTESIAN_POINT('',(-0.500000000000001,33.,0.));
#2099=CARTESIAN_POINT('',(-0.500000000000003,16.5,0.));
#2100=CARTESIAN_POINT('Origin',(-1.38777878078145E-16,33.,0.75));
#2101=CARTESIAN_POINT('',(0.,33.,1.5));
#2102=CARTESIAN_POINT('',(-17.,33.,1.5));
#2103=CARTESIAN_POINT('',(-17.,33.,1.5));
#2104=CARTESIAN_POINT('',(-15.25,33.,0.));
#2105=CARTESIAN_POINT('Origin',(-30.5,0.,0.));
#2106=CARTESIAN_POINT('Origin',(0.,0.,0.));
#2107=CARTESIAN_POINT('',(-6.36347431198837,-27.708413788607,0.));
#2108=CARTESIAN_POINT('',(-8.89607944229998,-29.1737856740651,0.));
#2109=CARTESIAN_POINT('Origin',(-8.31272997067375,-27.2607505478969,0.));
#2110=CARTESIAN_POINT('',(-6.38121785867367,-27.7856743399236,0.));
#2111=CARTESIAN_POINT('',(-3.22664839873786,-14.0497634781268,0.));
#2112=CARTESIAN_POINT('',(-4.12180787231736,-26.257532860266,0.));
#2113=CARTESIAN_POINT('Origin',(-4.43196219998829,-28.2333375806337,0.));
#2114=CARTESIAN_POINT('',(4.12180787231736,-26.257532860266,0.));
#2115=CARTESIAN_POINT('Origin',(0.,0.,0.));
#2116=CARTESIAN_POINT('',(6.38121785867367,-27.7856743399236,0.));
#2117=CARTESIAN_POINT('Origin',(4.43196219998829,-28.2333375806337,0.));
#2118=CARTESIAN_POINT('',(6.36347431198837,-27.708413788607,0.));
#2119=CARTESIAN_POINT('',(3.23552017208051,-14.0883937537851,0.));
#2120=CARTESIAN_POINT('',(8.89607944229998,-29.1737856740651,0.));
#2121=CARTESIAN_POINT('Origin',(8.31272997067375,-27.2607505478969,0.));
#2122=CARTESIAN_POINT('',(5.47274158859544,30.0049845776407,0.));
#2123=CARTESIAN_POINT('Origin',(0.,0.,0.));
#2124=CARTESIAN_POINT('',(3.47556919912595,29.1845974780385,0.));
#2125=CARTESIAN_POINT('Origin',(5.11387328770393,28.0374446053364,0.));
#2126=CARTESIAN_POINT('',(2.2582787898436,27.4461266063956,0.));
#2127=CARTESIAN_POINT('',(-4.04900980667183,18.4383849693348,0.));
#2128=CARTESIAN_POINT('',(0.576619827051243,26.5937494455944,0.));
#2129=CARTESIAN_POINT('Origin',(0.619974701265622,28.5932794790977,0.));
#2130=CARTESIAN_POINT('',(-0.576619827051254,26.5937494455944,0.));
#2131=CARTESIAN_POINT('Origin',(0.,0.,0.));
#2132=CARTESIAN_POINT('',(-2.25827878984361,27.4461266063956,0.));
#2133=CARTESIAN_POINT('Origin',(-0.619974701265633,28.5932794790977,0.));
#2134=CARTESIAN_POINT('',(-3.47556919912596,29.1845974780385,0.));
#2135=CARTESIAN_POINT('',(4.65765501131299,17.5691495335134,0.));
#2136=CARTESIAN_POINT('',(-5.47274158859545,30.0049845776407,0.));
#2137=CARTESIAN_POINT('Origin',(-5.11387328770394,28.0374446053364,0.));
#2138=CARTESIAN_POINT('Origin',(0.,0.,0.));
#2139=CARTESIAN_POINT('',(-1.8,-29.5832148836235,0.));
#2140=CARTESIAN_POINT('Origin',(-3.5,-29.5832148836235,0.));
#2141=CARTESIAN_POINT('',(1.69999999999999,29.8,0.));
#2142=CARTESIAN_POINT('Origin',(-5.85849617233753E-15,29.8,0.));
#2143=CARTESIAN_POINT('',(5.2,-29.5832148836235,0.));
#2144=CARTESIAN_POINT('Origin',(3.5,-29.5832148836235,0.));
#2145=CARTESIAN_POINT('Origin',(-34.,0.,6.5));
#2146=CARTESIAN_POINT('',(34.,-4.163799117101E-15,6.5));
#2147=CARTESIAN_POINT('Origin',(0.,0.,6.5));
#2148=CARTESIAN_POINT('',(-1.8,-29.5832148836235,6.5));
#2149=CARTESIAN_POINT('Origin',(-3.5,-29.5832148836235,6.5));
#2150=CARTESIAN_POINT('',(-8.89607944229998,-29.1737856740651,6.5));
#2151=CARTESIAN_POINT('',(-5.47274158859545,30.0049845776407,6.5));
#2152=CARTESIAN_POINT('Origin',(0.,0.,6.5));
#2153=CARTESIAN_POINT('',(-3.47556919912596,29.1845974780385,6.5));
#2154=CARTESIAN_POINT('Origin',(-5.11387328770394,28.0374446053364,6.5));
#2155=CARTESIAN_POINT('',(-2.25827878984361,27.4461266063956,6.5));
#2156=CARTESIAN_POINT('',(-3.47556919912596,29.1845974780385,6.5));
#2157=CARTESIAN_POINT('',(-0.576619827051254,26.5937494455944,6.5));
#2158=CARTESIAN_POINT('Origin',(-0.619974701265633,28.5932794790977,6.5));
#2159=CARTESIAN_POINT('',(0.576619827051243,26.5937494455944,6.5));
#2160=CARTESIAN_POINT('Origin',(0.,0.,6.5));
#2161=CARTESIAN_POINT('',(2.2582787898436,27.4461266063956,6.5));
#2162=CARTESIAN_POINT('Origin',(0.619974701265622,28.5932794790977,6.5));
#2163=CARTESIAN_POINT('',(3.47556919912595,29.1845974780385,6.5));
#2164=CARTESIAN_POINT('',(2.2582787898436,27.4461266063956,6.5));
#2165=CARTESIAN_POINT('',(5.47274158859544,30.0049845776407,6.5));
#2166=CARTESIAN_POINT('Origin',(5.11387328770393,28.0374446053364,6.5));
#2167=CARTESIAN_POINT('',(8.89607944229998,-29.1737856740651,6.5));
#2168=CARTESIAN_POINT('Origin',(0.,0.,6.5));
#2169=CARTESIAN_POINT('',(6.36347431198837,-27.708413788607,6.5));
#2170=CARTESIAN_POINT('Origin',(8.31272997067375,-27.2607505478969,6.5));
#2171=CARTESIAN_POINT('',(6.38121785867367,-27.7856743399236,6.5));
#2172=CARTESIAN_POINT('',(6.36347431198837,-27.708413788607,6.5));
#2173=CARTESIAN_POINT('',(4.12180787231736,-26.257532860266,6.5));
#2174=CARTESIAN_POINT('Origin',(4.43196219998829,-28.2333375806337,6.5));
#2175=CARTESIAN_POINT('',(-4.12180787231736,-26.257532860266,6.5));
#2176=CARTESIAN_POINT('Origin',(0.,0.,6.5));
#2177=CARTESIAN_POINT('',(-6.38121785867367,-27.7856743399236,6.5));
#2178=CARTESIAN_POINT('Origin',(-4.43196219998829,-28.2333375806337,6.5));
#2179=CARTESIAN_POINT('',(-6.36347431198837,-27.708413788607,6.5));
#2180=CARTESIAN_POINT('',(-6.38121785867367,-27.7856743399236,6.5));
#2181=CARTESIAN_POINT('Origin',(-8.31272997067375,-27.2607505478969,6.5));
#2182=CARTESIAN_POINT('',(1.69999999999999,29.8,6.5));
#2183=CARTESIAN_POINT('Origin',(-5.85849617233753E-15,29.8,6.5));
#2184=CARTESIAN_POINT('',(5.2,-29.5832148836235,6.5));
#2185=CARTESIAN_POINT('Origin',(3.5,-29.5832148836235,6.5));
#2186=CARTESIAN_POINT('Origin',(-6.36347431198837,-27.708413788607,6.5));
#2187=CARTESIAN_POINT('',(-6.36347431198837,-27.708413788607,6.5));
#2188=CARTESIAN_POINT('',(-6.38121785867367,-27.7856743399236,6.5));
#2189=CARTESIAN_POINT('Origin',(-8.31272997067375,-27.2607505478969,6.5));
#2190=CARTESIAN_POINT('',(-8.89607944229998,-29.1737856740651,6.5));
#2191=CARTESIAN_POINT('Origin',(-3.5,-29.5832148836235,6.5));
#2192=CARTESIAN_POINT('',(-1.8,-29.5832148836235,6.5));
#2193=CARTESIAN_POINT('Origin',(3.5,-29.5832148836235,6.5));
#2194=CARTESIAN_POINT('',(5.2,-29.5832148836235,6.5));
#2195=CARTESIAN_POINT('Origin',(8.31272997067375,-27.2607505478969,6.5));
#2196=CARTESIAN_POINT('',(6.36347431198837,-27.708413788607,6.5));
#2197=CARTESIAN_POINT('',(8.89607944229998,-29.1737856740651,6.5));
#2198=CARTESIAN_POINT('Origin',(6.38121785867367,-27.7856743399236,6.5));
#2199=CARTESIAN_POINT('',(6.38121785867367,-27.7856743399236,6.5));
#2200=CARTESIAN_POINT('Origin',(4.43196219998829,-28.2333375806337,6.5));
#2201=CARTESIAN_POINT('',(4.12180787231736,-26.257532860266,6.5));
#2202=CARTESIAN_POINT('Origin',(0.,0.,6.5));
#2203=CARTESIAN_POINT('',(-4.12180787231736,-26.257532860266,6.5));
#2204=CARTESIAN_POINT('Origin',(-4.43196219998829,-28.2333375806337,6.5));
#2205=CARTESIAN_POINT('Origin',(-2.25827878984361,27.4461266063956,6.5));
#2206=CARTESIAN_POINT('',(-2.25827878984361,27.4461266063956,6.5));
#2207=CARTESIAN_POINT('',(-3.47556919912596,29.1845974780385,6.5));
#2208=CARTESIAN_POINT('Origin',(-5.11387328770394,28.0374446053364,6.5));
#2209=CARTESIAN_POINT('',(-5.47274158859545,30.0049845776407,6.5));
#2210=CARTESIAN_POINT('Origin',(-5.85849617233753E-15,29.8,6.5));
#2211=CARTESIAN_POINT('',(1.69999999999999,29.8,6.5));
#2212=CARTESIAN_POINT('Origin',(5.11387328770393,28.0374446053364,6.5));
#2213=CARTESIAN_POINT('',(5.47274158859544,30.0049845776407,6.5));
#2214=CARTESIAN_POINT('',(3.47556919912595,29.1845974780385,6.5));
#2215=CARTESIAN_POINT('Origin',(3.47556919912595,29.1845974780385,6.5));
#2216=CARTESIAN_POINT('',(2.2582787898436,27.4461266063956,6.5));
#2217=CARTESIAN_POINT('Origin',(0.619974701265622,28.5932794790977,6.5));
#2218=CARTESIAN_POINT('',(0.576619827051243,26.5937494455944,6.5));
#2219=CARTESIAN_POINT('Origin',(0.,0.,6.5));
#2220=CARTESIAN_POINT('',(-0.576619827051254,26.5937494455944,6.5));
#2221=CARTESIAN_POINT('Origin',(-0.619974701265633,28.5932794790977,6.5));
#2222=CARTESIAN_POINT('Origin',(0.,0.,3.25));
#2223=CARTESIAN_POINT('Origin',(0.,0.,3.25));
#2224=CARTESIAN_POINT('Origin',(0.,0.,5.75));
#2225=CARTESIAN_POINT('',(34.,-4.163799117101E-15,5.));
#2226=CARTESIAN_POINT('Origin',(0.,0.,5.));
#2227=CARTESIAN_POINT('',(34.,-4.163799117101E-15,5.75));
#2228=CARTESIAN_POINT('Origin',(-33.,0.,5.));
#2229=CARTESIAN_POINT('',(33.,-4.04133443718627E-15,5.));
#2230=CARTESIAN_POINT('Origin',(0.,0.,5.));
#2231=CARTESIAN_POINT('Origin',(0.,0.,3.25));
#2232=CARTESIAN_POINT('',(33.,-4.04133443718627E-15,1.5));
#2233=CARTESIAN_POINT('Origin',(0.,0.,1.5));
#2234=CARTESIAN_POINT('Origin',(0.,0.,1.5));
#2235=CARTESIAN_POINT('',(33.,-4.04133443718627E-15,3.25));
#2236=CARTESIAN_POINT('Origin',(-34.,0.,1.5));
#2237=CARTESIAN_POINT('Origin',(0.,0.,1.5));
#2238=CARTESIAN_POINT('Origin',(0.,0.,0.75));
#2239=CARTESIAN_POINT('Origin',(0.,0.,1.67655172413793));
#2240=CARTESIAN_POINT('',(33.4857194330284,-4.10081791208046E-15,1.7348275862069));
#2241=CARTESIAN_POINT('Origin',(0.,0.,1.7348275862069));
#2242=CARTESIAN_POINT('',(33.4857194330284,-4.10081791208046E-15,1.61827586206896));
#2243=CARTESIAN_POINT('Origin',(33.4999996256083,-4.10256673129388E-15,
1.67655172413793));
#2244=CARTESIAN_POINT('Origin',(0.,0.,1.61827586206896));
#2245=CARTESIAN_POINT('Origin',(0.,0.,1.79310344827586));
#2246=CARTESIAN_POINT('',(33.4857194330284,-4.10081791208046E-15,1.85137931034483));
#2247=CARTESIAN_POINT('Origin',(0.,0.,1.85137931034483));
#2248=CARTESIAN_POINT('Origin',(33.4999996256083,-4.10256673129388E-15,
1.79310344827586));
#2249=CARTESIAN_POINT('Origin',(0.,0.,1.90965517241379));
#2250=CARTESIAN_POINT('',(33.4857194330284,-4.10081791208046E-15,1.96793103448276));
#2251=CARTESIAN_POINT('Origin',(0.,0.,1.96793103448276));
#2252=CARTESIAN_POINT('Origin',(33.4999996256083,-4.10256673129388E-15,
1.90965517241379));
#2253=CARTESIAN_POINT('Origin',(0.,0.,2.02620689655172));
#2254=CARTESIAN_POINT('',(33.4857194330284,-4.10081791208046E-15,2.08448275862069));
#2255=CARTESIAN_POINT('Origin',(0.,0.,2.08448275862069));
#2256=CARTESIAN_POINT('Origin',(33.4999996256083,-4.10256673129388E-15,
2.02620689655172));
#2257=CARTESIAN_POINT('Origin',(0.,0.,2.14275862068965));
#2258=CARTESIAN_POINT('',(33.4857194330284,-4.10081791208046E-15,2.20103448275862));
#2259=CARTESIAN_POINT('Origin',(0.,0.,2.20103448275862));
#2260=CARTESIAN_POINT('Origin',(33.4999996256083,-4.10256673129388E-15,
2.14275862068965));
#2261=CARTESIAN_POINT('Origin',(0.,0.,2.25931034482759));
#2262=CARTESIAN_POINT('',(33.4857194330284,-4.10081791208046E-15,2.31758620689655));
#2263=CARTESIAN_POINT('Origin',(0.,0.,2.31758620689655));
#2264=CARTESIAN_POINT('Origin',(33.4999996256083,-4.10256673129388E-15,
2.25931034482759));
#2265=CARTESIAN_POINT('Origin',(0.,0.,2.37586206896552));
#2266=CARTESIAN_POINT('',(33.4857194330284,-4.10081791208046E-15,2.43413793103448));
#2267=CARTESIAN_POINT('Origin',(0.,0.,2.43413793103448));
#2268=CARTESIAN_POINT('Origin',(33.4999996256083,-4.10256673129388E-15,
2.37586206896552));
#2269=CARTESIAN_POINT('Origin',(0.,0.,2.49241379310345));
#2270=CARTESIAN_POINT('',(33.4857194330284,-4.10081791208046E-15,2.55068965517241));
#2271=CARTESIAN_POINT('Origin',(0.,0.,2.55068965517241));
#2272=CARTESIAN_POINT('Origin',(33.4999996256083,-4.10256673129388E-15,
2.49241379310345));
#2273=CARTESIAN_POINT('Origin',(0.,0.,2.60896551724138));
#2274=CARTESIAN_POINT('',(33.4857194330284,-4.10081791208046E-15,2.66724137931034));
#2275=CARTESIAN_POINT('Origin',(0.,0.,2.66724137931034));
#2276=CARTESIAN_POINT('Origin',(33.4999996256083,-4.10256673129388E-15,
2.60896551724138));
#2277=CARTESIAN_POINT('Origin',(0.,0.,2.72551724137931));
#2278=CARTESIAN_POINT('',(33.4857194330284,-4.10081791208046E-15,2.78379310344828));
#2279=CARTESIAN_POINT('Origin',(0.,0.,2.78379310344828));
#2280=CARTESIAN_POINT('Origin',(33.4999996256083,-4.10256673129388E-15,
2.72551724137931));
#2281=CARTESIAN_POINT('Origin',(0.,0.,2.84206896551724));
#2282=CARTESIAN_POINT('',(33.4857194330284,-4.10081791208046E-15,2.90034482758621));
#2283=CARTESIAN_POINT('Origin',(0.,0.,2.90034482758621));
#2284=CARTESIAN_POINT('Origin',(33.4999996256083,-4.10256673129388E-15,
2.84206896551724));
#2285=CARTESIAN_POINT('Origin',(0.,0.,2.95862068965517));
#2286=CARTESIAN_POINT('',(33.4857194330284,-4.10081791208046E-15,3.01689655172414));
#2287=CARTESIAN_POINT('Origin',(0.,0.,3.01689655172414));
#2288=CARTESIAN_POINT('Origin',(33.4999996256083,-4.10256673129388E-15,
2.95862068965517));
#2289=CARTESIAN_POINT('Origin',(0.,0.,3.0751724137931));
#2290=CARTESIAN_POINT('',(33.4857194330284,-4.10081791208046E-15,3.13344827586207));
#2291=CARTESIAN_POINT('Origin',(0.,0.,3.13344827586207));
#2292=CARTESIAN_POINT('Origin',(33.4999996256083,-4.10256673129388E-15,
3.0751724137931));
#2293=CARTESIAN_POINT('Origin',(0.,0.,3.19172413793103));
#2294=CARTESIAN_POINT('',(33.4857194330284,-4.10081791208046E-15,3.25));
#2295=CARTESIAN_POINT('Origin',(0.,0.,3.25));
#2296=CARTESIAN_POINT('Origin',(33.4999996256083,-4.10256673129388E-15,
3.19172413793103));
#2297=CARTESIAN_POINT('Origin',(0.,0.,3.30827586206897));
#2298=CARTESIAN_POINT('',(33.4857194330284,-4.10081791208046E-15,3.36655172413793));
#2299=CARTESIAN_POINT('Origin',(0.,0.,3.36655172413793));
#2300=CARTESIAN_POINT('Origin',(33.4999996256083,-4.10256673129388E-15,
3.30827586206897));
#2301=CARTESIAN_POINT('Origin',(0.,0.,3.4248275862069));
#2302=CARTESIAN_POINT('',(33.4857194330284,-4.10081791208046E-15,3.48310344827586));
#2303=CARTESIAN_POINT('Origin',(0.,0.,3.48310344827586));
#2304=CARTESIAN_POINT('Origin',(33.4999996256083,-4.10256673129388E-15,
3.4248275862069));
#2305=CARTESIAN_POINT('Origin',(0.,0.,3.54137931034483));
#2306=CARTESIAN_POINT('',(33.4857194330284,-4.10081791208046E-15,3.59965517241379));
#2307=CARTESIAN_POINT('Origin',(0.,0.,3.59965517241379));
#2308=CARTESIAN_POINT('Origin',(33.4999996256083,-4.10256673129388E-15,
3.54137931034483));
#2309=CARTESIAN_POINT('Origin',(0.,0.,3.65793103448276));
#2310=CARTESIAN_POINT('',(33.4857194330284,-4.10081791208046E-15,3.71620689655172));
#2311=CARTESIAN_POINT('Origin',(0.,0.,3.71620689655172));
#2312=CARTESIAN_POINT('Origin',(33.4999996256083,-4.10256673129388E-15,
3.65793103448276));
#2313=CARTESIAN_POINT('Origin',(0.,0.,3.77448275862069));
#2314=CARTESIAN_POINT('',(33.4857194330284,-4.10081791208046E-15,3.83275862068965));
#2315=CARTESIAN_POINT('Origin',(0.,0.,3.83275862068965));
#2316=CARTESIAN_POINT('Origin',(33.4999996256083,-4.10256673129388E-15,
3.77448275862069));
#2317=CARTESIAN_POINT('Origin',(0.,0.,3.89103448275862));
#2318=CARTESIAN_POINT('',(33.4857194330284,-4.10081791208046E-15,3.94931034482759));
#2319=CARTESIAN_POINT('Origin',(0.,0.,3.94931034482759));
#2320=CARTESIAN_POINT('Origin',(33.4999996256083,-4.10256673129388E-15,
3.89103448275862));
#2321=CARTESIAN_POINT('Origin',(0.,0.,4.00758620689655));
#2322=CARTESIAN_POINT('',(33.4857194330284,-4.10081791208046E-15,4.06586206896552));
#2323=CARTESIAN_POINT('Origin',(0.,0.,4.06586206896552));
#2324=CARTESIAN_POINT('Origin',(33.4999996256083,-4.10256673129388E-15,
4.00758620689655));
#2325=CARTESIAN_POINT('Origin',(0.,0.,4.12413793103448));
#2326=CARTESIAN_POINT('',(33.4857194330284,-4.10081791208046E-15,4.18241379310345));
#2327=CARTESIAN_POINT('Origin',(0.,0.,4.18241379310345));
#2328=CARTESIAN_POINT('Origin',(33.4999996256083,-4.10256673129388E-15,
4.12413793103448));
#2329=CARTESIAN_POINT('Origin',(0.,0.,4.24068965517241));
#2330=CARTESIAN_POINT('',(33.4857194330284,-4.10081791208046E-15,4.29896551724138));
#2331=CARTESIAN_POINT('Origin',(0.,0.,4.29896551724138));
#2332=CARTESIAN_POINT('Origin',(33.4999996256083,-4.10256673129388E-15,
4.24068965517241));
#2333=CARTESIAN_POINT('Origin',(0.,0.,4.35724137931035));
#2334=CARTESIAN_POINT('',(33.4857194330284,-4.10081791208046E-15,4.41551724137931));
#2335=CARTESIAN_POINT('Origin',(0.,0.,4.41551724137931));
#2336=CARTESIAN_POINT('Origin',(33.4999996256083,-4.10256673129388E-15,
4.35724137931035));
#2337=CARTESIAN_POINT('Origin',(0.,0.,4.47379310344828));
#2338=CARTESIAN_POINT('',(33.4857194330284,-4.10081791208046E-15,4.53206896551724));
#2339=CARTESIAN_POINT('Origin',(0.,0.,4.53206896551724));
#2340=CARTESIAN_POINT('Origin',(33.4999996256083,-4.10256673129388E-15,
4.47379310344828));
#2341=CARTESIAN_POINT('Origin',(0.,0.,4.59034482758621));
#2342=CARTESIAN_POINT('',(33.4857194330284,-4.10081791208046E-15,4.64862068965517));
#2343=CARTESIAN_POINT('Origin',(0.,0.,4.64862068965517));
#2344=CARTESIAN_POINT('Origin',(33.4999996256083,-4.10256673129388E-15,
4.59034482758621));
#2345=CARTESIAN_POINT('Origin',(0.,0.,4.70689655172414));
#2346=CARTESIAN_POINT('',(33.4857194330284,-4.10081791208046E-15,4.7651724137931));
#2347=CARTESIAN_POINT('Origin',(0.,0.,4.7651724137931));
#2348=CARTESIAN_POINT('Origin',(33.4999996256083,-4.10256673129388E-15,
4.70689655172414));
#2349=CARTESIAN_POINT('Origin',(0.,0.,4.82344827586207));
#2350=CARTESIAN_POINT('',(33.4857194330284,-4.10081791208046E-15,4.88172413793103));
#2351=CARTESIAN_POINT('Origin',(0.,0.,4.88172413793103));
#2352=CARTESIAN_POINT('Origin',(33.4999996256083,-4.10256673129388E-15,
4.82344827586207));
#2353=CARTESIAN_POINT('Origin',(0.,0.,4.94));
#2354=CARTESIAN_POINT('',(33.5142798181882,-4.10431555050729E-15,4.88172413793103));
#2355=CARTESIAN_POINT('Origin',(0.,0.,4.88172413793103));
#2356=CARTESIAN_POINT('Origin',(33.4999996256083,-4.10256673129388E-15,
4.94));
#2357=CARTESIAN_POINT('Origin',(0.,0.,4.82344827586207));
#2358=CARTESIAN_POINT('',(33.5142798181882,-4.10431555050729E-15,4.7651724137931));
#2359=CARTESIAN_POINT('Origin',(0.,0.,4.7651724137931));
#2360=CARTESIAN_POINT('Origin',(33.4999996256083,-4.10256673129388E-15,
4.82344827586207));
#2361=CARTESIAN_POINT('Origin',(0.,0.,4.70689655172414));
#2362=CARTESIAN_POINT('',(33.5142798181882,-4.10431555050729E-15,4.64862068965517));
#2363=CARTESIAN_POINT('Origin',(0.,0.,4.64862068965517));
#2364=CARTESIAN_POINT('Origin',(33.4999996256083,-4.10256673129388E-15,
4.70689655172414));
#2365=CARTESIAN_POINT('Origin',(0.,0.,4.59034482758621));
#2366=CARTESIAN_POINT('',(33.5142798181882,-4.10431555050729E-15,4.53206896551724));
#2367=CARTESIAN_POINT('Origin',(0.,0.,4.53206896551724));
#2368=CARTESIAN_POINT('Origin',(33.4999996256083,-4.10256673129388E-15,
4.59034482758621));
#2369=CARTESIAN_POINT('Origin',(0.,0.,4.47379310344828));
#2370=CARTESIAN_POINT('',(33.5142798181882,-4.10431555050729E-15,4.41551724137931));
#2371=CARTESIAN_POINT('Origin',(0.,0.,4.41551724137931));
#2372=CARTESIAN_POINT('Origin',(33.4999996256083,-4.10256673129388E-15,
4.47379310344828));
#2373=CARTESIAN_POINT('Origin',(0.,0.,4.35724137931035));
#2374=CARTESIAN_POINT('',(33.5142798181882,-4.10431555050729E-15,4.29896551724138));
#2375=CARTESIAN_POINT('Origin',(0.,0.,4.29896551724138));
#2376=CARTESIAN_POINT('Origin',(33.4999996256083,-4.10256673129388E-15,
4.35724137931035));
#2377=CARTESIAN_POINT('Origin',(0.,0.,4.24068965517241));
#2378=CARTESIAN_POINT('',(33.5142798181882,-4.10431555050729E-15,4.18241379310345));
#2379=CARTESIAN_POINT('Origin',(0.,0.,4.18241379310345));
#2380=CARTESIAN_POINT('Origin',(33.4999996256083,-4.10256673129388E-15,
4.24068965517241));
#2381=CARTESIAN_POINT('Origin',(0.,0.,4.12413793103448));
#2382=CARTESIAN_POINT('',(33.5142798181882,-4.10431555050729E-15,4.06586206896552));
#2383=CARTESIAN_POINT('Origin',(0.,0.,4.06586206896552));
#2384=CARTESIAN_POINT('Origin',(33.4999996256083,-4.10256673129388E-15,
4.12413793103448));
#2385=CARTESIAN_POINT('Origin',(0.,0.,4.00758620689655));
#2386=CARTESIAN_POINT('',(33.5142798181882,-4.10431555050729E-15,3.94931034482759));
#2387=CARTESIAN_POINT('Origin',(0.,0.,3.94931034482759));
#2388=CARTESIAN_POINT('Origin',(33.4999996256083,-4.10256673129388E-15,
4.00758620689655));
#2389=CARTESIAN_POINT('Origin',(0.,0.,3.89103448275862));
#2390=CARTESIAN_POINT('',(33.5142798181882,-4.10431555050729E-15,3.83275862068965));
#2391=CARTESIAN_POINT('Origin',(0.,0.,3.83275862068965));
#2392=CARTESIAN_POINT('Origin',(33.4999996256083,-4.10256673129388E-15,
3.89103448275862));
#2393=CARTESIAN_POINT('Origin',(0.,0.,3.77448275862069));
#2394=CARTESIAN_POINT('',(33.5142798181882,-4.10431555050729E-15,3.71620689655172));
#2395=CARTESIAN_POINT('Origin',(0.,0.,3.71620689655172));
#2396=CARTESIAN_POINT('Origin',(33.4999996256083,-4.10256673129388E-15,
3.77448275862069));
#2397=CARTESIAN_POINT('Origin',(0.,0.,3.65793103448276));
#2398=CARTESIAN_POINT('',(33.5142798181882,-4.10431555050729E-15,3.59965517241379));
#2399=CARTESIAN_POINT('Origin',(0.,0.,3.59965517241379));
#2400=CARTESIAN_POINT('Origin',(33.4999996256083,-4.10256673129388E-15,
3.65793103448276));
#2401=CARTESIAN_POINT('Origin',(0.,0.,3.54137931034483));
#2402=CARTESIAN_POINT('',(33.5142798181882,-4.10431555050729E-15,3.48310344827586));
#2403=CARTESIAN_POINT('Origin',(0.,0.,3.48310344827586));
#2404=CARTESIAN_POINT('Origin',(33.4999996256083,-4.10256673129388E-15,
3.54137931034483));
#2405=CARTESIAN_POINT('Origin',(0.,0.,3.4248275862069));
#2406=CARTESIAN_POINT('',(33.5142798181882,-4.10431555050729E-15,3.36655172413793));
#2407=CARTESIAN_POINT('Origin',(0.,0.,3.36655172413793));
#2408=CARTESIAN_POINT('Origin',(33.4999996256083,-4.10256673129388E-15,
3.4248275862069));
#2409=CARTESIAN_POINT('Origin',(0.,0.,3.30827586206897));
#2410=CARTESIAN_POINT('',(33.5142798181882,-4.10431555050729E-15,3.25));
#2411=CARTESIAN_POINT('Origin',(0.,0.,3.25));
#2412=CARTESIAN_POINT('Origin',(33.4999996256083,-4.10256673129388E-15,
3.30827586206897));
#2413=CARTESIAN_POINT('Origin',(0.,0.,3.19172413793103));
#2414=CARTESIAN_POINT('',(33.5142798181882,-4.10431555050729E-15,3.13344827586207));
#2415=CARTESIAN_POINT('Origin',(0.,0.,3.13344827586207));
#2416=CARTESIAN_POINT('Origin',(33.4999996256083,-4.10256673129388E-15,
3.19172413793103));
#2417=CARTESIAN_POINT('Origin',(0.,0.,3.0751724137931));
#2418=CARTESIAN_POINT('',(33.5142798181882,-4.10431555050729E-15,3.01689655172414));
#2419=CARTESIAN_POINT('Origin',(0.,0.,3.01689655172414));
#2420=CARTESIAN_POINT('Origin',(33.4999996256083,-4.10256673129388E-15,
3.0751724137931));
#2421=CARTESIAN_POINT('Origin',(0.,0.,2.95862068965517));
#2422=CARTESIAN_POINT('',(33.5142798181882,-4.10431555050729E-15,2.90034482758621));
#2423=CARTESIAN_POINT('Origin',(0.,0.,2.90034482758621));
#2424=CARTESIAN_POINT('Origin',(33.4999996256083,-4.10256673129388E-15,
2.95862068965517));
#2425=CARTESIAN_POINT('Origin',(0.,0.,2.84206896551724));
#2426=CARTESIAN_POINT('',(33.5142798181882,-4.10431555050729E-15,2.78379310344828));
#2427=CARTESIAN_POINT('Origin',(0.,0.,2.78379310344828));
#2428=CARTESIAN_POINT('Origin',(33.4999996256083,-4.10256673129388E-15,
2.84206896551724));
#2429=CARTESIAN_POINT('Origin',(0.,0.,2.72551724137931));
#2430=CARTESIAN_POINT('',(33.5142798181882,-4.10431555050729E-15,2.66724137931034));
#2431=CARTESIAN_POINT('Origin',(0.,0.,2.66724137931034));
#2432=CARTESIAN_POINT('Origin',(33.4999996256083,-4.10256673129388E-15,
2.72551724137931));
#2433=CARTESIAN_POINT('Origin',(0.,0.,2.60896551724138));
#2434=CARTESIAN_POINT('',(33.5142798181882,-4.10431555050729E-15,2.55068965517241));
#2435=CARTESIAN_POINT('Origin',(0.,0.,2.55068965517241));
#2436=CARTESIAN_POINT('Origin',(33.4999996256083,-4.10256673129388E-15,
2.60896551724138));
#2437=CARTESIAN_POINT('Origin',(0.,0.,2.49241379310345));
#2438=CARTESIAN_POINT('',(33.5142798181882,-4.10431555050729E-15,2.43413793103448));
#2439=CARTESIAN_POINT('Origin',(0.,0.,2.43413793103448));
#2440=CARTESIAN_POINT('Origin',(33.4999996256083,-4.10256673129388E-15,
2.49241379310345));
#2441=CARTESIAN_POINT('Origin',(0.,0.,2.37586206896552));
#2442=CARTESIAN_POINT('',(33.5142798181882,-4.10431555050729E-15,2.31758620689655));
#2443=CARTESIAN_POINT('Origin',(0.,0.,2.31758620689655));
#2444=CARTESIAN_POINT('Origin',(33.4999996256083,-4.10256673129388E-15,
2.37586206896552));
#2445=CARTESIAN_POINT('Origin',(0.,0.,2.25931034482759));
#2446=CARTESIAN_POINT('',(33.5142798181882,-4.10431555050729E-15,2.20103448275862));
#2447=CARTESIAN_POINT('Origin',(0.,0.,2.20103448275862));
#2448=CARTESIAN_POINT('Origin',(33.4999996256083,-4.10256673129388E-15,
2.25931034482759));
#2449=CARTESIAN_POINT('Origin',(0.,0.,2.14275862068965));
#2450=CARTESIAN_POINT('',(33.5142798181882,-4.10431555050729E-15,2.08448275862069));
#2451=CARTESIAN_POINT('Origin',(0.,0.,2.08448275862069));
#2452=CARTESIAN_POINT('Origin',(33.4999996256083,-4.10256673129388E-15,
2.14275862068965));
#2453=CARTESIAN_POINT('Origin',(0.,0.,2.02620689655172));
#2454=CARTESIAN_POINT('',(33.5142798181882,-4.10431555050729E-15,1.96793103448276));
#2455=CARTESIAN_POINT('Origin',(0.,0.,1.96793103448276));
#2456=CARTESIAN_POINT('Origin',(33.4999996256083,-4.10256673129388E-15,
2.02620689655172));
#2457=CARTESIAN_POINT('Origin',(0.,0.,1.90965517241379));
#2458=CARTESIAN_POINT('',(33.5142798181882,-4.10431555050729E-15,1.85137931034483));
#2459=CARTESIAN_POINT('Origin',(0.,0.,1.85137931034483));
#2460=CARTESIAN_POINT('Origin',(33.4999996256083,-4.10256673129388E-15,
1.90965517241379));
#2461=CARTESIAN_POINT('Origin',(0.,0.,1.79310344827586));
#2462=CARTESIAN_POINT('',(33.5142798181882,-4.10431555050729E-15,1.7348275862069));
#2463=CARTESIAN_POINT('Origin',(0.,0.,1.7348275862069));
#2464=CARTESIAN_POINT('Origin',(33.4999996256083,-4.10256673129388E-15,
1.79310344827586));
#2465=CARTESIAN_POINT('Origin',(0.,0.,1.67655172413793));
#2466=CARTESIAN_POINT('',(33.5142798181882,-4.10431555050729E-15,1.61827586206896));
#2467=CARTESIAN_POINT('Origin',(0.,0.,1.61827586206896));
#2468=CARTESIAN_POINT('Origin',(33.4999996256083,-4.10256673129388E-15,
1.67655172413793));
#2469=CARTESIAN_POINT('Origin',(0.,0.,1.56));
#2470=CARTESIAN_POINT('Origin',(33.4999996256083,-4.10256673129388E-15,
1.56));
#2471=UNCERTAINTY_MEASURE_WITH_UNIT(LENGTH_MEASURE(0.01),#2475,
'DISTANCE_ACCURACY_VALUE',
'Maximum model space distance between geometric entities at asserted c
onnectivities');
#2472=UNCERTAINTY_MEASURE_WITH_UNIT(LENGTH_MEASURE(0.01),#2475,
'DISTANCE_ACCURACY_VALUE',
'Maximum model space distance between geometric entities at asserted c
onnectivities');
#2473=(
GEOMETRIC_REPRESENTATION_CONTEXT(3)
GLOBAL_UNCERTAINTY_ASSIGNED_CONTEXT((#2471))
GLOBAL_UNIT_ASSIGNED_CONTEXT((#2475,#2477,#2478))
REPRESENTATION_CONTEXT('','3D')
);
#2474=(
GEOMETRIC_REPRESENTATION_CONTEXT(3)
GLOBAL_UNCERTAINTY_ASSIGNED_CONTEXT((#2472))
GLOBAL_UNIT_ASSIGNED_CONTEXT((#2475,#2477,#2478))
REPRESENTATION_CONTEXT('','3D')
);
#2475=(
LENGTH_UNIT()
NAMED_UNIT(*)
SI_UNIT(.MILLI.,.METRE.)
);
#2476=(
LENGTH_UNIT()
NAMED_UNIT(*)
SI_UNIT($,.METRE.)
);
#2477=(
NAMED_UNIT(*)
PLANE_ANGLE_UNIT()
SI_UNIT($,.RADIAN.)
);
#2478=(
NAMED_UNIT(*)
SI_UNIT($,.STERADIAN.)
SOLID_ANGLE_UNIT()
);
#2479=SHAPE_DEFINITION_REPRESENTATION(#2480,#2481);
#2480=PRODUCT_DEFINITION_SHAPE('',$,#2483);
#2481=SHAPE_REPRESENTATION('',(#1318),#2473);
#2482=PRODUCT_DEFINITION_CONTEXT('part definition',#2487,'design');
#2483=PRODUCT_DEFINITION('coil','Coil',#2484,#2482);
#2484=PRODUCT_DEFINITION_FORMATION('',$,#2489);
#2485=PRODUCT_RELATED_PRODUCT_CATEGORY('Coil','Coil',(#2489));
#2486=APPLICATION_PROTOCOL_DEFINITION('international standard',
'automotive_design',2009,#2487);
#2487=APPLICATION_CONTEXT(
'Core Data for Automotive Mechanical Design Process');
#2488=PRODUCT_CONTEXT('part definition',#2487,'mechanical');
#2489=PRODUCT('coil','Coil',$,(#2488));
#2490=PRESENTATION_STYLE_ASSIGNMENT((#2493));
#2491=PRESENTATION_STYLE_ASSIGNMENT((#2494));
#2492=PRESENTATION_STYLE_ASSIGNMENT((#2495));
#2493=SURFACE_STYLE_USAGE(.BOTH.,#2496);
#2494=SURFACE_STYLE_USAGE(.BOTH.,#2497);
#2495=SURFACE_STYLE_USAGE(.BOTH.,#2498);
#2496=SURFACE_SIDE_STYLE('',(#2499));
#2497=SURFACE_SIDE_STYLE('',(#2500));
#2498=SURFACE_SIDE_STYLE('',(#2501));
#2499=SURFACE_STYLE_FILL_AREA(#2502);
#2500=SURFACE_STYLE_FILL_AREA(#2503);
#2501=SURFACE_STYLE_FILL_AREA(#2504);
#2502=FILL_AREA_STYLE('Brass - Matte',(#2505));
#2503=FILL_AREA_STYLE('Brass - Polished',(#2506));
#2504=FILL_AREA_STYLE('Aluminum - Anodized Glossy (Red)',(#2507));
#2505=FILL_AREA_STYLE_COLOUR('Brass - Matte',#2508);
#2506=FILL_AREA_STYLE_COLOUR('Brass - Polished',#2509);
#2507=FILL_AREA_STYLE_COLOUR('Aluminum - Anodized Glossy (Red)',#2510);
#2508=COLOUR_RGB('Brass - Matte',0.952941176470588,0.796078431372549,0.486274509803922);
#2509=COLOUR_RGB('Brass - Polished',0.952941176470588,0.796078431372549,
0.486274509803922);
#2510=COLOUR_RGB('Aluminum - Anodized Glossy (Red)',0.854901960784314,0.349019607843137,
0.349019607843137);
ENDSEC;
END-ISO-10303-21;
