ISO-10303-21;
HEADER;
/* Generated by software containing ST-Developer
 * from STEP Tools, Inc. (www.steptools.com) 
 */

FILE_DESCRIPTION(
/* description */ (''),
/* implementation_level */ '2;1');

FILE_NAME(
/* name */ 'HelmholtzCoil.step',
/* time_stamp */ '2026-08-26T09:50:13+02:00',
/* author */ (''),
/* organization */ (''),
/* preprocessor_version */ 'ST-DEVELOPER v20.1',
/* originating_system */ 'Autodesk Translation Framework v15.8.0.0',
/* authorisation */ '');

FILE_SCHEMA (('AUTOMOTIVE_DESIGN { 1 0 10303 214 3 1 1 }'));
ENDSEC;

DATA;
#10=MECHANICAL_DESIGN_GEOMETRIC_PRESENTATION_REPRESENTATION('',(#101,#102,
#103,#104),#3908);
#11=ITEM_DEFINED_TRANSFORMATION($,$,#2198,#2454);
#12=ITEM_DEFINED_TRANSFORMATION($,$,#2137,#2455);
#13=ITEM_DEFINED_TRANSFORMATION($,$,#2198,#2456);
#14=ITEM_DEFINED_TRANSFORMATION($,$,#2439,#2457);
#15=(
REPRESENTATION_RELATIONSHIP($,$,#3927,#3925)
REPRESENTATION_RELATIONSHIP_WITH_TRANSFORMATION(#11)
SHAPE_REPRESENTATION_RELATIONSHIP()
);
#16=(
REPRESENTATION_RELATIONSHIP($,$,#3926,#3925)
REPRESENTATION_RELATIONSHIP_WITH_TRANSFORMATION(#12)
SHAPE_REPRESENTATION_RELATIONSHIP()
);
#17=(
REPRESENTATION_RELATIONSHIP($,$,#3927,#3925)
REPRESENTATION_RELATIONSHIP_WITH_TRANSFORMATION(#13)
SHAPE_REPRESENTATION_RELATIONSHIP()
);
#18=(
REPRESENTATION_RELATIONSHIP($,$,#3928,#3925)
REPRESENTATION_RELATIONSHIP_WITH_TRANSFORMATION(#14)
SHAPE_REPRESENTATION_RELATIONSHIP()
);
#19=CONTEXT_DEPENDENT_SHAPE_REPRESENTATION(#15,#3921);
#20=CONTEXT_DEPENDENT_SHAPE_REPRESENTATION(#16,#3922);
#21=CONTEXT_DEPENDENT_SHAPE_REPRESENTATION(#17,#3923);
#22=CONTEXT_DEPENDENT_SHAPE_REPRESENTATION(#18,#3924);
#23=NEXT_ASSEMBLY_USAGE_OCCURRENCE('Coil:1','Coil:1','Coil:1',#3930,#3932,
'Coil:1');
#24=NEXT_ASSEMBLY_USAGE_OCCURRENCE('Coil Mount:1','Coil Mount:1',
'Coil Mount:1',#3930,#3931,'Coil Mount:1');
#25=NEXT_ASSEMBLY_USAGE_OCCURRENCE('Coil:2','Coil:2','Coil:2',#3930,#3932,
'Coil:2');
#26=NEXT_ASSEMBLY_USAGE_OCCURRENCE('Coil Spacer:1','Coil Spacer:1',
'Coil Spacer:1',#3930,#3933,'Coil Spacer:1');
#27=ELLIPSE('',#2441,1.76776695296637,1.25);
#28=ELLIPSE('',#2442,1.76776695296637,1.25);
#29=ELLIPSE('',#2444,1.76776695296637,1.25);
#30=ELLIPSE('',#2445,1.76776695296637,1.25);
#31=B_SPLINE_CURVE_WITH_KNOTS('',3,(#3788,#3789,#3790,#3791,#3792,#3793,
#3794,#3795,#3796,#3797,#3798,#3799,#3800,#3801,#3802,#3803,#3804,#3805),
 .UNSPECIFIED.,.F.,.F.,(4,2,2,2,2,2,2,2,4),(0.192195276051885,0.240178513967643,
0.288161751883402,0.336276151993586,0.38439055210377,0.432504952213954,
0.480619352324138,0.528602590239897,0.576585828155655),.UNSPECIFIED.);
#32=B_SPLINE_CURVE_WITH_KNOTS('',3,(#3807,#3808,#3809,#3810,#3811,#3812,
#3813,#3814,#3815,#3816),.UNSPECIFIED.,.F.,.F.,(4,2,2,2,4),(0.76878110420754,
0.816895504317724,0.865009904427908,0.912993142343667,0.960976380259425),
 .UNSPECIFIED.);
#33=B_SPLINE_CURVE_WITH_KNOTS('',3,(#3822,#3823,#3824,#3825,#3826,#3827,
#3828,#3829,#3830,#3831),.UNSPECIFIED.,.F.,.F.,(4,2,2,2,4),(0.576585828155655,
0.624569066071413,0.672552303987172,0.720666704097356,0.76878110420754),
 .UNSPECIFIED.);
#34=B_SPLINE_CURVE_WITH_KNOTS('',3,(#3835,#3836,#3837,#3838,#3839,#3840,
#3841,#3842,#3843,#3844,#3845,#3846,#3847,#3848,#3849,#3850,#3851,#3852),
 .UNSPECIFIED.,.F.,.F.,(4,2,2,2,2,2,2,2,4),(0.192195276051885,0.240178513967643,
0.288161751883402,0.336276151993586,0.38439055210377,0.432504952213954,
0.480619352324138,0.528602590239896,0.576585828155654),.UNSPECIFIED.);
#35=B_SPLINE_CURVE_WITH_KNOTS('',3,(#3854,#3855,#3856,#3857,#3858,#3859,
#3860,#3861,#3862,#3863),.UNSPECIFIED.,.F.,.F.,(4,2,2,2,4),(0.768781104207539,
0.816895504317723,0.865009904427907,0.912993142343666,0.960976380259424),
 .UNSPECIFIED.);
#36=B_SPLINE_CURVE_WITH_KNOTS('',3,(#3869,#3870,#3871,#3872,#3873,#3874,
#3875,#3876,#3877,#3878),.UNSPECIFIED.,.F.,.F.,(4,2,2,2,4),(0.576585828155654,
0.624569066071413,0.672552303987171,0.720666704097355,0.768781104207539),
 .UNSPECIFIED.);
#37=TOROIDAL_SURFACE('',#2265,33.4999996256083,0.0599999999999978);
#38=TOROIDAL_SURFACE('',#2269,33.4999996256083,0.0599999999999978);
#39=TOROIDAL_SURFACE('',#2272,33.4999996256083,0.0599999999999978);
#40=TOROIDAL_SURFACE('',#2275,33.4999996256083,0.0599999999999978);
#41=TOROIDAL_SURFACE('',#2278,33.4999996256083,0.0599999999999978);
#42=TOROIDAL_SURFACE('',#2281,33.4999996256083,0.0599999999999978);
#43=TOROIDAL_SURFACE('',#2284,33.4999996256083,0.0599999999999978);
#44=TOROIDAL_SURFACE('',#2287,33.4999996256083,0.0599999999999978);
#45=TOROIDAL_SURFACE('',#2290,33.4999996256083,0.0599999999999978);
#46=TOROIDAL_SURFACE('',#2293,33.4999996256083,0.0599999999999978);
#47=TOROIDAL_SURFACE('',#2296,33.4999996256083,0.0599999999999978);
#48=TOROIDAL_SURFACE('',#2299,33.4999996256083,0.0599999999999978);
#49=TOROIDAL_SURFACE('',#2302,33.4999996256083,0.0599999999999978);
#50=TOROIDAL_SURFACE('',#2305,33.4999996256083,0.0599999999999978);
#51=TOROIDAL_SURFACE('',#2308,33.4999996256083,0.0599999999999978);
#52=TOROIDAL_SURFACE('',#2311,33.4999996256083,0.0599999999999978);
#53=TOROIDAL_SURFACE('',#2314,33.4999996256083,0.0599999999999978);
#54=TOROIDAL_SURFACE('',#2317,33.4999996256083,0.0599999999999978);
#55=TOROIDAL_SURFACE('',#2320,33.4999996256083,0.0599999999999978);
#56=TOROIDAL_SURFACE('',#2323,33.4999996256083,0.0599999999999978);
#57=TOROIDAL_SURFACE('',#2326,33.4999996256083,0.0599999999999978);
#58=TOROIDAL_SURFACE('',#2329,33.4999996256083,0.0599999999999978);
#59=TOROIDAL_SURFACE('',#2332,33.4999996256083,0.0599999999999978);
#60=TOROIDAL_SURFACE('',#2335,33.4999996256083,0.0599999999999978);
#61=TOROIDAL_SURFACE('',#2338,33.4999996256083,0.0599999999999978);
#62=TOROIDAL_SURFACE('',#2341,33.4999996256083,0.0599999999999978);
#63=TOROIDAL_SURFACE('',#2344,33.4999996256083,0.0599999999999978);
#64=TOROIDAL_SURFACE('',#2347,33.4999996256083,0.0599999999999978);
#65=TOROIDAL_SURFACE('',#2350,33.4999996256083,0.0599999999999978);
#66=TOROIDAL_SURFACE('',#2353,33.4999996256083,0.0599999999999978);
#67=TOROIDAL_SURFACE('',#2356,33.4999996256083,0.0599999999999978);
#68=TOROIDAL_SURFACE('',#2359,33.4999996256083,0.0599999999999978);
#69=TOROIDAL_SURFACE('',#2362,33.4999996256083,0.0599999999999978);
#70=TOROIDAL_SURFACE('',#2365,33.4999996256083,0.0599999999999978);
#71=TOROIDAL_SURFACE('',#2368,33.4999996256083,0.0599999999999978);
#72=TOROIDAL_SURFACE('',#2371,33.4999996256083,0.0599999999999978);
#73=TOROIDAL_SURFACE('',#2374,33.4999996256083,0.0599999999999978);
#74=TOROIDAL_SURFACE('',#2377,33.4999996256083,0.0599999999999978);
#75=TOROIDAL_SURFACE('',#2380,33.4999996256083,0.0599999999999978);
#76=TOROIDAL_SURFACE('',#2383,33.4999996256083,0.0599999999999978);
#77=TOROIDAL_SURFACE('',#2386,33.4999996256083,0.0599999999999978);
#78=TOROIDAL_SURFACE('',#2389,33.4999996256083,0.0599999999999978);
#79=TOROIDAL_SURFACE('',#2392,33.4999996256083,0.0599999999999978);
#80=TOROIDAL_SURFACE('',#2395,33.4999996256083,0.0599999999999978);
#81=TOROIDAL_SURFACE('',#2398,33.4999996256083,0.0599999999999978);
#82=TOROIDAL_SURFACE('',#2401,33.4999996256083,0.0599999999999978);
#83=TOROIDAL_SURFACE('',#2404,33.4999996256083,0.0599999999999978);
#84=TOROIDAL_SURFACE('',#2407,33.4999996256083,0.0599999999999978);
#85=TOROIDAL_SURFACE('',#2410,33.4999996256083,0.0599999999999978);
#86=TOROIDAL_SURFACE('',#2413,33.4999996256083,0.0599999999999978);
#87=TOROIDAL_SURFACE('',#2416,33.4999996256083,0.0599999999999978);
#88=TOROIDAL_SURFACE('',#2419,33.4999996256083,0.0599999999999978);
#89=TOROIDAL_SURFACE('',#2422,33.4999996256083,0.0599999999999978);
#90=TOROIDAL_SURFACE('',#2425,33.4999996256083,0.0599999999999978);
#91=TOROIDAL_SURFACE('',#2428,33.4999996256083,0.0599999999999978);
#92=TOROIDAL_SURFACE('',#2431,33.4999996256083,0.0599999999999978);
#93=TOROIDAL_SURFACE('',#2434,33.4999996256083,0.0599999999999978);
#94=TOROIDAL_SURFACE('',#2437,33.4999996256083,0.0599999999999978);
#95=SHAPE_REPRESENTATION_RELATIONSHIP('SRR','None',#3926,#98);
#96=SHAPE_REPRESENTATION_RELATIONSHIP('SRR','None',#3927,#99);
#97=SHAPE_REPRESENTATION_RELATIONSHIP('SRR','None',#3928,#100);
#98=ADVANCED_BREP_SHAPE_REPRESENTATION('',(#105),#3905);
#99=ADVANCED_BREP_SHAPE_REPRESENTATION('',(#106,#107),#3906);
#100=ADVANCED_BREP_SHAPE_REPRESENTATION('',(#108),#3907);
#101=STYLED_ITEM('',(#3950),#105);
#102=STYLED_ITEM('',(#3950),#106);
#103=STYLED_ITEM('',(#3951),#107);
#104=STYLED_ITEM('',(#3950),#108);
#105=MANIFOLD_SOLID_BREP('Body1',#2098);
#106=MANIFOLD_SOLID_BREP('Body1',#2099);
#107=MANIFOLD_SOLID_BREP('Body2',#2100);
#108=MANIFOLD_SOLID_BREP('Body1',#2101);
#109=FACE_BOUND('',#294,.T.);
#110=FACE_BOUND('',#295,.T.);
#111=FACE_BOUND('',#298,.T.);
#112=FACE_BOUND('',#299,.T.);
#113=FACE_BOUND('',#302,.T.);
#114=FACE_BOUND('',#303,.T.);
#115=FACE_BOUND('',#311,.T.);
#116=FACE_BOUND('',#312,.T.);
#117=FACE_BOUND('',#314,.T.);
#118=FACE_BOUND('',#316,.T.);
#119=FACE_BOUND('',#317,.T.);
#120=FACE_BOUND('',#320,.T.);
#121=FACE_BOUND('',#321,.T.);
#122=FACE_BOUND('',#323,.T.);
#123=FACE_BOUND('',#342,.T.);
#124=FACE_BOUND('',#343,.T.);
#125=FACE_BOUND('',#344,.T.);
#126=FACE_BOUND('',#345,.T.);
#127=FACE_BOUND('',#347,.T.);
#128=FACE_BOUND('',#348,.T.);
#129=FACE_BOUND('',#349,.T.);
#130=FACE_BOUND('',#350,.T.);
#131=FACE_BOUND('',#372,.T.);
#132=FACE_BOUND('',#438,.T.);
#133=FACE_BOUND('',#439,.T.);
#134=FACE_BOUND('',#441,.T.);
#135=FACE_BOUND('',#443,.T.);
#136=PLANE('',#2141);
#137=PLANE('',#2147);
#138=PLANE('',#2150);
#139=PLANE('',#2151);
#140=PLANE('',#2166);
#141=PLANE('',#2167);
#142=PLANE('',#2174);
#143=PLANE('',#2175);
#144=PLANE('',#2176);
#145=PLANE('',#2177);
#146=PLANE('',#2184);
#147=PLANE('',#2185);
#148=PLANE('',#2187);
#149=PLANE('',#2189);
#150=PLANE('',#2191);
#151=PLANE('',#2193);
#152=PLANE('',#2196);
#153=PLANE('',#2197);
#154=PLANE('',#2199);
#155=PLANE('',#2200);
#156=PLANE('',#2201);
#157=PLANE('',#2202);
#158=PLANE('',#2219);
#159=PLANE('',#2236);
#160=PLANE('',#2241);
#161=PLANE('',#2245);
#162=PLANE('',#2249);
#163=PLANE('',#2257);
#164=PLANE('',#2262);
#165=PLANE('',#2452);
#166=PLANE('',#2453);
#167=FACE_OUTER_BOUND('',#292,.T.);
#168=FACE_OUTER_BOUND('',#293,.T.);
#169=FACE_OUTER_BOUND('',#296,.T.);
#170=FACE_OUTER_BOUND('',#297,.T.);
#171=FACE_OUTER_BOUND('',#300,.T.);
#172=FACE_OUTER_BOUND('',#301,.T.);
#173=FACE_OUTER_BOUND('',#304,.T.);
#174=FACE_OUTER_BOUND('',#305,.T.);
#175=FACE_OUTER_BOUND('',#306,.T.);
#176=FACE_OUTER_BOUND('',#307,.T.);
#177=FACE_OUTER_BOUND('',#308,.T.);
#178=FACE_OUTER_BOUND('',#309,.T.);
#179=FACE_OUTER_BOUND('',#310,.T.);
#180=FACE_OUTER_BOUND('',#313,.T.);
#181=FACE_OUTER_BOUND('',#315,.T.);
#182=FACE_OUTER_BOUND('',#318,.T.);
#183=FACE_OUTER_BOUND('',#319,.T.);
#184=FACE_OUTER_BOUND('',#322,.T.);
#185=FACE_OUTER_BOUND('',#324,.T.);
#186=FACE_OUTER_BOUND('',#325,.T.);
#187=FACE_OUTER_BOUND('',#326,.T.);
#188=FACE_OUTER_BOUND('',#327,.T.);
#189=FACE_OUTER_BOUND('',#328,.T.);
#190=FACE_OUTER_BOUND('',#329,.T.);
#191=FACE_OUTER_BOUND('',#330,.T.);
#192=FACE_OUTER_BOUND('',#331,.T.);
#193=FACE_OUTER_BOUND('',#332,.T.);
#194=FACE_OUTER_BOUND('',#333,.T.);
#195=FACE_OUTER_BOUND('',#334,.T.);
#196=FACE_OUTER_BOUND('',#335,.T.);
#197=FACE_OUTER_BOUND('',#336,.T.);
#198=FACE_OUTER_BOUND('',#337,.T.);
#199=FACE_OUTER_BOUND('',#338,.T.);
#200=FACE_OUTER_BOUND('',#339,.T.);
#201=FACE_OUTER_BOUND('',#340,.T.);
#202=FACE_OUTER_BOUND('',#341,.T.);
#203=FACE_OUTER_BOUND('',#346,.T.);
#204=FACE_OUTER_BOUND('',#351,.T.);
#205=FACE_OUTER_BOUND('',#352,.T.);
#206=FACE_OUTER_BOUND('',#353,.T.);
#207=FACE_OUTER_BOUND('',#354,.T.);
#208=FACE_OUTER_BOUND('',#355,.T.);
#209=FACE_OUTER_BOUND('',#356,.T.);
#210=FACE_OUTER_BOUND('',#357,.T.);
#211=FACE_OUTER_BOUND('',#358,.T.);
#212=FACE_OUTER_BOUND('',#359,.T.);
#213=FACE_OUTER_BOUND('',#360,.T.);
#214=FACE_OUTER_BOUND('',#361,.T.);
#215=FACE_OUTER_BOUND('',#362,.T.);
#216=FACE_OUTER_BOUND('',#363,.T.);
#217=FACE_OUTER_BOUND('',#364,.T.);
#218=FACE_OUTER_BOUND('',#365,.T.);
#219=FACE_OUTER_BOUND('',#366,.T.);
#220=FACE_OUTER_BOUND('',#367,.T.);
#221=FACE_OUTER_BOUND('',#368,.T.);
#222=FACE_OUTER_BOUND('',#369,.T.);
#223=FACE_OUTER_BOUND('',#370,.T.);
#224=FACE_OUTER_BOUND('',#371,.T.);
#225=FACE_OUTER_BOUND('',#373,.T.);
#226=FACE_OUTER_BOUND('',#374,.T.);
#227=FACE_OUTER_BOUND('',#375,.T.);
#228=FACE_OUTER_BOUND('',#376,.T.);
#229=FACE_OUTER_BOUND('',#377,.T.);
#230=FACE_OUTER_BOUND('',#378,.T.);
#231=FACE_OUTER_BOUND('',#379,.T.);
#232=FACE_OUTER_BOUND('',#380,.T.);
#233=FACE_OUTER_BOUND('',#381,.T.);
#234=FACE_OUTER_BOUND('',#382,.T.);
#235=FACE_OUTER_BOUND('',#383,.T.);
#236=FACE_OUTER_BOUND('',#384,.T.);
#237=FACE_OUTER_BOUND('',#385,.T.);
#238=FACE_OUTER_BOUND('',#386,.T.);
#239=FACE_OUTER_BOUND('',#387,.T.);
#240=FACE_OUTER_BOUND('',#388,.T.);
#241=FACE_OUTER_BOUND('',#389,.T.);
#242=FACE_OUTER_BOUND('',#390,.T.);
#243=FACE_OUTER_BOUND('',#391,.T.);
#244=FACE_OUTER_BOUND('',#392,.T.);
#245=FACE_OUTER_BOUND('',#393,.T.);
#246=FACE_OUTER_BOUND('',#394,.T.);
#247=FACE_OUTER_BOUND('',#395,.T.);
#248=FACE_OUTER_BOUND('',#396,.T.);
#249=FACE_OUTER_BOUND('',#397,.T.);
#250=FACE_OUTER_BOUND('',#398,.T.);
#251=FACE_OUTER_BOUND('',#399,.T.);
#252=FACE_OUTER_BOUND('',#400,.T.);
#253=FACE_OUTER_BOUND('',#401,.T.);
#254=FACE_OUTER_BOUND('',#402,.T.);
#255=FACE_OUTER_BOUND('',#403,.T.);
#256=FACE_OUTER_BOUND('',#404,.T.);
#257=FACE_OUTER_BOUND('',#405,.T.);
#258=FACE_OUTER_BOUND('',#406,.T.);
#259=FACE_OUTER_BOUND('',#407,.T.);
#260=FACE_OUTER_BOUND('',#408,.T.);
#261=FACE_OUTER_BOUND('',#409,.T.);
#262=FACE_OUTER_BOUND('',#410,.T.);
#263=FACE_OUTER_BOUND('',#411,.T.);
#264=FACE_OUTER_BOUND('',#412,.T.);
#265=FACE_OUTER_BOUND('',#413,.T.);
#266=FACE_OUTER_BOUND('',#414,.T.);
#267=FACE_OUTER_BOUND('',#415,.T.);
#268=FACE_OUTER_BOUND('',#416,.T.);
#269=FACE_OUTER_BOUND('',#417,.T.);
#270=FACE_OUTER_BOUND('',#418,.T.);
#271=FACE_OUTER_BOUND('',#419,.T.);
#272=FACE_OUTER_BOUND('',#420,.T.);
#273=FACE_OUTER_BOUND('',#421,.T.);
#274=FACE_OUTER_BOUND('',#422,.T.);
#275=FACE_OUTER_BOUND('',#423,.T.);
#276=FACE_OUTER_BOUND('',#424,.T.);
#277=FACE_OUTER_BOUND('',#425,.T.);
#278=FACE_OUTER_BOUND('',#426,.T.);
#279=FACE_OUTER_BOUND('',#427,.T.);
#280=FACE_OUTER_BOUND('',#428,.T.);
#281=FACE_OUTER_BOUND('',#429,.T.);
#282=FACE_OUTER_BOUND('',#430,.T.);
#283=FACE_OUTER_BOUND('',#431,.T.);
#284=FACE_OUTER_BOUND('',#432,.T.);
#285=FACE_OUTER_BOUND('',#433,.T.);
#286=FACE_OUTER_BOUND('',#434,.T.);
#287=FACE_OUTER_BOUND('',#435,.T.);
#288=FACE_OUTER_BOUND('',#436,.T.);
#289=FACE_OUTER_BOUND('',#437,.T.);
#290=FACE_OUTER_BOUND('',#440,.T.);
#291=FACE_OUTER_BOUND('',#442,.T.);
#292=EDGE_LOOP('',(#1331,#1332,#1333,#1334));
#293=EDGE_LOOP('',(#1335,#1336,#1337,#1338));
#294=EDGE_LOOP('',(#1339));
#295=EDGE_LOOP('',(#1340));
#296=EDGE_LOOP('',(#1341,#1342,#1343,#1344));
#297=EDGE_LOOP('',(#1345,#1346,#1347,#1348,#1349,#1350));
#298=EDGE_LOOP('',(#1351));
#299=EDGE_LOOP('',(#1352));
#300=EDGE_LOOP('',(#1353,#1354,#1355,#1356,#1357,#1358));
#301=EDGE_LOOP('',(#1359,#1360,#1361,#1362,#1363,#1364,#1365,#1366));
#302=EDGE_LOOP('',(#1367));
#303=EDGE_LOOP('',(#1368));
#304=EDGE_LOOP('',(#1369,#1370,#1371,#1372));
#305=EDGE_LOOP('',(#1373,#1374,#1375,#1376));
#306=EDGE_LOOP('',(#1377,#1378,#1379,#1380));
#307=EDGE_LOOP('',(#1381,#1382,#1383,#1384));
#308=EDGE_LOOP('',(#1385,#1386,#1387,#1388));
#309=EDGE_LOOP('',(#1389,#1390,#1391,#1392));
#310=EDGE_LOOP('',(#1393,#1394,#1395,#1396,#1397,#1398));
#311=EDGE_LOOP('',(#1399));
#312=EDGE_LOOP('',(#1400));
#313=EDGE_LOOP('',(#1401,#1402,#1403,#1404,#1405,#1406,#1407,#1408,#1409,
#1410,#1411,#1412,#1413,#1414,#1415,#1416,#1417,#1418));
#314=EDGE_LOOP('',(#1419,#1420,#1421,#1422));
#315=EDGE_LOOP('',(#1423,#1424,#1425,#1426));
#316=EDGE_LOOP('',(#1427));
#317=EDGE_LOOP('',(#1428));
#318=EDGE_LOOP('',(#1429,#1430,#1431,#1432));
#319=EDGE_LOOP('',(#1433,#1434,#1435,#1436,#1437,#1438,#1439,#1440));
#320=EDGE_LOOP('',(#1441));
#321=EDGE_LOOP('',(#1442));
#322=EDGE_LOOP('',(#1443,#1444,#1445,#1446,#1447,#1448,#1449,#1450));
#323=EDGE_LOOP('',(#1451,#1452,#1453,#1454));
#324=EDGE_LOOP('',(#1455,#1456,#1457,#1458));
#325=EDGE_LOOP('',(#1459,#1460,#1461,#1462));
#326=EDGE_LOOP('',(#1463,#1464,#1465,#1466));
#327=EDGE_LOOP('',(#1467,#1468,#1469,#1470));
#328=EDGE_LOOP('',(#1471,#1472,#1473,#1474));
#329=EDGE_LOOP('',(#1475,#1476,#1477,#1478));
#330=EDGE_LOOP('',(#1479,#1480,#1481,#1482));
#331=EDGE_LOOP('',(#1483,#1484,#1485,#1486));
#332=EDGE_LOOP('',(#1487,#1488,#1489,#1490));
#333=EDGE_LOOP('',(#1491,#1492,#1493,#1494));
#334=EDGE_LOOP('',(#1495,#1496,#1497,#1498));
#335=EDGE_LOOP('',(#1499,#1500,#1501,#1502));
#336=EDGE_LOOP('',(#1503,#1504,#1505,#1506));
#337=EDGE_LOOP('',(#1507,#1508,#1509,#1510));
#338=EDGE_LOOP('',(#1511,#1512,#1513,#1514));
#339=EDGE_LOOP('',(#1515,#1516,#1517,#1518));
#340=EDGE_LOOP('',(#1519,#1520,#1521,#1522,#1523));
#341=EDGE_LOOP('',(#1524,#1525,#1526,#1527));
#342=EDGE_LOOP('',(#1528,#1529,#1530,#1531,#1532,#1533,#1534,#1535,#1536,
#1537,#1538,#1539,#1540,#1541,#1542,#1543));
#343=EDGE_LOOP('',(#1544));
#344=EDGE_LOOP('',(#1545));
#345=EDGE_LOOP('',(#1546));
#346=EDGE_LOOP('',(#1547));
#347=EDGE_LOOP('',(#1548));
#348=EDGE_LOOP('',(#1549,#1550,#1551,#1552,#1553,#1554,#1555,#1556,#1557,
#1558,#1559,#1560,#1561,#1562,#1563,#1564));
#349=EDGE_LOOP('',(#1565));
#350=EDGE_LOOP('',(#1566));
#351=EDGE_LOOP('',(#1567,#1568,#1569,#1570));
#352=EDGE_LOOP('',(#1571,#1572,#1573,#1574));
#353=EDGE_LOOP('',(#1575,#1576,#1577,#1578));
#354=EDGE_LOOP('',(#1579,#1580,#1581,#1582));
#355=EDGE_LOOP('',(#1583,#1584,#1585,#1586));
#356=EDGE_LOOP('',(#1587,#1588,#1589,#1590));
#357=EDGE_LOOP('',(#1591,#1592,#1593,#1594));
#358=EDGE_LOOP('',(#1595,#1596,#1597,#1598));
#359=EDGE_LOOP('',(#1599,#1600,#1601,#1602));
#360=EDGE_LOOP('',(#1603,#1604,#1605,#1606));
#361=EDGE_LOOP('',(#1607,#1608,#1609,#1610));
#362=EDGE_LOOP('',(#1611,#1612,#1613,#1614));
#363=EDGE_LOOP('',(#1615,#1616,#1617,#1618));
#364=EDGE_LOOP('',(#1619,#1620,#1621,#1622));
#365=EDGE_LOOP('',(#1623,#1624,#1625,#1626));
#366=EDGE_LOOP('',(#1627,#1628,#1629,#1630));
#367=EDGE_LOOP('',(#1631,#1632,#1633,#1634));
#368=EDGE_LOOP('',(#1635,#1636,#1637,#1638));
#369=EDGE_LOOP('',(#1639,#1640,#1641,#1642));
#370=EDGE_LOOP('',(#1643,#1644,#1645,#1646));
#371=EDGE_LOOP('',(#1647));
#372=EDGE_LOOP('',(#1648));
#373=EDGE_LOOP('',(#1649,#1650,#1651,#1652,#1653));
#374=EDGE_LOOP('',(#1654,#1655,#1656,#1657,#1658,#1659,#1660));
#375=EDGE_LOOP('',(#1661,#1662,#1663,#1664));
#376=EDGE_LOOP('',(#1665,#1666,#1667,#1668));
#377=EDGE_LOOP('',(#1669,#1670,#1671,#1672));
#378=EDGE_LOOP('',(#1673,#1674,#1675,#1676));
#379=EDGE_LOOP('',(#1677,#1678,#1679,#1680));
#380=EDGE_LOOP('',(#1681,#1682,#1683,#1684));
#381=EDGE_LOOP('',(#1685,#1686,#1687,#1688));
#382=EDGE_LOOP('',(#1689,#1690,#1691,#1692));
#383=EDGE_LOOP('',(#1693,#1694,#1695,#1696));
#384=EDGE_LOOP('',(#1697,#1698,#1699,#1700));
#385=EDGE_LOOP('',(#1701,#1702,#1703,#1704));
#386=EDGE_LOOP('',(#1705,#1706,#1707,#1708));
#387=EDGE_LOOP('',(#1709,#1710,#1711,#1712));
#388=EDGE_LOOP('',(#1713,#1714,#1715,#1716));
#389=EDGE_LOOP('',(#1717,#1718,#1719,#1720));
#390=EDGE_LOOP('',(#1721,#1722,#1723,#1724));
#391=EDGE_LOOP('',(#1725,#1726,#1727,#1728));
#392=EDGE_LOOP('',(#1729,#1730,#1731,#1732));
#393=EDGE_LOOP('',(#1733,#1734,#1735,#1736));
#394=EDGE_LOOP('',(#1737,#1738,#1739,#1740));
#395=EDGE_LOOP('',(#1741,#1742,#1743,#1744));
#396=EDGE_LOOP('',(#1745,#1746,#1747,#1748));
#397=EDGE_LOOP('',(#1749,#1750,#1751,#1752));
#398=EDGE_LOOP('',(#1753,#1754,#1755,#1756));
#399=EDGE_LOOP('',(#1757,#1758,#1759,#1760));
#400=EDGE_LOOP('',(#1761,#1762,#1763,#1764));
#401=EDGE_LOOP('',(#1765,#1766,#1767,#1768));
#402=EDGE_LOOP('',(#1769,#1770,#1771,#1772));
#403=EDGE_LOOP('',(#1773,#1774,#1775,#1776));
#404=EDGE_LOOP('',(#1777,#1778,#1779,#1780));
#405=EDGE_LOOP('',(#1781,#1782,#1783,#1784));
#406=EDGE_LOOP('',(#1785,#1786,#1787,#1788));
#407=EDGE_LOOP('',(#1789,#1790,#1791,#1792));
#408=EDGE_LOOP('',(#1793,#1794,#1795,#1796));
#409=EDGE_LOOP('',(#1797,#1798,#1799,#1800));
#410=EDGE_LOOP('',(#1801,#1802,#1803,#1804));
#411=EDGE_LOOP('',(#1805,#1806,#1807,#1808));
#412=EDGE_LOOP('',(#1809,#1810,#1811,#1812));
#413=EDGE_LOOP('',(#1813,#1814,#1815,#1816));
#414=EDGE_LOOP('',(#1817,#1818,#1819,#1820));
#415=EDGE_LOOP('',(#1821,#1822,#1823,#1824));
#416=EDGE_LOOP('',(#1825,#1826,#1827,#1828));
#417=EDGE_LOOP('',(#1829,#1830,#1831,#1832));
#418=EDGE_LOOP('',(#1833,#1834,#1835,#1836));
#419=EDGE_LOOP('',(#1837,#1838,#1839,#1840));
#420=EDGE_LOOP('',(#1841,#1842,#1843,#1844));
#421=EDGE_LOOP('',(#1845,#1846,#1847,#1848));
#422=EDGE_LOOP('',(#1849,#1850,#1851,#1852));
#423=EDGE_LOOP('',(#1853,#1854,#1855,#1856));
#424=EDGE_LOOP('',(#1857,#1858,#1859,#1860));
#425=EDGE_LOOP('',(#1861,#1862,#1863,#1864));
#426=EDGE_LOOP('',(#1865,#1866,#1867,#1868));
#427=EDGE_LOOP('',(#1869,#1870,#1871,#1872));
#428=EDGE_LOOP('',(#1873,#1874,#1875,#1876));
#429=EDGE_LOOP('',(#1877,#1878,#1879,#1880));
#430=EDGE_LOOP('',(#1881,#1882,#1883,#1884));
#431=EDGE_LOOP('',(#1885,#1886,#1887,#1888));
#432=EDGE_LOOP('',(#1889,#1890,#1891,#1892));
#433=EDGE_LOOP('',(#1893,#1894,#1895,#1896));
#434=EDGE_LOOP('',(#1897,#1898,#1899,#1900,#1901,#1902,#1903));
#435=EDGE_LOOP('',(#1904,#1905,#1906,#1907,#1908,#1909,#1910));
#436=EDGE_LOOP('',(#1911,#1912,#1913,#1914,#1915,#1916,#1917,#1918,#1919,
#1920,#1921,#1922));
#437=EDGE_LOOP('',(#1923,#1924,#1925,#1926));
#438=EDGE_LOOP('',(#1927,#1928,#1929));
#439=EDGE_LOOP('',(#1930,#1931,#1932));
#440=EDGE_LOOP('',(#1933));
#441=EDGE_LOOP('',(#1934));
#442=EDGE_LOOP('',(#1935));
#443=EDGE_LOOP('',(#1936));
#444=LINE('',#3217,#552);
#445=LINE('',#3220,#553);
#446=LINE('',#3223,#554);
#447=LINE('',#3225,#555);
#448=LINE('',#3226,#556);
#449=LINE('',#3236,#557);
#450=LINE('',#3239,#558);
#451=LINE('',#3241,#559);
#452=LINE('',#3243,#560);
#453=LINE('',#3245,#561);
#454=LINE('',#3246,#562);
#455=LINE('',#3253,#563);
#456=LINE('',#3254,#564);
#457=LINE('',#3258,#565);
#458=LINE('',#3259,#566);
#459=LINE('',#3261,#567);
#460=LINE('',#3263,#568);
#461=LINE('',#3265,#569);
#462=LINE('',#3266,#570);
#463=LINE('',#3272,#571);
#464=LINE('',#3274,#572);
#465=LINE('',#3278,#573);
#466=LINE('',#3283,#574);
#467=LINE('',#3288,#575);
#468=LINE('',#3293,#576);
#469=LINE('',#3298,#577);
#470=LINE('',#3299,#578);
#471=LINE('',#3300,#579);
#472=LINE('',#3303,#580);
#473=LINE('',#3305,#581);
#474=LINE('',#3309,#582);
#475=LINE('',#3313,#583);
#476=LINE('',#3317,#584);
#477=LINE('',#3320,#585);
#478=LINE('',#3322,#586);
#479=LINE('',#3323,#587);
#480=LINE('',#3328,#588);
#481=LINE('',#3331,#589);
#482=LINE('',#3334,#590);
#483=LINE('',#3335,#591);
#484=LINE('',#3338,#592);
#485=LINE('',#3339,#593);
#486=LINE('',#3342,#594);
#487=LINE('',#3343,#595);
#488=LINE('',#3345,#596);
#489=LINE('',#3346,#597);
#490=LINE('',#3350,#598);
#491=LINE('',#3354,#599);
#492=LINE('',#3358,#600);
#493=LINE('',#3363,#601);
#494=LINE('',#3367,#602);
#495=LINE('',#3370,#603);
#496=LINE('',#3372,#604);
#497=LINE('',#3373,#605);
#498=LINE('',#3375,#606);
#499=LINE('',#3377,#607);
#500=LINE('',#3380,#608);
#501=LINE('',#3381,#609);
#502=LINE('',#3383,#610);
#503=LINE('',#3385,#611);
#504=LINE('',#3387,#612);
#505=LINE('',#3389,#613);
#506=LINE('',#3398,#614);
#507=LINE('',#3400,#615);
#508=LINE('',#3402,#616);
#509=LINE('',#3403,#617);
#510=LINE('',#3407,#618);
#511=LINE('',#3409,#619);
#512=LINE('',#3411,#620);
#513=LINE('',#3412,#621);
#514=LINE('',#3415,#622);
#515=LINE('',#3416,#623);
#516=LINE('',#3417,#624);
#517=LINE('',#3424,#625);
#518=LINE('',#3432,#626);
#519=LINE('',#3440,#627);
#520=LINE('',#3448,#628);
#521=LINE('',#3469,#629);
#522=LINE('',#3477,#630);
#523=LINE('',#3485,#631);
#524=LINE('',#3493,#632);
#525=LINE('',#3500,#633);
#526=LINE('',#3501,#634);
#527=LINE('',#3503,#635);
#528=LINE('',#3505,#636);
#529=LINE('',#3507,#637);
#530=LINE('',#3509,#638);
#531=LINE('',#3510,#639);
#532=LINE('',#3512,#640);
#533=LINE('',#3514,#641);
#534=LINE('',#3516,#642);
#535=LINE('',#3519,#643);
#536=LINE('',#3520,#644);
#537=LINE('',#3522,#645);
#538=LINE('',#3524,#646);
#539=LINE('',#3526,#647);
#540=LINE('',#3527,#648);
#541=LINE('',#3529,#649);
#542=LINE('',#3531,#650);
#543=LINE('',#3533,#651);
#544=LINE('',#3540,#652);
#545=LINE('',#3548,#653);
#546=LINE('',#3818,#654);
#547=LINE('',#3865,#655);
#548=LINE('',#3882,#656);
#549=LINE('',#3883,#657);
#550=LINE('',#3885,#658);
#551=LINE('',#3891,#659);
#552=VECTOR('',#2466,10.);
#553=VECTOR('',#2469,10.);
#554=VECTOR('',#2472,10.);
#555=VECTOR('',#2473,10.);
#556=VECTOR('',#2474,10.);
#557=VECTOR('',#2485,10.);
#558=VECTOR('',#2488,10.);
#559=VECTOR('',#2489,10.);
#560=VECTOR('',#2490,10.);
#561=VECTOR('',#2491,10.);
#562=VECTOR('',#2492,10.);
#563=VECTOR('',#2499,10.);
#564=VECTOR('',#2500,10.);
#565=VECTOR('',#2503,10.);
#566=VECTOR('',#2504,10.);
#567=VECTOR('',#2505,10.);
#568=VECTOR('',#2506,10.);
#569=VECTOR('',#2507,10.);
#570=VECTOR('',#2508,10.);
#571=VECTOR('',#2515,1.25);
#572=VECTOR('',#2518,1.25);
#573=VECTOR('',#2523,1.25);
#574=VECTOR('',#2528,1.25);
#575=VECTOR('',#2535,1.25);
#576=VECTOR('',#2540,1.25);
#577=VECTOR('',#2545,10.);
#578=VECTOR('',#2546,10.);
#579=VECTOR('',#2547,10.);
#580=VECTOR('',#2550,10.);
#581=VECTOR('',#2551,10.);
#582=VECTOR('',#2554,10.);
#583=VECTOR('',#2557,10.);
#584=VECTOR('',#2560,10.);
#585=VECTOR('',#2563,10.);
#586=VECTOR('',#2564,10.);
#587=VECTOR('',#2565,10.);
#588=VECTOR('',#2568,10.);
#589=VECTOR('',#2571,10.);
#590=VECTOR('',#2574,10.);
#591=VECTOR('',#2575,10.);
#592=VECTOR('',#2578,10.);
#593=VECTOR('',#2579,10.);
#594=VECTOR('',#2582,10.);
#595=VECTOR('',#2583,10.);
#596=VECTOR('',#2584,10.);
#597=VECTOR('',#2585,10.);
#598=VECTOR('',#2588,10.);
#599=VECTOR('',#2591,10.);
#600=VECTOR('',#2594,10.);
#601=VECTOR('',#2599,10.);
#602=VECTOR('',#2602,10.);
#603=VECTOR('',#2607,10.);
#604=VECTOR('',#2610,10.);
#605=VECTOR('',#2611,10.);
#606=VECTOR('',#2614,10.);
#607=VECTOR('',#2617,10.);
#608=VECTOR('',#2622,10.);
#609=VECTOR('',#2623,10.);
#610=VECTOR('',#2626,10.);
#611=VECTOR('',#2629,10.);
#612=VECTOR('',#2632,10.);
#613=VECTOR('',#2635,10.);
#614=VECTOR('',#2648,10.);
#615=VECTOR('',#2649,10.);
#616=VECTOR('',#2650,10.);
#617=VECTOR('',#2651,10.);
#618=VECTOR('',#2654,10.);
#619=VECTOR('',#2655,10.);
#620=VECTOR('',#2656,10.);
#621=VECTOR('',#2657,10.);
#622=VECTOR('',#2660,10.);
#623=VECTOR('',#2661,10.);
#624=VECTOR('',#2662,10.);
#625=VECTOR('',#2669,10.);
#626=VECTOR('',#2676,10.);
#627=VECTOR('',#2683,10.);
#628=VECTOR('',#2690,10.);
#629=VECTOR('',#2711,10.);
#630=VECTOR('',#2718,10.);
#631=VECTOR('',#2725,10.);
#632=VECTOR('',#2732,10.);
#633=VECTOR('',#2741,10.);
#634=VECTOR('',#2742,10.);
#635=VECTOR('',#2745,10.);
#636=VECTOR('',#2748,1.7);
#637=VECTOR('',#2751,1.7);
#638=VECTOR('',#2754,10.);
#639=VECTOR('',#2755,10.);
#640=VECTOR('',#2758,10.);
#641=VECTOR('',#2761,10.);
#642=VECTOR('',#2764,10.);
#643=VECTOR('',#2769,10.);
#644=VECTOR('',#2770,10.);
#645=VECTOR('',#2773,10.);
#646=VECTOR('',#2776,1.7);
#647=VECTOR('',#2779,10.);
#648=VECTOR('',#2780,10.);
#649=VECTOR('',#2783,10.);
#650=VECTOR('',#2786,10.);
#651=VECTOR('',#2789,10.);
#652=VECTOR('',#2800,34.);
#653=VECTOR('',#2811,33.);
#654=VECTOR('',#3170,1.25);
#655=VECTOR('',#3177,1.25);
#656=VECTOR('',#3186,1.25);
#657=VECTOR('',#3187,1.25);
#658=VECTOR('',#3188,1.25);
#659=VECTOR('',#3195,2.5);
#660=CIRCLE('',#2139,2.00000000000018);
#661=CIRCLE('',#2140,2.00000000000018);
#662=CIRCLE('',#2142,1.2645);
#663=CIRCLE('',#2143,1.2645);
#664=CIRCLE('',#2145,2.00000000000009);
#665=CIRCLE('',#2146,2.00000000000009);
#666=CIRCLE('',#2148,1.2645);
#667=CIRCLE('',#2149,1.2645);
#668=CIRCLE('',#2152,1.2645);
#669=CIRCLE('',#2153,1.2645);
#670=CIRCLE('',#2157,1.2645);
#671=CIRCLE('',#2159,1.2645);
#672=CIRCLE('',#2160,1.2645);
#673=CIRCLE('',#2162,1.2645);
#674=CIRCLE('',#2164,1.2645);
#675=CIRCLE('',#2165,1.2645);
#676=CIRCLE('',#2168,2.);
#677=CIRCLE('',#2169,4.);
#678=CIRCLE('',#2170,4.);
#679=CIRCLE('',#2171,2.);
#680=CIRCLE('',#2172,2.25);
#681=CIRCLE('',#2173,2.25);
#682=CIRCLE('',#2178,4.);
#683=CIRCLE('',#2179,4.);
#684=CIRCLE('',#2180,2.);
#685=CIRCLE('',#2181,2.);
#686=CIRCLE('',#2182,2.25);
#687=CIRCLE('',#2183,2.25);
#688=CIRCLE('',#2203,34.);
#689=CIRCLE('',#2204,2.);
#690=CIRCLE('',#2205,2.);
#691=CIRCLE('',#2206,26.5790769599745);
#692=CIRCLE('',#2207,2.);
#693=CIRCLE('',#2208,2.);
#694=CIRCLE('',#2209,30.5);
#695=CIRCLE('',#2210,2.);
#696=CIRCLE('',#2211,2.);
#697=CIRCLE('',#2212,26.6);
#698=CIRCLE('',#2213,2.);
#699=CIRCLE('',#2214,2.);
#700=CIRCLE('',#2215,30.5);
#701=CIRCLE('',#2216,1.7);
#702=CIRCLE('',#2217,1.7);
#703=CIRCLE('',#2218,1.7);
#704=CIRCLE('',#2220,34.);
#705=CIRCLE('',#2221,1.7);
#706=CIRCLE('',#2222,30.5);
#707=CIRCLE('',#2223,2.);
#708=CIRCLE('',#2224,2.);
#709=CIRCLE('',#2225,26.6);
#710=CIRCLE('',#2226,2.);
#711=CIRCLE('',#2227,2.);
#712=CIRCLE('',#2228,30.5);
#713=CIRCLE('',#2229,2.);
#714=CIRCLE('',#2230,2.);
#715=CIRCLE('',#2231,26.5790769599745);
#716=CIRCLE('',#2232,2.);
#717=CIRCLE('',#2233,2.);
#718=CIRCLE('',#2234,1.7);
#719=CIRCLE('',#2235,1.7);
#720=CIRCLE('',#2256,34.);
#721=CIRCLE('',#2258,33.);
#722=CIRCLE('',#2260,33.);
#723=CIRCLE('',#2261,33.);
#724=CIRCLE('',#2263,34.);
#725=CIRCLE('',#2266,33.4857194330284);
#726=CIRCLE('',#2267,0.0599999999999978);
#727=CIRCLE('',#2268,33.4857194330284);
#728=CIRCLE('',#2270,33.4857194330284);
#729=CIRCLE('',#2271,0.0599999999999978);
#730=CIRCLE('',#2273,33.4857194330284);
#731=CIRCLE('',#2274,0.0599999999999978);
#732=CIRCLE('',#2276,33.4857194330284);
#733=CIRCLE('',#2277,0.0599999999999978);
#734=CIRCLE('',#2279,33.4857194330284);
#735=CIRCLE('',#2280,0.0599999999999978);
#736=CIRCLE('',#2282,33.4857194330284);
#737=CIRCLE('',#2283,0.0599999999999978);
#738=CIRCLE('',#2285,33.4857194330284);
#739=CIRCLE('',#2286,0.0599999999999978);
#740=CIRCLE('',#2288,33.4857194330284);
#741=CIRCLE('',#2289,0.0599999999999978);
#742=CIRCLE('',#2291,33.4857194330284);
#743=CIRCLE('',#2292,0.0599999999999978);
#744=CIRCLE('',#2294,33.4857194330284);
#745=CIRCLE('',#2295,0.0599999999999978);
#746=CIRCLE('',#2297,33.4857194330284);
#747=CIRCLE('',#2298,0.0599999999999978);
#748=CIRCLE('',#2300,33.4857194330284);
#749=CIRCLE('',#2301,0.0599999999999978);
#750=CIRCLE('',#2303,33.4857194330284);
#751=CIRCLE('',#2304,0.0599999999999978);
#752=CIRCLE('',#2306,33.4857194330284);
#753=CIRCLE('',#2307,0.0599999999999978);
#754=CIRCLE('',#2309,33.4857194330284);
#755=CIRCLE('',#2310,0.0599999999999978);
#756=CIRCLE('',#2312,33.4857194330284);
#757=CIRCLE('',#2313,0.0599999999999978);
#758=CIRCLE('',#2315,33.4857194330284);
#759=CIRCLE('',#2316,0.0599999999999978);
#760=CIRCLE('',#2318,33.4857194330284);
#761=CIRCLE('',#2319,0.0599999999999978);
#762=CIRCLE('',#2321,33.4857194330284);
#763=CIRCLE('',#2322,0.0599999999999978);
#764=CIRCLE('',#2324,33.4857194330284);
#765=CIRCLE('',#2325,0.0599999999999978);
#766=CIRCLE('',#2327,33.4857194330284);
#767=CIRCLE('',#2328,0.0599999999999978);
#768=CIRCLE('',#2330,33.4857194330284);
#769=CIRCLE('',#2331,0.0599999999999978);
#770=CIRCLE('',#2333,33.4857194330284);
#771=CIRCLE('',#2334,0.0599999999999978);
#772=CIRCLE('',#2336,33.4857194330284);
#773=CIRCLE('',#2337,0.0599999999999978);
#774=CIRCLE('',#2339,33.4857194330284);
#775=CIRCLE('',#2340,0.0599999999999978);
#776=CIRCLE('',#2342,33.4857194330284);
#777=CIRCLE('',#2343,0.0599999999999978);
#778=CIRCLE('',#2345,33.4857194330284);
#779=CIRCLE('',#2346,0.0599999999999978);
#780=CIRCLE('',#2348,33.4857194330284);
#781=CIRCLE('',#2349,0.0599999999999978);
#782=CIRCLE('',#2351,33.5142798181882);
#783=CIRCLE('',#2352,0.0599999999999978);
#784=CIRCLE('',#2354,33.5142798181882);
#785=CIRCLE('',#2355,0.0599999999999978);
#786=CIRCLE('',#2357,33.5142798181882);
#787=CIRCLE('',#2358,0.0599999999999978);
#788=CIRCLE('',#2360,33.5142798181882);
#789=CIRCLE('',#2361,0.0599999999999978);
#790=CIRCLE('',#2363,33.5142798181882);
#791=CIRCLE('',#2364,0.0599999999999978);
#792=CIRCLE('',#2366,33.5142798181882);
#793=CIRCLE('',#2367,0.0599999999999978);
#794=CIRCLE('',#2369,33.5142798181882);
#795=CIRCLE('',#2370,0.0599999999999978);
#796=CIRCLE('',#2372,33.5142798181882);
#797=CIRCLE('',#2373,0.0599999999999978);
#798=CIRCLE('',#2375,33.5142798181882);
#799=CIRCLE('',#2376,0.0599999999999978);
#800=CIRCLE('',#2378,33.5142798181882);
#801=CIRCLE('',#2379,0.0599999999999978);
#802=CIRCLE('',#2381,33.5142798181882);
#803=CIRCLE('',#2382,0.0599999999999978);
#804=CIRCLE('',#2384,33.5142798181882);
#805=CIRCLE('',#2385,0.0599999999999978);
#806=CIRCLE('',#2387,33.5142798181882);
#807=CIRCLE('',#2388,0.0599999999999978);
#808=CIRCLE('',#2390,33.5142798181882);
#809=CIRCLE('',#2391,0.0599999999999978);
#810=CIRCLE('',#2393,33.5142798181882);
#811=CIRCLE('',#2394,0.0599999999999978);
#812=CIRCLE('',#2396,33.5142798181882);
#813=CIRCLE('',#2397,0.0599999999999978);
#814=CIRCLE('',#2399,33.5142798181882);
#815=CIRCLE('',#2400,0.0599999999999978);
#816=CIRCLE('',#2402,33.5142798181882);
#817=CIRCLE('',#2403,0.0599999999999978);
#818=CIRCLE('',#2405,33.5142798181882);
#819=CIRCLE('',#2406,0.0599999999999978);
#820=CIRCLE('',#2408,33.5142798181882);
#821=CIRCLE('',#2409,0.0599999999999978);
#822=CIRCLE('',#2411,33.5142798181882);
#823=CIRCLE('',#2412,0.0599999999999978);
#824=CIRCLE('',#2414,33.5142798181882);
#825=CIRCLE('',#2415,0.0599999999999978);
#826=CIRCLE('',#2417,33.5142798181882);
#827=CIRCLE('',#2418,0.0599999999999978);
#828=CIRCLE('',#2420,33.5142798181882);
#829=CIRCLE('',#2421,0.0599999999999978);
#830=CIRCLE('',#2423,33.5142798181882);
#831=CIRCLE('',#2424,0.0599999999999978);
#832=CIRCLE('',#2426,33.5142798181882);
#833=CIRCLE('',#2427,0.0599999999999978);
#834=CIRCLE('',#2429,33.5142798181882);
#835=CIRCLE('',#2430,0.0599999999999978);
#836=CIRCLE('',#2432,33.5142798181882);
#837=CIRCLE('',#2433,0.0599999999999978);
#838=CIRCLE('',#2435,33.5142798181882);
#839=CIRCLE('',#2436,0.0599999999999978);
#840=CIRCLE('',#2438,0.0599999999999978);
#841=CIRCLE('',#2447,1.25);
#842=CIRCLE('',#2448,1.25);
#843=CIRCLE('',#2450,2.5);
#844=CIRCLE('',#2451,2.5);
#845=VERTEX_POINT('',#3213);
#846=VERTEX_POINT('',#3214);
#847=VERTEX_POINT('',#3216);
#848=VERTEX_POINT('',#3218);
#849=VERTEX_POINT('',#3222);
#850=VERTEX_POINT('',#3224);
#851=VERTEX_POINT('',#3227);
#852=VERTEX_POINT('',#3229);
#853=VERTEX_POINT('',#3232);
#854=VERTEX_POINT('',#3234);
#855=VERTEX_POINT('',#3238);
#856=VERTEX_POINT('',#3240);
#857=VERTEX_POINT('',#3242);
#858=VERTEX_POINT('',#3244);
#859=VERTEX_POINT('',#3247);
#860=VERTEX_POINT('',#3249);
#861=VERTEX_POINT('',#3252);
#862=VERTEX_POINT('',#3256);
#863=VERTEX_POINT('',#3257);
#864=VERTEX_POINT('',#3260);
#865=VERTEX_POINT('',#3262);
#866=VERTEX_POINT('',#3264);
#867=VERTEX_POINT('',#3267);
#868=VERTEX_POINT('',#3269);
#869=VERTEX_POINT('',#3276);
#870=VERTEX_POINT('',#3280);
#871=VERTEX_POINT('',#3282);
#872=VERTEX_POINT('',#3286);
#873=VERTEX_POINT('',#3290);
#874=VERTEX_POINT('',#3292);
#875=VERTEX_POINT('',#3296);
#876=VERTEX_POINT('',#3297);
#877=VERTEX_POINT('',#3302);
#878=VERTEX_POINT('',#3304);
#879=VERTEX_POINT('',#3306);
#880=VERTEX_POINT('',#3308);
#881=VERTEX_POINT('',#3310);
#882=VERTEX_POINT('',#3312);
#883=VERTEX_POINT('',#3314);
#884=VERTEX_POINT('',#3316);
#885=VERTEX_POINT('',#3318);
#886=VERTEX_POINT('',#3321);
#887=VERTEX_POINT('',#3324);
#888=VERTEX_POINT('',#3325);
#889=VERTEX_POINT('',#3327);
#890=VERTEX_POINT('',#3329);
#891=VERTEX_POINT('',#3333);
#892=VERTEX_POINT('',#3337);
#893=VERTEX_POINT('',#3341);
#894=VERTEX_POINT('',#3344);
#895=VERTEX_POINT('',#3348);
#896=VERTEX_POINT('',#3349);
#897=VERTEX_POINT('',#3351);
#898=VERTEX_POINT('',#3353);
#899=VERTEX_POINT('',#3355);
#900=VERTEX_POINT('',#3357);
#901=VERTEX_POINT('',#3361);
#902=VERTEX_POINT('',#3362);
#903=VERTEX_POINT('',#3364);
#904=VERTEX_POINT('',#3366);
#905=VERTEX_POINT('',#3396);
#906=VERTEX_POINT('',#3397);
#907=VERTEX_POINT('',#3399);
#908=VERTEX_POINT('',#3401);
#909=VERTEX_POINT('',#3405);
#910=VERTEX_POINT('',#3406);
#911=VERTEX_POINT('',#3408);
#912=VERTEX_POINT('',#3410);
#913=VERTEX_POINT('',#3414);
#914=VERTEX_POINT('',#3420);
#915=VERTEX_POINT('',#3421);
#916=VERTEX_POINT('',#3423);
#917=VERTEX_POINT('',#3425);
#918=VERTEX_POINT('',#3427);
#919=VERTEX_POINT('',#3429);
#920=VERTEX_POINT('',#3431);
#921=VERTEX_POINT('',#3433);
#922=VERTEX_POINT('',#3435);
#923=VERTEX_POINT('',#3437);
#924=VERTEX_POINT('',#3439);
#925=VERTEX_POINT('',#3441);
#926=VERTEX_POINT('',#3443);
#927=VERTEX_POINT('',#3445);
#928=VERTEX_POINT('',#3447);
#929=VERTEX_POINT('',#3449);
#930=VERTEX_POINT('',#3452);
#931=VERTEX_POINT('',#3454);
#932=VERTEX_POINT('',#3456);
#933=VERTEX_POINT('',#3459);
#934=VERTEX_POINT('',#3461);
#935=VERTEX_POINT('',#3463);
#936=VERTEX_POINT('',#3464);
#937=VERTEX_POINT('',#3466);
#938=VERTEX_POINT('',#3468);
#939=VERTEX_POINT('',#3470);
#940=VERTEX_POINT('',#3472);
#941=VERTEX_POINT('',#3474);
#942=VERTEX_POINT('',#3476);
#943=VERTEX_POINT('',#3478);
#944=VERTEX_POINT('',#3480);
#945=VERTEX_POINT('',#3482);
#946=VERTEX_POINT('',#3484);
#947=VERTEX_POINT('',#3486);
#948=VERTEX_POINT('',#3488);
#949=VERTEX_POINT('',#3490);
#950=VERTEX_POINT('',#3492);
#951=VERTEX_POINT('',#3495);
#952=VERTEX_POINT('',#3497);
#953=VERTEX_POINT('',#3538);
#954=VERTEX_POINT('',#3542);
#955=VERTEX_POINT('',#3545);
#956=VERTEX_POINT('',#3553);
#957=VERTEX_POINT('',#3555);
#958=VERTEX_POINT('',#3559);
#959=VERTEX_POINT('',#3563);
#960=VERTEX_POINT('',#3567);
#961=VERTEX_POINT('',#3571);
#962=VERTEX_POINT('',#3575);
#963=VERTEX_POINT('',#3579);
#964=VERTEX_POINT('',#3583);
#965=VERTEX_POINT('',#3587);
#966=VERTEX_POINT('',#3591);
#967=VERTEX_POINT('',#3595);
#968=VERTEX_POINT('',#3599);
#969=VERTEX_POINT('',#3603);
#970=VERTEX_POINT('',#3607);
#971=VERTEX_POINT('',#3611);
#972=VERTEX_POINT('',#3615);
#973=VERTEX_POINT('',#3619);
#974=VERTEX_POINT('',#3623);
#975=VERTEX_POINT('',#3627);
#976=VERTEX_POINT('',#3631);
#977=VERTEX_POINT('',#3635);
#978=VERTEX_POINT('',#3639);
#979=VERTEX_POINT('',#3643);
#980=VERTEX_POINT('',#3647);
#981=VERTEX_POINT('',#3651);
#982=VERTEX_POINT('',#3655);
#983=VERTEX_POINT('',#3659);
#984=VERTEX_POINT('',#3663);
#985=VERTEX_POINT('',#3667);
#986=VERTEX_POINT('',#3671);
#987=VERTEX_POINT('',#3675);
#988=VERTEX_POINT('',#3679);
#989=VERTEX_POINT('',#3683);
#990=VERTEX_POINT('',#3687);
#991=VERTEX_POINT('',#3691);
#992=VERTEX_POINT('',#3695);
#993=VERTEX_POINT('',#3699);
#994=VERTEX_POINT('',#3703);
#995=VERTEX_POINT('',#3707);
#996=VERTEX_POINT('',#3711);
#997=VERTEX_POINT('',#3715);
#998=VERTEX_POINT('',#3719);
#999=VERTEX_POINT('',#3723);
#1000=VERTEX_POINT('',#3727);
#1001=VERTEX_POINT('',#3731);
#1002=VERTEX_POINT('',#3735);
#1003=VERTEX_POINT('',#3739);
#1004=VERTEX_POINT('',#3743);
#1005=VERTEX_POINT('',#3747);
#1006=VERTEX_POINT('',#3751);
#1007=VERTEX_POINT('',#3755);
#1008=VERTEX_POINT('',#3759);
#1009=VERTEX_POINT('',#3763);
#1010=VERTEX_POINT('',#3767);
#1011=VERTEX_POINT('',#3771);
#1012=VERTEX_POINT('',#3775);
#1013=VERTEX_POINT('',#3779);
#1014=VERTEX_POINT('',#3786);
#1015=VERTEX_POINT('',#3787);
#1016=VERTEX_POINT('',#3806);
#1017=VERTEX_POINT('',#3817);
#1018=VERTEX_POINT('',#3819);
#1019=VERTEX_POINT('',#3833);
#1020=VERTEX_POINT('',#3834);
#1021=VERTEX_POINT('',#3853);
#1022=VERTEX_POINT('',#3864);
#1023=VERTEX_POINT('',#3866);
#1024=VERTEX_POINT('',#3880);
#1025=VERTEX_POINT('',#3884);
#1026=VERTEX_POINT('',#3888);
#1027=VERTEX_POINT('',#3890);
#1028=EDGE_CURVE('',#845,#846,#660,.T.);
#1029=EDGE_CURVE('',#847,#845,#444,.T.);
#1030=EDGE_CURVE('',#848,#847,#661,.T.);
#1031=EDGE_CURVE('',#848,#846,#445,.T.);
#1032=EDGE_CURVE('',#846,#849,#446,.T.);
#1033=EDGE_CURVE('',#850,#848,#447,.T.);
#1034=EDGE_CURVE('',#850,#849,#448,.T.);
#1035=EDGE_CURVE('',#851,#851,#662,.T.);
#1036=EDGE_CURVE('',#852,#852,#663,.T.);
#1037=EDGE_CURVE('',#849,#853,#664,.T.);
#1038=EDGE_CURVE('',#854,#850,#665,.T.);
#1039=EDGE_CURVE('',#854,#853,#449,.T.);
#1040=EDGE_CURVE('',#853,#855,#450,.T.);
#1041=EDGE_CURVE('',#854,#856,#451,.T.);
#1042=EDGE_CURVE('',#857,#856,#452,.T.);
#1043=EDGE_CURVE('',#858,#857,#453,.T.);
#1044=EDGE_CURVE('',#855,#858,#454,.T.);
#1045=EDGE_CURVE('',#859,#859,#666,.T.);
#1046=EDGE_CURVE('',#860,#860,#667,.T.);
#1047=EDGE_CURVE('',#861,#847,#455,.T.);
#1048=EDGE_CURVE('',#856,#861,#456,.T.);
#1049=EDGE_CURVE('',#862,#863,#457,.T.);
#1050=EDGE_CURVE('',#863,#857,#458,.T.);
#1051=EDGE_CURVE('',#861,#864,#459,.T.);
#1052=EDGE_CURVE('',#864,#865,#460,.T.);
#1053=EDGE_CURVE('',#865,#866,#461,.T.);
#1054=EDGE_CURVE('',#866,#862,#462,.T.);
#1055=EDGE_CURVE('',#867,#867,#668,.T.);
#1056=EDGE_CURVE('',#868,#868,#669,.T.);
#1057=EDGE_CURVE('',#851,#867,#463,.T.);
#1058=EDGE_CURVE('',#852,#868,#464,.T.);
#1059=EDGE_CURVE('',#869,#869,#670,.T.);
#1060=EDGE_CURVE('',#869,#860,#465,.T.);
#1061=EDGE_CURVE('',#870,#870,#671,.T.);
#1062=EDGE_CURVE('',#870,#871,#466,.T.);
#1063=EDGE_CURVE('',#871,#871,#672,.T.);
#1064=EDGE_CURVE('',#872,#872,#673,.T.);
#1065=EDGE_CURVE('',#872,#859,#467,.T.);
#1066=EDGE_CURVE('',#873,#873,#674,.T.);
#1067=EDGE_CURVE('',#873,#874,#468,.T.);
#1068=EDGE_CURVE('',#874,#874,#675,.T.);
#1069=EDGE_CURVE('',#875,#876,#469,.T.);
#1070=EDGE_CURVE('',#876,#864,#470,.T.);
#1071=EDGE_CURVE('',#845,#875,#471,.T.);
#1072=EDGE_CURVE('',#877,#855,#472,.T.);
#1073=EDGE_CURVE('',#878,#877,#473,.T.);
#1074=EDGE_CURVE('',#879,#878,#676,.T.);
#1075=EDGE_CURVE('',#880,#879,#474,.T.);
#1076=EDGE_CURVE('',#881,#880,#677,.T.);
#1077=EDGE_CURVE('',#882,#881,#475,.T.);
#1078=EDGE_CURVE('',#883,#882,#678,.T.);
#1079=EDGE_CURVE('',#884,#883,#476,.T.);
#1080=EDGE_CURVE('',#885,#884,#679,.T.);
#1081=EDGE_CURVE('',#885,#862,#477,.T.);
#1082=EDGE_CURVE('',#886,#866,#478,.T.);
#1083=EDGE_CURVE('',#875,#886,#479,.T.);
#1084=EDGE_CURVE('',#887,#888,#680,.T.);
#1085=EDGE_CURVE('',#889,#887,#480,.T.);
#1086=EDGE_CURVE('',#890,#889,#681,.T.);
#1087=EDGE_CURVE('',#888,#890,#481,.T.);
#1088=EDGE_CURVE('',#865,#891,#482,.T.);
#1089=EDGE_CURVE('',#886,#891,#483,.T.);
#1090=EDGE_CURVE('',#877,#892,#484,.T.);
#1091=EDGE_CURVE('',#858,#892,#485,.T.);
#1092=EDGE_CURVE('',#878,#893,#486,.T.);
#1093=EDGE_CURVE('',#892,#863,#487,.T.);
#1094=EDGE_CURVE('',#885,#894,#488,.T.);
#1095=EDGE_CURVE('',#893,#894,#489,.T.);
#1096=EDGE_CURVE('',#895,#896,#490,.T.);
#1097=EDGE_CURVE('',#896,#897,#682,.T.);
#1098=EDGE_CURVE('',#897,#898,#491,.T.);
#1099=EDGE_CURVE('',#898,#899,#683,.T.);
#1100=EDGE_CURVE('',#899,#900,#492,.T.);
#1101=EDGE_CURVE('',#900,#893,#684,.T.);
#1102=EDGE_CURVE('',#894,#895,#685,.T.);
#1103=EDGE_CURVE('',#901,#902,#493,.T.);
#1104=EDGE_CURVE('',#902,#903,#686,.T.);
#1105=EDGE_CURVE('',#903,#904,#494,.T.);
#1106=EDGE_CURVE('',#904,#901,#687,.T.);
#1107=EDGE_CURVE('',#891,#876,#495,.T.);
#1108=EDGE_CURVE('',#887,#904,#496,.T.);
#1109=EDGE_CURVE('',#889,#903,#497,.T.);
#1110=EDGE_CURVE('',#890,#902,#498,.T.);
#1111=EDGE_CURVE('',#888,#901,#499,.T.);
#1112=EDGE_CURVE('',#879,#900,#500,.T.);
#1113=EDGE_CURVE('',#880,#899,#501,.T.);
#1114=EDGE_CURVE('',#881,#898,#502,.T.);
#1115=EDGE_CURVE('',#882,#897,#503,.T.);
#1116=EDGE_CURVE('',#883,#896,#504,.T.);
#1117=EDGE_CURVE('',#884,#895,#505,.T.);
#1118=EDGE_CURVE('',#905,#906,#506,.T.);
#1119=EDGE_CURVE('',#907,#905,#507,.T.);
#1120=EDGE_CURVE('',#908,#907,#508,.T.);
#1121=EDGE_CURVE('',#906,#908,#509,.T.);
#1122=EDGE_CURVE('',#909,#910,#510,.T.);
#1123=EDGE_CURVE('',#911,#909,#511,.T.);
#1124=EDGE_CURVE('',#912,#911,#512,.T.);
#1125=EDGE_CURVE('',#910,#912,#513,.T.);
#1126=EDGE_CURVE('',#913,#911,#514,.T.);
#1127=EDGE_CURVE('',#908,#913,#515,.T.);
#1128=EDGE_CURVE('',#912,#907,#516,.T.);
#1129=EDGE_CURVE('',#905,#910,#688,.T.);
#1130=EDGE_CURVE('',#914,#915,#689,.T.);
#1131=EDGE_CURVE('',#916,#914,#517,.T.);
#1132=EDGE_CURVE('',#917,#916,#690,.T.);
#1133=EDGE_CURVE('',#918,#917,#691,.T.);
#1134=EDGE_CURVE('',#919,#918,#692,.T.);
#1135=EDGE_CURVE('',#920,#919,#518,.T.);
#1136=EDGE_CURVE('',#921,#920,#693,.T.);
#1137=EDGE_CURVE('',#922,#921,#694,.T.);
#1138=EDGE_CURVE('',#923,#922,#695,.T.);
#1139=EDGE_CURVE('',#924,#923,#519,.T.);
#1140=EDGE_CURVE('',#925,#924,#696,.T.);
#1141=EDGE_CURVE('',#926,#925,#697,.T.);
#1142=EDGE_CURVE('',#927,#926,#698,.T.);
#1143=EDGE_CURVE('',#928,#927,#520,.T.);
#1144=EDGE_CURVE('',#929,#928,#699,.T.);
#1145=EDGE_CURVE('',#915,#929,#700,.T.);
#1146=EDGE_CURVE('',#930,#930,#701,.T.);
#1147=EDGE_CURVE('',#931,#931,#702,.T.);
#1148=EDGE_CURVE('',#932,#932,#703,.T.);
#1149=EDGE_CURVE('',#933,#933,#704,.T.);
#1150=EDGE_CURVE('',#934,#934,#705,.T.);
#1151=EDGE_CURVE('',#935,#936,#706,.T.);
#1152=EDGE_CURVE('',#936,#937,#707,.T.);
#1153=EDGE_CURVE('',#937,#938,#521,.T.);
#1154=EDGE_CURVE('',#938,#939,#708,.T.);
#1155=EDGE_CURVE('',#939,#940,#709,.T.);
#1156=EDGE_CURVE('',#940,#941,#710,.T.);
#1157=EDGE_CURVE('',#941,#942,#522,.T.);
#1158=EDGE_CURVE('',#942,#943,#711,.T.);
#1159=EDGE_CURVE('',#943,#944,#712,.T.);
#1160=EDGE_CURVE('',#944,#945,#713,.T.);
#1161=EDGE_CURVE('',#945,#946,#523,.T.);
#1162=EDGE_CURVE('',#946,#947,#714,.T.);
#1163=EDGE_CURVE('',#947,#948,#715,.T.);
#1164=EDGE_CURVE('',#948,#949,#716,.T.);
#1165=EDGE_CURVE('',#949,#950,#524,.T.);
#1166=EDGE_CURVE('',#950,#935,#717,.T.);
#1167=EDGE_CURVE('',#951,#951,#718,.T.);
#1168=EDGE_CURVE('',#952,#952,#719,.T.);
#1169=EDGE_CURVE('',#950,#914,#525,.T.);
#1170=EDGE_CURVE('',#949,#916,#526,.T.);
#1171=EDGE_CURVE('',#935,#915,#527,.T.);
#1172=EDGE_CURVE('',#934,#930,#528,.T.);
#1173=EDGE_CURVE('',#952,#932,#529,.T.);
#1174=EDGE_CURVE('',#945,#920,#530,.T.);
#1175=EDGE_CURVE('',#944,#921,#531,.T.);
#1176=EDGE_CURVE('',#946,#919,#532,.T.);
#1177=EDGE_CURVE('',#947,#918,#533,.T.);
#1178=EDGE_CURVE('',#948,#917,#534,.T.);
#1179=EDGE_CURVE('',#938,#927,#535,.T.);
#1180=EDGE_CURVE('',#937,#928,#536,.T.);
#1181=EDGE_CURVE('',#936,#929,#537,.T.);
#1182=EDGE_CURVE('',#951,#931,#538,.T.);
#1183=EDGE_CURVE('',#943,#922,#539,.T.);
#1184=EDGE_CURVE('',#942,#923,#540,.T.);
#1185=EDGE_CURVE('',#941,#924,#541,.T.);
#1186=EDGE_CURVE('',#940,#925,#542,.T.);
#1187=EDGE_CURVE('',#939,#926,#543,.T.);
#1188=EDGE_CURVE('',#953,#953,#720,.T.);
#1189=EDGE_CURVE('',#953,#933,#544,.T.);
#1190=EDGE_CURVE('',#954,#954,#721,.T.);
#1191=EDGE_CURVE('',#913,#955,#722,.T.);
#1192=EDGE_CURVE('',#955,#913,#723,.T.);
#1193=EDGE_CURVE('',#955,#954,#545,.T.);
#1194=EDGE_CURVE('',#906,#909,#724,.T.);
#1195=EDGE_CURVE('',#956,#956,#725,.T.);
#1196=EDGE_CURVE('',#956,#957,#726,.T.);
#1197=EDGE_CURVE('',#957,#957,#727,.T.);
#1198=EDGE_CURVE('',#958,#958,#728,.T.);
#1199=EDGE_CURVE('',#958,#956,#729,.T.);
#1200=EDGE_CURVE('',#959,#959,#730,.T.);
#1201=EDGE_CURVE('',#959,#958,#731,.T.);
#1202=EDGE_CURVE('',#960,#960,#732,.T.);
#1203=EDGE_CURVE('',#960,#959,#733,.T.);
#1204=EDGE_CURVE('',#961,#961,#734,.T.);
#1205=EDGE_CURVE('',#961,#960,#735,.T.);
#1206=EDGE_CURVE('',#962,#962,#736,.T.);
#1207=EDGE_CURVE('',#962,#961,#737,.T.);
#1208=EDGE_CURVE('',#963,#963,#738,.T.);
#1209=EDGE_CURVE('',#963,#962,#739,.T.);
#1210=EDGE_CURVE('',#964,#964,#740,.T.);
#1211=EDGE_CURVE('',#964,#963,#741,.T.);
#1212=EDGE_CURVE('',#965,#965,#742,.T.);
#1213=EDGE_CURVE('',#965,#964,#743,.T.);
#1214=EDGE_CURVE('',#966,#966,#744,.T.);
#1215=EDGE_CURVE('',#966,#965,#745,.T.);
#1216=EDGE_CURVE('',#967,#967,#746,.T.);
#1217=EDGE_CURVE('',#967,#966,#747,.T.);
#1218=EDGE_CURVE('',#968,#968,#748,.T.);
#1219=EDGE_CURVE('',#968,#967,#749,.T.);
#1220=EDGE_CURVE('',#969,#969,#750,.T.);
#1221=EDGE_CURVE('',#969,#968,#751,.T.);
#1222=EDGE_CURVE('',#970,#970,#752,.T.);
#1223=EDGE_CURVE('',#970,#969,#753,.T.);
#1224=EDGE_CURVE('',#971,#971,#754,.T.);
#1225=EDGE_CURVE('',#971,#970,#755,.T.);
#1226=EDGE_CURVE('',#972,#972,#756,.T.);
#1227=EDGE_CURVE('',#972,#971,#757,.T.);
#1228=EDGE_CURVE('',#973,#973,#758,.T.);
#1229=EDGE_CURVE('',#973,#972,#759,.T.);
#1230=EDGE_CURVE('',#974,#974,#760,.T.);
#1231=EDGE_CURVE('',#974,#973,#761,.T.);
#1232=EDGE_CURVE('',#975,#975,#762,.T.);
#1233=EDGE_CURVE('',#975,#974,#763,.T.);
#1234=EDGE_CURVE('',#976,#976,#764,.T.);
#1235=EDGE_CURVE('',#976,#975,#765,.T.);
#1236=EDGE_CURVE('',#977,#977,#766,.T.);
#1237=EDGE_CURVE('',#977,#976,#767,.T.);
#1238=EDGE_CURVE('',#978,#978,#768,.T.);
#1239=EDGE_CURVE('',#978,#977,#769,.T.);
#1240=EDGE_CURVE('',#979,#979,#770,.T.);
#1241=EDGE_CURVE('',#979,#978,#771,.T.);
#1242=EDGE_CURVE('',#980,#980,#772,.T.);
#1243=EDGE_CURVE('',#980,#979,#773,.T.);
#1244=EDGE_CURVE('',#981,#981,#774,.T.);
#1245=EDGE_CURVE('',#981,#980,#775,.T.);
#1246=EDGE_CURVE('',#982,#982,#776,.T.);
#1247=EDGE_CURVE('',#982,#981,#777,.T.);
#1248=EDGE_CURVE('',#983,#983,#778,.T.);
#1249=EDGE_CURVE('',#983,#982,#779,.T.);
#1250=EDGE_CURVE('',#984,#984,#780,.T.);
#1251=EDGE_CURVE('',#984,#983,#781,.T.);
#1252=EDGE_CURVE('',#985,#985,#782,.T.);
#1253=EDGE_CURVE('',#985,#984,#783,.T.);
#1254=EDGE_CURVE('',#986,#986,#784,.T.);
#1255=EDGE_CURVE('',#986,#985,#785,.T.);
#1256=EDGE_CURVE('',#987,#987,#786,.T.);
#1257=EDGE_CURVE('',#987,#986,#787,.T.);
#1258=EDGE_CURVE('',#988,#988,#788,.T.);
#1259=EDGE_CURVE('',#988,#987,#789,.T.);
#1260=EDGE_CURVE('',#989,#989,#790,.T.);
#1261=EDGE_CURVE('',#989,#988,#791,.T.);
#1262=EDGE_CURVE('',#990,#990,#792,.T.);
#1263=EDGE_CURVE('',#990,#989,#793,.T.);
#1264=EDGE_CURVE('',#991,#991,#794,.T.);
#1265=EDGE_CURVE('',#991,#990,#795,.T.);
#1266=EDGE_CURVE('',#992,#992,#796,.T.);
#1267=EDGE_CURVE('',#992,#991,#797,.T.);
#1268=EDGE_CURVE('',#993,#993,#798,.T.);
#1269=EDGE_CURVE('',#993,#992,#799,.T.);
#1270=EDGE_CURVE('',#994,#994,#800,.T.);
#1271=EDGE_CURVE('',#994,#993,#801,.T.);
#1272=EDGE_CURVE('',#995,#995,#802,.T.);
#1273=EDGE_CURVE('',#995,#994,#803,.T.);
#1274=EDGE_CURVE('',#996,#996,#804,.T.);
#1275=EDGE_CURVE('',#996,#995,#805,.T.);
#1276=EDGE_CURVE('',#997,#997,#806,.T.);
#1277=EDGE_CURVE('',#997,#996,#807,.T.);
#1278=EDGE_CURVE('',#998,#998,#808,.T.);
#1279=EDGE_CURVE('',#998,#997,#809,.T.);
#1280=EDGE_CURVE('',#999,#999,#810,.T.);
#1281=EDGE_CURVE('',#999,#998,#811,.T.);
#1282=EDGE_CURVE('',#1000,#1000,#812,.T.);
#1283=EDGE_CURVE('',#1000,#999,#813,.T.);
#1284=EDGE_CURVE('',#1001,#1001,#814,.T.);
#1285=EDGE_CURVE('',#1001,#1000,#815,.T.);
#1286=EDGE_CURVE('',#1002,#1002,#816,.T.);
#1287=EDGE_CURVE('',#1002,#1001,#817,.T.);
#1288=EDGE_CURVE('',#1003,#1003,#818,.T.);
#1289=EDGE_CURVE('',#1003,#1002,#819,.T.);
#1290=EDGE_CURVE('',#1004,#1004,#820,.T.);
#1291=EDGE_CURVE('',#1004,#1003,#821,.T.);
#1292=EDGE_CURVE('',#1005,#1005,#822,.T.);
#1293=EDGE_CURVE('',#1005,#1004,#823,.T.);
#1294=EDGE_CURVE('',#1006,#1006,#824,.T.);
#1295=EDGE_CURVE('',#1006,#1005,#825,.T.);
#1296=EDGE_CURVE('',#1007,#1007,#826,.T.);
#1297=EDGE_CURVE('',#1007,#1006,#827,.T.);
#1298=EDGE_CURVE('',#1008,#1008,#828,.T.);
#1299=EDGE_CURVE('',#1008,#1007,#829,.T.);
#1300=EDGE_CURVE('',#1009,#1009,#830,.T.);
#1301=EDGE_CURVE('',#1009,#1008,#831,.T.);
#1302=EDGE_CURVE('',#1010,#1010,#832,.T.);
#1303=EDGE_CURVE('',#1010,#1009,#833,.T.);
#1304=EDGE_CURVE('',#1011,#1011,#834,.T.);
#1305=EDGE_CURVE('',#1011,#1010,#835,.T.);
#1306=EDGE_CURVE('',#1012,#1012,#836,.T.);
#1307=EDGE_CURVE('',#1012,#1011,#837,.T.);
#1308=EDGE_CURVE('',#1013,#1013,#838,.T.);
#1309=EDGE_CURVE('',#1013,#1012,#839,.T.);
#1310=EDGE_CURVE('',#957,#1013,#840,.T.);
#1311=EDGE_CURVE('',#1014,#1015,#31,.T.);
#1312=EDGE_CURVE('',#1016,#1014,#32,.T.);
#1313=EDGE_CURVE('',#1016,#1017,#546,.T.);
#1314=EDGE_CURVE('',#1018,#1017,#27,.T.);
#1315=EDGE_CURVE('',#1017,#1018,#28,.T.);
#1316=EDGE_CURVE('',#1015,#1016,#33,.T.);
#1317=EDGE_CURVE('',#1019,#1020,#34,.T.);
#1318=EDGE_CURVE('',#1021,#1019,#35,.T.);
#1319=EDGE_CURVE('',#1021,#1022,#547,.T.);
#1320=EDGE_CURVE('',#1023,#1022,#29,.T.);
#1321=EDGE_CURVE('',#1022,#1023,#30,.T.);
#1322=EDGE_CURVE('',#1020,#1021,#36,.T.);
#1323=EDGE_CURVE('',#1024,#1024,#841,.T.);
#1324=EDGE_CURVE('',#1024,#1022,#548,.T.);
#1325=EDGE_CURVE('',#1022,#1017,#549,.T.);
#1326=EDGE_CURVE('',#1017,#1025,#550,.T.);
#1327=EDGE_CURVE('',#1025,#1025,#842,.T.);
#1328=EDGE_CURVE('',#1026,#1026,#843,.T.);
#1329=EDGE_CURVE('',#1026,#1027,#551,.T.);
#1330=EDGE_CURVE('',#1027,#1027,#844,.T.);
#1331=ORIENTED_EDGE('',*,*,#1028,.F.);
#1332=ORIENTED_EDGE('',*,*,#1029,.F.);
#1333=ORIENTED_EDGE('',*,*,#1030,.F.);
#1334=ORIENTED_EDGE('',*,*,#1031,.T.);
#1335=ORIENTED_EDGE('',*,*,#1032,.F.);
#1336=ORIENTED_EDGE('',*,*,#1031,.F.);
#1337=ORIENTED_EDGE('',*,*,#1033,.F.);
#1338=ORIENTED_EDGE('',*,*,#1034,.T.);
#1339=ORIENTED_EDGE('',*,*,#1035,.F.);
#1340=ORIENTED_EDGE('',*,*,#1036,.F.);
#1341=ORIENTED_EDGE('',*,*,#1037,.F.);
#1342=ORIENTED_EDGE('',*,*,#1034,.F.);
#1343=ORIENTED_EDGE('',*,*,#1038,.F.);
#1344=ORIENTED_EDGE('',*,*,#1039,.T.);
#1345=ORIENTED_EDGE('',*,*,#1040,.F.);
#1346=ORIENTED_EDGE('',*,*,#1039,.F.);
#1347=ORIENTED_EDGE('',*,*,#1041,.T.);
#1348=ORIENTED_EDGE('',*,*,#1042,.F.);
#1349=ORIENTED_EDGE('',*,*,#1043,.F.);
#1350=ORIENTED_EDGE('',*,*,#1044,.F.);
#1351=ORIENTED_EDGE('',*,*,#1045,.T.);
#1352=ORIENTED_EDGE('',*,*,#1046,.T.);
#1353=ORIENTED_EDGE('',*,*,#1038,.T.);
#1354=ORIENTED_EDGE('',*,*,#1033,.T.);
#1355=ORIENTED_EDGE('',*,*,#1030,.T.);
#1356=ORIENTED_EDGE('',*,*,#1047,.F.);
#1357=ORIENTED_EDGE('',*,*,#1048,.F.);
#1358=ORIENTED_EDGE('',*,*,#1041,.F.);
#1359=ORIENTED_EDGE('',*,*,#1049,.T.);
#1360=ORIENTED_EDGE('',*,*,#1050,.T.);
#1361=ORIENTED_EDGE('',*,*,#1042,.T.);
#1362=ORIENTED_EDGE('',*,*,#1048,.T.);
#1363=ORIENTED_EDGE('',*,*,#1051,.T.);
#1364=ORIENTED_EDGE('',*,*,#1052,.T.);
#1365=ORIENTED_EDGE('',*,*,#1053,.T.);
#1366=ORIENTED_EDGE('',*,*,#1054,.T.);
#1367=ORIENTED_EDGE('',*,*,#1055,.T.);
#1368=ORIENTED_EDGE('',*,*,#1056,.T.);
#1369=ORIENTED_EDGE('',*,*,#1035,.T.);
#1370=ORIENTED_EDGE('',*,*,#1057,.T.);
#1371=ORIENTED_EDGE('',*,*,#1055,.F.);
#1372=ORIENTED_EDGE('',*,*,#1057,.F.);
#1373=ORIENTED_EDGE('',*,*,#1036,.T.);
#1374=ORIENTED_EDGE('',*,*,#1058,.T.);
#1375=ORIENTED_EDGE('',*,*,#1056,.F.);
#1376=ORIENTED_EDGE('',*,*,#1058,.F.);
#1377=ORIENTED_EDGE('',*,*,#1059,.F.);
#1378=ORIENTED_EDGE('',*,*,#1060,.T.);
#1379=ORIENTED_EDGE('',*,*,#1046,.F.);
#1380=ORIENTED_EDGE('',*,*,#1060,.F.);
#1381=ORIENTED_EDGE('',*,*,#1061,.F.);
#1382=ORIENTED_EDGE('',*,*,#1062,.T.);
#1383=ORIENTED_EDGE('',*,*,#1063,.F.);
#1384=ORIENTED_EDGE('',*,*,#1062,.F.);
#1385=ORIENTED_EDGE('',*,*,#1064,.F.);
#1386=ORIENTED_EDGE('',*,*,#1065,.T.);
#1387=ORIENTED_EDGE('',*,*,#1045,.F.);
#1388=ORIENTED_EDGE('',*,*,#1065,.F.);
#1389=ORIENTED_EDGE('',*,*,#1066,.F.);
#1390=ORIENTED_EDGE('',*,*,#1067,.T.);
#1391=ORIENTED_EDGE('',*,*,#1068,.F.);
#1392=ORIENTED_EDGE('',*,*,#1067,.F.);
#1393=ORIENTED_EDGE('',*,*,#1069,.T.);
#1394=ORIENTED_EDGE('',*,*,#1070,.T.);
#1395=ORIENTED_EDGE('',*,*,#1051,.F.);
#1396=ORIENTED_EDGE('',*,*,#1047,.T.);
#1397=ORIENTED_EDGE('',*,*,#1029,.T.);
#1398=ORIENTED_EDGE('',*,*,#1071,.T.);
#1399=ORIENTED_EDGE('',*,*,#1061,.T.);
#1400=ORIENTED_EDGE('',*,*,#1066,.T.);
#1401=ORIENTED_EDGE('',*,*,#1040,.T.);
#1402=ORIENTED_EDGE('',*,*,#1072,.F.);
#1403=ORIENTED_EDGE('',*,*,#1073,.F.);
#1404=ORIENTED_EDGE('',*,*,#1074,.F.);
#1405=ORIENTED_EDGE('',*,*,#1075,.F.);
#1406=ORIENTED_EDGE('',*,*,#1076,.F.);
#1407=ORIENTED_EDGE('',*,*,#1077,.F.);
#1408=ORIENTED_EDGE('',*,*,#1078,.F.);
#1409=ORIENTED_EDGE('',*,*,#1079,.F.);
#1410=ORIENTED_EDGE('',*,*,#1080,.F.);
#1411=ORIENTED_EDGE('',*,*,#1081,.T.);
#1412=ORIENTED_EDGE('',*,*,#1054,.F.);
#1413=ORIENTED_EDGE('',*,*,#1082,.F.);
#1414=ORIENTED_EDGE('',*,*,#1083,.F.);
#1415=ORIENTED_EDGE('',*,*,#1071,.F.);
#1416=ORIENTED_EDGE('',*,*,#1028,.T.);
#1417=ORIENTED_EDGE('',*,*,#1032,.T.);
#1418=ORIENTED_EDGE('',*,*,#1037,.T.);
#1419=ORIENTED_EDGE('',*,*,#1084,.F.);
#1420=ORIENTED_EDGE('',*,*,#1085,.F.);
#1421=ORIENTED_EDGE('',*,*,#1086,.F.);
#1422=ORIENTED_EDGE('',*,*,#1087,.F.);
#1423=ORIENTED_EDGE('',*,*,#1088,.T.);
#1424=ORIENTED_EDGE('',*,*,#1089,.F.);
#1425=ORIENTED_EDGE('',*,*,#1082,.T.);
#1426=ORIENTED_EDGE('',*,*,#1053,.F.);
#1427=ORIENTED_EDGE('',*,*,#1063,.T.);
#1428=ORIENTED_EDGE('',*,*,#1068,.T.);
#1429=ORIENTED_EDGE('',*,*,#1090,.F.);
#1430=ORIENTED_EDGE('',*,*,#1072,.T.);
#1431=ORIENTED_EDGE('',*,*,#1044,.T.);
#1432=ORIENTED_EDGE('',*,*,#1091,.T.);
#1433=ORIENTED_EDGE('',*,*,#1092,.F.);
#1434=ORIENTED_EDGE('',*,*,#1073,.T.);
#1435=ORIENTED_EDGE('',*,*,#1090,.T.);
#1436=ORIENTED_EDGE('',*,*,#1093,.T.);
#1437=ORIENTED_EDGE('',*,*,#1049,.F.);
#1438=ORIENTED_EDGE('',*,*,#1081,.F.);
#1439=ORIENTED_EDGE('',*,*,#1094,.T.);
#1440=ORIENTED_EDGE('',*,*,#1095,.F.);
#1441=ORIENTED_EDGE('',*,*,#1059,.T.);
#1442=ORIENTED_EDGE('',*,*,#1064,.T.);
#1443=ORIENTED_EDGE('',*,*,#1096,.T.);
#1444=ORIENTED_EDGE('',*,*,#1097,.T.);
#1445=ORIENTED_EDGE('',*,*,#1098,.T.);
#1446=ORIENTED_EDGE('',*,*,#1099,.T.);
#1447=ORIENTED_EDGE('',*,*,#1100,.T.);
#1448=ORIENTED_EDGE('',*,*,#1101,.T.);
#1449=ORIENTED_EDGE('',*,*,#1095,.T.);
#1450=ORIENTED_EDGE('',*,*,#1102,.T.);
#1451=ORIENTED_EDGE('',*,*,#1103,.T.);
#1452=ORIENTED_EDGE('',*,*,#1104,.T.);
#1453=ORIENTED_EDGE('',*,*,#1105,.T.);
#1454=ORIENTED_EDGE('',*,*,#1106,.T.);
#1455=ORIENTED_EDGE('',*,*,#1089,.T.);
#1456=ORIENTED_EDGE('',*,*,#1107,.T.);
#1457=ORIENTED_EDGE('',*,*,#1069,.F.);
#1458=ORIENTED_EDGE('',*,*,#1083,.T.);
#1459=ORIENTED_EDGE('',*,*,#1085,.T.);
#1460=ORIENTED_EDGE('',*,*,#1108,.T.);
#1461=ORIENTED_EDGE('',*,*,#1105,.F.);
#1462=ORIENTED_EDGE('',*,*,#1109,.F.);
#1463=ORIENTED_EDGE('',*,*,#1086,.T.);
#1464=ORIENTED_EDGE('',*,*,#1109,.T.);
#1465=ORIENTED_EDGE('',*,*,#1104,.F.);
#1466=ORIENTED_EDGE('',*,*,#1110,.F.);
#1467=ORIENTED_EDGE('',*,*,#1087,.T.);
#1468=ORIENTED_EDGE('',*,*,#1110,.T.);
#1469=ORIENTED_EDGE('',*,*,#1103,.F.);
#1470=ORIENTED_EDGE('',*,*,#1111,.F.);
#1471=ORIENTED_EDGE('',*,*,#1084,.T.);
#1472=ORIENTED_EDGE('',*,*,#1111,.T.);
#1473=ORIENTED_EDGE('',*,*,#1106,.F.);
#1474=ORIENTED_EDGE('',*,*,#1108,.F.);
#1475=ORIENTED_EDGE('',*,*,#1075,.T.);
#1476=ORIENTED_EDGE('',*,*,#1112,.T.);
#1477=ORIENTED_EDGE('',*,*,#1100,.F.);
#1478=ORIENTED_EDGE('',*,*,#1113,.F.);
#1479=ORIENTED_EDGE('',*,*,#1076,.T.);
#1480=ORIENTED_EDGE('',*,*,#1113,.T.);
#1481=ORIENTED_EDGE('',*,*,#1099,.F.);
#1482=ORIENTED_EDGE('',*,*,#1114,.F.);
#1483=ORIENTED_EDGE('',*,*,#1077,.T.);
#1484=ORIENTED_EDGE('',*,*,#1114,.T.);
#1485=ORIENTED_EDGE('',*,*,#1098,.F.);
#1486=ORIENTED_EDGE('',*,*,#1115,.F.);
#1487=ORIENTED_EDGE('',*,*,#1078,.T.);
#1488=ORIENTED_EDGE('',*,*,#1115,.T.);
#1489=ORIENTED_EDGE('',*,*,#1097,.F.);
#1490=ORIENTED_EDGE('',*,*,#1116,.F.);
#1491=ORIENTED_EDGE('',*,*,#1079,.T.);
#1492=ORIENTED_EDGE('',*,*,#1116,.T.);
#1493=ORIENTED_EDGE('',*,*,#1096,.F.);
#1494=ORIENTED_EDGE('',*,*,#1117,.F.);
#1495=ORIENTED_EDGE('',*,*,#1080,.T.);
#1496=ORIENTED_EDGE('',*,*,#1117,.T.);
#1497=ORIENTED_EDGE('',*,*,#1102,.F.);
#1498=ORIENTED_EDGE('',*,*,#1094,.F.);
#1499=ORIENTED_EDGE('',*,*,#1074,.T.);
#1500=ORIENTED_EDGE('',*,*,#1092,.T.);
#1501=ORIENTED_EDGE('',*,*,#1101,.F.);
#1502=ORIENTED_EDGE('',*,*,#1112,.F.);
#1503=ORIENTED_EDGE('',*,*,#1088,.F.);
#1504=ORIENTED_EDGE('',*,*,#1052,.F.);
#1505=ORIENTED_EDGE('',*,*,#1070,.F.);
#1506=ORIENTED_EDGE('',*,*,#1107,.F.);
#1507=ORIENTED_EDGE('',*,*,#1091,.F.);
#1508=ORIENTED_EDGE('',*,*,#1043,.T.);
#1509=ORIENTED_EDGE('',*,*,#1050,.F.);
#1510=ORIENTED_EDGE('',*,*,#1093,.F.);
#1511=ORIENTED_EDGE('',*,*,#1118,.F.);
#1512=ORIENTED_EDGE('',*,*,#1119,.F.);
#1513=ORIENTED_EDGE('',*,*,#1120,.F.);
#1514=ORIENTED_EDGE('',*,*,#1121,.F.);
#1515=ORIENTED_EDGE('',*,*,#1122,.F.);
#1516=ORIENTED_EDGE('',*,*,#1123,.F.);
#1517=ORIENTED_EDGE('',*,*,#1124,.F.);
#1518=ORIENTED_EDGE('',*,*,#1125,.F.);
#1519=ORIENTED_EDGE('',*,*,#1126,.F.);
#1520=ORIENTED_EDGE('',*,*,#1127,.F.);
#1521=ORIENTED_EDGE('',*,*,#1120,.T.);
#1522=ORIENTED_EDGE('',*,*,#1128,.F.);
#1523=ORIENTED_EDGE('',*,*,#1124,.T.);
#1524=ORIENTED_EDGE('',*,*,#1119,.T.);
#1525=ORIENTED_EDGE('',*,*,#1129,.T.);
#1526=ORIENTED_EDGE('',*,*,#1125,.T.);
#1527=ORIENTED_EDGE('',*,*,#1128,.T.);
#1528=ORIENTED_EDGE('',*,*,#1130,.F.);
#1529=ORIENTED_EDGE('',*,*,#1131,.F.);
#1530=ORIENTED_EDGE('',*,*,#1132,.F.);
#1531=ORIENTED_EDGE('',*,*,#1133,.F.);
#1532=ORIENTED_EDGE('',*,*,#1134,.F.);
#1533=ORIENTED_EDGE('',*,*,#1135,.F.);
#1534=ORIENTED_EDGE('',*,*,#1136,.F.);
#1535=ORIENTED_EDGE('',*,*,#1137,.F.);
#1536=ORIENTED_EDGE('',*,*,#1138,.F.);
#1537=ORIENTED_EDGE('',*,*,#1139,.F.);
#1538=ORIENTED_EDGE('',*,*,#1140,.F.);
#1539=ORIENTED_EDGE('',*,*,#1141,.F.);
#1540=ORIENTED_EDGE('',*,*,#1142,.F.);
#1541=ORIENTED_EDGE('',*,*,#1143,.F.);
#1542=ORIENTED_EDGE('',*,*,#1144,.F.);
#1543=ORIENTED_EDGE('',*,*,#1145,.F.);
#1544=ORIENTED_EDGE('',*,*,#1146,.T.);
#1545=ORIENTED_EDGE('',*,*,#1147,.T.);
#1546=ORIENTED_EDGE('',*,*,#1148,.T.);
#1547=ORIENTED_EDGE('',*,*,#1149,.F.);
#1548=ORIENTED_EDGE('',*,*,#1150,.T.);
#1549=ORIENTED_EDGE('',*,*,#1151,.T.);
#1550=ORIENTED_EDGE('',*,*,#1152,.T.);
#1551=ORIENTED_EDGE('',*,*,#1153,.T.);
#1552=ORIENTED_EDGE('',*,*,#1154,.T.);
#1553=ORIENTED_EDGE('',*,*,#1155,.T.);
#1554=ORIENTED_EDGE('',*,*,#1156,.T.);
#1555=ORIENTED_EDGE('',*,*,#1157,.T.);
#1556=ORIENTED_EDGE('',*,*,#1158,.T.);
#1557=ORIENTED_EDGE('',*,*,#1159,.T.);
#1558=ORIENTED_EDGE('',*,*,#1160,.T.);
#1559=ORIENTED_EDGE('',*,*,#1161,.T.);
#1560=ORIENTED_EDGE('',*,*,#1162,.T.);
#1561=ORIENTED_EDGE('',*,*,#1163,.T.);
#1562=ORIENTED_EDGE('',*,*,#1164,.T.);
#1563=ORIENTED_EDGE('',*,*,#1165,.T.);
#1564=ORIENTED_EDGE('',*,*,#1166,.T.);
#1565=ORIENTED_EDGE('',*,*,#1167,.T.);
#1566=ORIENTED_EDGE('',*,*,#1168,.T.);
#1567=ORIENTED_EDGE('',*,*,#1131,.T.);
#1568=ORIENTED_EDGE('',*,*,#1169,.F.);
#1569=ORIENTED_EDGE('',*,*,#1165,.F.);
#1570=ORIENTED_EDGE('',*,*,#1170,.T.);
#1571=ORIENTED_EDGE('',*,*,#1130,.T.);
#1572=ORIENTED_EDGE('',*,*,#1171,.F.);
#1573=ORIENTED_EDGE('',*,*,#1166,.F.);
#1574=ORIENTED_EDGE('',*,*,#1169,.T.);
#1575=ORIENTED_EDGE('',*,*,#1150,.F.);
#1576=ORIENTED_EDGE('',*,*,#1172,.T.);
#1577=ORIENTED_EDGE('',*,*,#1146,.F.);
#1578=ORIENTED_EDGE('',*,*,#1172,.F.);
#1579=ORIENTED_EDGE('',*,*,#1168,.F.);
#1580=ORIENTED_EDGE('',*,*,#1173,.T.);
#1581=ORIENTED_EDGE('',*,*,#1148,.F.);
#1582=ORIENTED_EDGE('',*,*,#1173,.F.);
#1583=ORIENTED_EDGE('',*,*,#1136,.T.);
#1584=ORIENTED_EDGE('',*,*,#1174,.F.);
#1585=ORIENTED_EDGE('',*,*,#1160,.F.);
#1586=ORIENTED_EDGE('',*,*,#1175,.T.);
#1587=ORIENTED_EDGE('',*,*,#1135,.T.);
#1588=ORIENTED_EDGE('',*,*,#1176,.F.);
#1589=ORIENTED_EDGE('',*,*,#1161,.F.);
#1590=ORIENTED_EDGE('',*,*,#1174,.T.);
#1591=ORIENTED_EDGE('',*,*,#1134,.T.);
#1592=ORIENTED_EDGE('',*,*,#1177,.F.);
#1593=ORIENTED_EDGE('',*,*,#1162,.F.);
#1594=ORIENTED_EDGE('',*,*,#1176,.T.);
#1595=ORIENTED_EDGE('',*,*,#1133,.T.);
#1596=ORIENTED_EDGE('',*,*,#1178,.F.);
#1597=ORIENTED_EDGE('',*,*,#1163,.F.);
#1598=ORIENTED_EDGE('',*,*,#1177,.T.);
#1599=ORIENTED_EDGE('',*,*,#1132,.T.);
#1600=ORIENTED_EDGE('',*,*,#1170,.F.);
#1601=ORIENTED_EDGE('',*,*,#1164,.F.);
#1602=ORIENTED_EDGE('',*,*,#1178,.T.);
#1603=ORIENTED_EDGE('',*,*,#1143,.T.);
#1604=ORIENTED_EDGE('',*,*,#1179,.F.);
#1605=ORIENTED_EDGE('',*,*,#1153,.F.);
#1606=ORIENTED_EDGE('',*,*,#1180,.T.);
#1607=ORIENTED_EDGE('',*,*,#1144,.T.);
#1608=ORIENTED_EDGE('',*,*,#1180,.F.);
#1609=ORIENTED_EDGE('',*,*,#1152,.F.);
#1610=ORIENTED_EDGE('',*,*,#1181,.T.);
#1611=ORIENTED_EDGE('',*,*,#1167,.F.);
#1612=ORIENTED_EDGE('',*,*,#1182,.T.);
#1613=ORIENTED_EDGE('',*,*,#1147,.F.);
#1614=ORIENTED_EDGE('',*,*,#1182,.F.);
#1615=ORIENTED_EDGE('',*,*,#1138,.T.);
#1616=ORIENTED_EDGE('',*,*,#1183,.F.);
#1617=ORIENTED_EDGE('',*,*,#1158,.F.);
#1618=ORIENTED_EDGE('',*,*,#1184,.T.);
#1619=ORIENTED_EDGE('',*,*,#1139,.T.);
#1620=ORIENTED_EDGE('',*,*,#1184,.F.);
#1621=ORIENTED_EDGE('',*,*,#1157,.F.);
#1622=ORIENTED_EDGE('',*,*,#1185,.T.);
#1623=ORIENTED_EDGE('',*,*,#1140,.T.);
#1624=ORIENTED_EDGE('',*,*,#1185,.F.);
#1625=ORIENTED_EDGE('',*,*,#1156,.F.);
#1626=ORIENTED_EDGE('',*,*,#1186,.T.);
#1627=ORIENTED_EDGE('',*,*,#1141,.T.);
#1628=ORIENTED_EDGE('',*,*,#1186,.F.);
#1629=ORIENTED_EDGE('',*,*,#1155,.F.);
#1630=ORIENTED_EDGE('',*,*,#1187,.T.);
#1631=ORIENTED_EDGE('',*,*,#1142,.T.);
#1632=ORIENTED_EDGE('',*,*,#1187,.F.);
#1633=ORIENTED_EDGE('',*,*,#1154,.F.);
#1634=ORIENTED_EDGE('',*,*,#1179,.T.);
#1635=ORIENTED_EDGE('',*,*,#1175,.F.);
#1636=ORIENTED_EDGE('',*,*,#1159,.F.);
#1637=ORIENTED_EDGE('',*,*,#1183,.T.);
#1638=ORIENTED_EDGE('',*,*,#1137,.T.);
#1639=ORIENTED_EDGE('',*,*,#1171,.T.);
#1640=ORIENTED_EDGE('',*,*,#1145,.T.);
#1641=ORIENTED_EDGE('',*,*,#1181,.F.);
#1642=ORIENTED_EDGE('',*,*,#1151,.F.);
#1643=ORIENTED_EDGE('',*,*,#1188,.F.);
#1644=ORIENTED_EDGE('',*,*,#1189,.T.);
#1645=ORIENTED_EDGE('',*,*,#1149,.T.);
#1646=ORIENTED_EDGE('',*,*,#1189,.F.);
#1647=ORIENTED_EDGE('',*,*,#1188,.T.);
#1648=ORIENTED_EDGE('',*,*,#1190,.F.);
#1649=ORIENTED_EDGE('',*,*,#1191,.F.);
#1650=ORIENTED_EDGE('',*,*,#1192,.F.);
#1651=ORIENTED_EDGE('',*,*,#1193,.T.);
#1652=ORIENTED_EDGE('',*,*,#1190,.T.);
#1653=ORIENTED_EDGE('',*,*,#1193,.F.);
#1654=ORIENTED_EDGE('',*,*,#1121,.T.);
#1655=ORIENTED_EDGE('',*,*,#1127,.T.);
#1656=ORIENTED_EDGE('',*,*,#1191,.T.);
#1657=ORIENTED_EDGE('',*,*,#1192,.T.);
#1658=ORIENTED_EDGE('',*,*,#1126,.T.);
#1659=ORIENTED_EDGE('',*,*,#1123,.T.);
#1660=ORIENTED_EDGE('',*,*,#1194,.F.);
#1661=ORIENTED_EDGE('',*,*,#1118,.T.);
#1662=ORIENTED_EDGE('',*,*,#1194,.T.);
#1663=ORIENTED_EDGE('',*,*,#1122,.T.);
#1664=ORIENTED_EDGE('',*,*,#1129,.F.);
#1665=ORIENTED_EDGE('',*,*,#1195,.F.);
#1666=ORIENTED_EDGE('',*,*,#1196,.T.);
#1667=ORIENTED_EDGE('',*,*,#1197,.T.);
#1668=ORIENTED_EDGE('',*,*,#1196,.F.);
#1669=ORIENTED_EDGE('',*,*,#1198,.F.);
#1670=ORIENTED_EDGE('',*,*,#1199,.T.);
#1671=ORIENTED_EDGE('',*,*,#1195,.T.);
#1672=ORIENTED_EDGE('',*,*,#1199,.F.);
#1673=ORIENTED_EDGE('',*,*,#1200,.F.);
#1674=ORIENTED_EDGE('',*,*,#1201,.T.);
#1675=ORIENTED_EDGE('',*,*,#1198,.T.);
#1676=ORIENTED_EDGE('',*,*,#1201,.F.);
#1677=ORIENTED_EDGE('',*,*,#1202,.F.);
#1678=ORIENTED_EDGE('',*,*,#1203,.T.);
#1679=ORIENTED_EDGE('',*,*,#1200,.T.);
#1680=ORIENTED_EDGE('',*,*,#1203,.F.);
#1681=ORIENTED_EDGE('',*,*,#1204,.F.);
#1682=ORIENTED_EDGE('',*,*,#1205,.T.);
#1683=ORIENTED_EDGE('',*,*,#1202,.T.);
#1684=ORIENTED_EDGE('',*,*,#1205,.F.);
#1685=ORIENTED_EDGE('',*,*,#1206,.F.);
#1686=ORIENTED_EDGE('',*,*,#1207,.T.);
#1687=ORIENTED_EDGE('',*,*,#1204,.T.);
#1688=ORIENTED_EDGE('',*,*,#1207,.F.);
#1689=ORIENTED_EDGE('',*,*,#1208,.F.);
#1690=ORIENTED_EDGE('',*,*,#1209,.T.);
#1691=ORIENTED_EDGE('',*,*,#1206,.T.);
#1692=ORIENTED_EDGE('',*,*,#1209,.F.);
#1693=ORIENTED_EDGE('',*,*,#1210,.F.);
#1694=ORIENTED_EDGE('',*,*,#1211,.T.);
#1695=ORIENTED_EDGE('',*,*,#1208,.T.);
#1696=ORIENTED_EDGE('',*,*,#1211,.F.);
#1697=ORIENTED_EDGE('',*,*,#1212,.F.);
#1698=ORIENTED_EDGE('',*,*,#1213,.T.);
#1699=ORIENTED_EDGE('',*,*,#1210,.T.);
#1700=ORIENTED_EDGE('',*,*,#1213,.F.);
#1701=ORIENTED_EDGE('',*,*,#1214,.F.);
#1702=ORIENTED_EDGE('',*,*,#1215,.T.);
#1703=ORIENTED_EDGE('',*,*,#1212,.T.);
#1704=ORIENTED_EDGE('',*,*,#1215,.F.);
#1705=ORIENTED_EDGE('',*,*,#1216,.F.);
#1706=ORIENTED_EDGE('',*,*,#1217,.T.);
#1707=ORIENTED_EDGE('',*,*,#1214,.T.);
#1708=ORIENTED_EDGE('',*,*,#1217,.F.);
#1709=ORIENTED_EDGE('',*,*,#1218,.F.);
#1710=ORIENTED_EDGE('',*,*,#1219,.T.);
#1711=ORIENTED_EDGE('',*,*,#1216,.T.);
#1712=ORIENTED_EDGE('',*,*,#1219,.F.);
#1713=ORIENTED_EDGE('',*,*,#1220,.F.);
#1714=ORIENTED_EDGE('',*,*,#1221,.T.);
#1715=ORIENTED_EDGE('',*,*,#1218,.T.);
#1716=ORIENTED_EDGE('',*,*,#1221,.F.);
#1717=ORIENTED_EDGE('',*,*,#1222,.F.);
#1718=ORIENTED_EDGE('',*,*,#1223,.T.);
#1719=ORIENTED_EDGE('',*,*,#1220,.T.);
#1720=ORIENTED_EDGE('',*,*,#1223,.F.);
#1721=ORIENTED_EDGE('',*,*,#1224,.F.);
#1722=ORIENTED_EDGE('',*,*,#1225,.T.);
#1723=ORIENTED_EDGE('',*,*,#1222,.T.);
#1724=ORIENTED_EDGE('',*,*,#1225,.F.);
#1725=ORIENTED_EDGE('',*,*,#1226,.F.);
#1726=ORIENTED_EDGE('',*,*,#1227,.T.);
#1727=ORIENTED_EDGE('',*,*,#1224,.T.);
#1728=ORIENTED_EDGE('',*,*,#1227,.F.);
#1729=ORIENTED_EDGE('',*,*,#1228,.F.);
#1730=ORIENTED_EDGE('',*,*,#1229,.T.);
#1731=ORIENTED_EDGE('',*,*,#1226,.T.);
#1732=ORIENTED_EDGE('',*,*,#1229,.F.);
#1733=ORIENTED_EDGE('',*,*,#1230,.F.);
#1734=ORIENTED_EDGE('',*,*,#1231,.T.);
#1735=ORIENTED_EDGE('',*,*,#1228,.T.);
#1736=ORIENTED_EDGE('',*,*,#1231,.F.);
#1737=ORIENTED_EDGE('',*,*,#1232,.F.);
#1738=ORIENTED_EDGE('',*,*,#1233,.T.);
#1739=ORIENTED_EDGE('',*,*,#1230,.T.);
#1740=ORIENTED_EDGE('',*,*,#1233,.F.);
#1741=ORIENTED_EDGE('',*,*,#1234,.F.);
#1742=ORIENTED_EDGE('',*,*,#1235,.T.);
#1743=ORIENTED_EDGE('',*,*,#1232,.T.);
#1744=ORIENTED_EDGE('',*,*,#1235,.F.);
#1745=ORIENTED_EDGE('',*,*,#1236,.F.);
#1746=ORIENTED_EDGE('',*,*,#1237,.T.);
#1747=ORIENTED_EDGE('',*,*,#1234,.T.);
#1748=ORIENTED_EDGE('',*,*,#1237,.F.);
#1749=ORIENTED_EDGE('',*,*,#1238,.F.);
#1750=ORIENTED_EDGE('',*,*,#1239,.T.);
#1751=ORIENTED_EDGE('',*,*,#1236,.T.);
#1752=ORIENTED_EDGE('',*,*,#1239,.F.);
#1753=ORIENTED_EDGE('',*,*,#1240,.F.);
#1754=ORIENTED_EDGE('',*,*,#1241,.T.);
#1755=ORIENTED_EDGE('',*,*,#1238,.T.);
#1756=ORIENTED_EDGE('',*,*,#1241,.F.);
#1757=ORIENTED_EDGE('',*,*,#1242,.F.);
#1758=ORIENTED_EDGE('',*,*,#1243,.T.);
#1759=ORIENTED_EDGE('',*,*,#1240,.T.);
#1760=ORIENTED_EDGE('',*,*,#1243,.F.);
#1761=ORIENTED_EDGE('',*,*,#1244,.F.);
#1762=ORIENTED_EDGE('',*,*,#1245,.T.);
#1763=ORIENTED_EDGE('',*,*,#1242,.T.);
#1764=ORIENTED_EDGE('',*,*,#1245,.F.);
#1765=ORIENTED_EDGE('',*,*,#1246,.F.);
#1766=ORIENTED_EDGE('',*,*,#1247,.T.);
#1767=ORIENTED_EDGE('',*,*,#1244,.T.);
#1768=ORIENTED_EDGE('',*,*,#1247,.F.);
#1769=ORIENTED_EDGE('',*,*,#1248,.F.);
#1770=ORIENTED_EDGE('',*,*,#1249,.T.);
#1771=ORIENTED_EDGE('',*,*,#1246,.T.);
#1772=ORIENTED_EDGE('',*,*,#1249,.F.);
#1773=ORIENTED_EDGE('',*,*,#1250,.F.);
#1774=ORIENTED_EDGE('',*,*,#1251,.T.);
#1775=ORIENTED_EDGE('',*,*,#1248,.T.);
#1776=ORIENTED_EDGE('',*,*,#1251,.F.);
#1777=ORIENTED_EDGE('',*,*,#1252,.F.);
#1778=ORIENTED_EDGE('',*,*,#1253,.T.);
#1779=ORIENTED_EDGE('',*,*,#1250,.T.);
#1780=ORIENTED_EDGE('',*,*,#1253,.F.);
#1781=ORIENTED_EDGE('',*,*,#1254,.F.);
#1782=ORIENTED_EDGE('',*,*,#1255,.T.);
#1783=ORIENTED_EDGE('',*,*,#1252,.T.);
#1784=ORIENTED_EDGE('',*,*,#1255,.F.);
#1785=ORIENTED_EDGE('',*,*,#1256,.F.);
#1786=ORIENTED_EDGE('',*,*,#1257,.T.);
#1787=ORIENTED_EDGE('',*,*,#1254,.T.);
#1788=ORIENTED_EDGE('',*,*,#1257,.F.);
#1789=ORIENTED_EDGE('',*,*,#1258,.F.);
#1790=ORIENTED_EDGE('',*,*,#1259,.T.);
#1791=ORIENTED_EDGE('',*,*,#1256,.T.);
#1792=ORIENTED_EDGE('',*,*,#1259,.F.);
#1793=ORIENTED_EDGE('',*,*,#1260,.F.);
#1794=ORIENTED_EDGE('',*,*,#1261,.T.);
#1795=ORIENTED_EDGE('',*,*,#1258,.T.);
#1796=ORIENTED_EDGE('',*,*,#1261,.F.);
#1797=ORIENTED_EDGE('',*,*,#1262,.F.);
#1798=ORIENTED_EDGE('',*,*,#1263,.T.);
#1799=ORIENTED_EDGE('',*,*,#1260,.T.);
#1800=ORIENTED_EDGE('',*,*,#1263,.F.);
#1801=ORIENTED_EDGE('',*,*,#1264,.F.);
#1802=ORIENTED_EDGE('',*,*,#1265,.T.);
#1803=ORIENTED_EDGE('',*,*,#1262,.T.);
#1804=ORIENTED_EDGE('',*,*,#1265,.F.);
#1805=ORIENTED_EDGE('',*,*,#1266,.F.);
#1806=ORIENTED_EDGE('',*,*,#1267,.T.);
#1807=ORIENTED_EDGE('',*,*,#1264,.T.);
#1808=ORIENTED_EDGE('',*,*,#1267,.F.);
#1809=ORIENTED_EDGE('',*,*,#1268,.F.);
#1810=ORIENTED_EDGE('',*,*,#1269,.T.);
#1811=ORIENTED_EDGE('',*,*,#1266,.T.);
#1812=ORIENTED_EDGE('',*,*,#1269,.F.);
#1813=ORIENTED_EDGE('',*,*,#1270,.F.);
#1814=ORIENTED_EDGE('',*,*,#1271,.T.);
#1815=ORIENTED_EDGE('',*,*,#1268,.T.);
#1816=ORIENTED_EDGE('',*,*,#1271,.F.);
#1817=ORIENTED_EDGE('',*,*,#1272,.F.);
#1818=ORIENTED_EDGE('',*,*,#1273,.T.);
#1819=ORIENTED_EDGE('',*,*,#1270,.T.);
#1820=ORIENTED_EDGE('',*,*,#1273,.F.);
#1821=ORIENTED_EDGE('',*,*,#1274,.F.);
#1822=ORIENTED_EDGE('',*,*,#1275,.T.);
#1823=ORIENTED_EDGE('',*,*,#1272,.T.);
#1824=ORIENTED_EDGE('',*,*,#1275,.F.);
#1825=ORIENTED_EDGE('',*,*,#1276,.F.);
#1826=ORIENTED_EDGE('',*,*,#1277,.T.);
#1827=ORIENTED_EDGE('',*,*,#1274,.T.);
#1828=ORIENTED_EDGE('',*,*,#1277,.F.);
#1829=ORIENTED_EDGE('',*,*,#1278,.F.);
#1830=ORIENTED_EDGE('',*,*,#1279,.T.);
#1831=ORIENTED_EDGE('',*,*,#1276,.T.);
#1832=ORIENTED_EDGE('',*,*,#1279,.F.);
#1833=ORIENTED_EDGE('',*,*,#1280,.F.);
#1834=ORIENTED_EDGE('',*,*,#1281,.T.);
#1835=ORIENTED_EDGE('',*,*,#1278,.T.);
#1836=ORIENTED_EDGE('',*,*,#1281,.F.);
#1837=ORIENTED_EDGE('',*,*,#1282,.F.);
#1838=ORIENTED_EDGE('',*,*,#1283,.T.);
#1839=ORIENTED_EDGE('',*,*,#1280,.T.);
#1840=ORIENTED_EDGE('',*,*,#1283,.F.);
#1841=ORIENTED_EDGE('',*,*,#1284,.F.);
#1842=ORIENTED_EDGE('',*,*,#1285,.T.);
#1843=ORIENTED_EDGE('',*,*,#1282,.T.);
#1844=ORIENTED_EDGE('',*,*,#1285,.F.);
#1845=ORIENTED_EDGE('',*,*,#1286,.F.);
#1846=ORIENTED_EDGE('',*,*,#1287,.T.);
#1847=ORIENTED_EDGE('',*,*,#1284,.T.);
#1848=ORIENTED_EDGE('',*,*,#1287,.F.);
#1849=ORIENTED_EDGE('',*,*,#1288,.F.);
#1850=ORIENTED_EDGE('',*,*,#1289,.T.);
#1851=ORIENTED_EDGE('',*,*,#1286,.T.);
#1852=ORIENTED_EDGE('',*,*,#1289,.F.);
#1853=ORIENTED_EDGE('',*,*,#1290,.F.);
#1854=ORIENTED_EDGE('',*,*,#1291,.T.);
#1855=ORIENTED_EDGE('',*,*,#1288,.T.);
#1856=ORIENTED_EDGE('',*,*,#1291,.F.);
#1857=ORIENTED_EDGE('',*,*,#1292,.F.);
#1858=ORIENTED_EDGE('',*,*,#1293,.T.);
#1859=ORIENTED_EDGE('',*,*,#1290,.T.);
#1860=ORIENTED_EDGE('',*,*,#1293,.F.);
#1861=ORIENTED_EDGE('',*,*,#1294,.F.);
#1862=ORIENTED_EDGE('',*,*,#1295,.T.);
#1863=ORIENTED_EDGE('',*,*,#1292,.T.);
#1864=ORIENTED_EDGE('',*,*,#1295,.F.);
#1865=ORIENTED_EDGE('',*,*,#1296,.F.);
#1866=ORIENTED_EDGE('',*,*,#1297,.T.);
#1867=ORIENTED_EDGE('',*,*,#1294,.T.);
#1868=ORIENTED_EDGE('',*,*,#1297,.F.);
#1869=ORIENTED_EDGE('',*,*,#1298,.F.);
#1870=ORIENTED_EDGE('',*,*,#1299,.T.);
#1871=ORIENTED_EDGE('',*,*,#1296,.T.);
#1872=ORIENTED_EDGE('',*,*,#1299,.F.);
#1873=ORIENTED_EDGE('',*,*,#1300,.F.);
#1874=ORIENTED_EDGE('',*,*,#1301,.T.);
#1875=ORIENTED_EDGE('',*,*,#1298,.T.);
#1876=ORIENTED_EDGE('',*,*,#1301,.F.);
#1877=ORIENTED_EDGE('',*,*,#1302,.F.);
#1878=ORIENTED_EDGE('',*,*,#1303,.T.);
#1879=ORIENTED_EDGE('',*,*,#1300,.T.);
#1880=ORIENTED_EDGE('',*,*,#1303,.F.);
#1881=ORIENTED_EDGE('',*,*,#1304,.F.);
#1882=ORIENTED_EDGE('',*,*,#1305,.T.);
#1883=ORIENTED_EDGE('',*,*,#1302,.T.);
#1884=ORIENTED_EDGE('',*,*,#1305,.F.);
#1885=ORIENTED_EDGE('',*,*,#1306,.F.);
#1886=ORIENTED_EDGE('',*,*,#1307,.T.);
#1887=ORIENTED_EDGE('',*,*,#1304,.T.);
#1888=ORIENTED_EDGE('',*,*,#1307,.F.);
#1889=ORIENTED_EDGE('',*,*,#1308,.F.);
#1890=ORIENTED_EDGE('',*,*,#1309,.T.);
#1891=ORIENTED_EDGE('',*,*,#1306,.T.);
#1892=ORIENTED_EDGE('',*,*,#1309,.F.);
#1893=ORIENTED_EDGE('',*,*,#1197,.F.);
#1894=ORIENTED_EDGE('',*,*,#1310,.T.);
#1895=ORIENTED_EDGE('',*,*,#1308,.T.);
#1896=ORIENTED_EDGE('',*,*,#1310,.F.);
#1897=ORIENTED_EDGE('',*,*,#1311,.F.);
#1898=ORIENTED_EDGE('',*,*,#1312,.F.);
#1899=ORIENTED_EDGE('',*,*,#1313,.T.);
#1900=ORIENTED_EDGE('',*,*,#1314,.F.);
#1901=ORIENTED_EDGE('',*,*,#1315,.F.);
#1902=ORIENTED_EDGE('',*,*,#1313,.F.);
#1903=ORIENTED_EDGE('',*,*,#1316,.F.);
#1904=ORIENTED_EDGE('',*,*,#1317,.F.);
#1905=ORIENTED_EDGE('',*,*,#1318,.F.);
#1906=ORIENTED_EDGE('',*,*,#1319,.T.);
#1907=ORIENTED_EDGE('',*,*,#1320,.F.);
#1908=ORIENTED_EDGE('',*,*,#1321,.F.);
#1909=ORIENTED_EDGE('',*,*,#1319,.F.);
#1910=ORIENTED_EDGE('',*,*,#1322,.F.);
#1911=ORIENTED_EDGE('',*,*,#1323,.F.);
#1912=ORIENTED_EDGE('',*,*,#1324,.T.);
#1913=ORIENTED_EDGE('',*,*,#1325,.T.);
#1914=ORIENTED_EDGE('',*,*,#1326,.T.);
#1915=ORIENTED_EDGE('',*,*,#1327,.T.);
#1916=ORIENTED_EDGE('',*,*,#1326,.F.);
#1917=ORIENTED_EDGE('',*,*,#1315,.T.);
#1918=ORIENTED_EDGE('',*,*,#1314,.T.);
#1919=ORIENTED_EDGE('',*,*,#1325,.F.);
#1920=ORIENTED_EDGE('',*,*,#1321,.T.);
#1921=ORIENTED_EDGE('',*,*,#1320,.T.);
#1922=ORIENTED_EDGE('',*,*,#1324,.F.);
#1923=ORIENTED_EDGE('',*,*,#1328,.F.);
#1924=ORIENTED_EDGE('',*,*,#1329,.T.);
#1925=ORIENTED_EDGE('',*,*,#1330,.T.);
#1926=ORIENTED_EDGE('',*,*,#1329,.F.);
#1927=ORIENTED_EDGE('',*,*,#1311,.T.);
#1928=ORIENTED_EDGE('',*,*,#1316,.T.);
#1929=ORIENTED_EDGE('',*,*,#1312,.T.);
#1930=ORIENTED_EDGE('',*,*,#1317,.T.);
#1931=ORIENTED_EDGE('',*,*,#1322,.T.);
#1932=ORIENTED_EDGE('',*,*,#1318,.T.);
#1933=ORIENTED_EDGE('',*,*,#1328,.T.);
#1934=ORIENTED_EDGE('',*,*,#1323,.T.);
#1935=ORIENTED_EDGE('',*,*,#1330,.F.);
#1936=ORIENTED_EDGE('',*,*,#1327,.F.);
#1937=CYLINDRICAL_SURFACE('',#2138,2.00000000000018);
#1938=CYLINDRICAL_SURFACE('',#2144,2.00000000000009);
#1939=CYLINDRICAL_SURFACE('',#2154,1.2645);
#1940=CYLINDRICAL_SURFACE('',#2155,1.2645);
#1941=CYLINDRICAL_SURFACE('',#2156,1.2645);
#1942=CYLINDRICAL_SURFACE('',#2158,1.2645);
#1943=CYLINDRICAL_SURFACE('',#2161,1.2645);
#1944=CYLINDRICAL_SURFACE('',#2163,1.2645);
#1945=CYLINDRICAL_SURFACE('',#2186,2.25);
#1946=CYLINDRICAL_SURFACE('',#2188,2.25);
#1947=CYLINDRICAL_SURFACE('',#2190,4.);
#1948=CYLINDRICAL_SURFACE('',#2192,4.);
#1949=CYLINDRICAL_SURFACE('',#2194,2.);
#1950=CYLINDRICAL_SURFACE('',#2195,2.);
#1951=CYLINDRICAL_SURFACE('',#2237,2.);
#1952=CYLINDRICAL_SURFACE('',#2238,1.7);
#1953=CYLINDRICAL_SURFACE('',#2239,1.7);
#1954=CYLINDRICAL_SURFACE('',#2240,2.);
#1955=CYLINDRICAL_SURFACE('',#2242,2.);
#1956=CYLINDRICAL_SURFACE('',#2243,26.5790769599745);
#1957=CYLINDRICAL_SURFACE('',#2244,2.);
#1958=CYLINDRICAL_SURFACE('',#2246,2.);
#1959=CYLINDRICAL_SURFACE('',#2247,1.7);
#1960=CYLINDRICAL_SURFACE('',#2248,2.);
#1961=CYLINDRICAL_SURFACE('',#2250,2.);
#1962=CYLINDRICAL_SURFACE('',#2251,26.6);
#1963=CYLINDRICAL_SURFACE('',#2252,2.);
#1964=CYLINDRICAL_SURFACE('',#2253,30.5);
#1965=CYLINDRICAL_SURFACE('',#2254,30.5);
#1966=CYLINDRICAL_SURFACE('',#2255,34.);
#1967=CYLINDRICAL_SURFACE('',#2259,33.);
#1968=CYLINDRICAL_SURFACE('',#2264,34.);
#1969=CYLINDRICAL_SURFACE('',#2440,1.25);
#1970=CYLINDRICAL_SURFACE('',#2443,1.25);
#1971=CYLINDRICAL_SURFACE('',#2446,1.25);
#1972=CYLINDRICAL_SURFACE('',#2449,2.5);
#1973=ADVANCED_FACE('',(#167),#1937,.F.);
#1974=ADVANCED_FACE('',(#168,#109,#110),#136,.F.);
#1975=ADVANCED_FACE('',(#169),#1938,.F.);
#1976=ADVANCED_FACE('',(#170,#111,#112),#137,.T.);
#1977=ADVANCED_FACE('',(#171),#138,.T.);
#1978=ADVANCED_FACE('',(#172,#113,#114),#139,.T.);
#1979=ADVANCED_FACE('',(#173),#1939,.F.);
#1980=ADVANCED_FACE('',(#174),#1940,.F.);
#1981=ADVANCED_FACE('',(#175),#1941,.F.);
#1982=ADVANCED_FACE('',(#176),#1942,.F.);
#1983=ADVANCED_FACE('',(#177),#1943,.F.);
#1984=ADVANCED_FACE('',(#178),#1944,.F.);
#1985=ADVANCED_FACE('',(#179,#115,#116),#140,.T.);
#1986=ADVANCED_FACE('',(#180,#117),#141,.F.);
#1987=ADVANCED_FACE('',(#181,#118,#119),#142,.T.);
#1988=ADVANCED_FACE('',(#182),#143,.T.);
#1989=ADVANCED_FACE('',(#183,#120,#121),#144,.T.);
#1990=ADVANCED_FACE('',(#184,#122),#145,.T.);
#1991=ADVANCED_FACE('',(#185),#146,.T.);
#1992=ADVANCED_FACE('',(#186),#147,.T.);
#1993=ADVANCED_FACE('',(#187),#1945,.F.);
#1994=ADVANCED_FACE('',(#188),#148,.T.);
#1995=ADVANCED_FACE('',(#189),#1946,.F.);
#1996=ADVANCED_FACE('',(#190),#149,.T.);
#1997=ADVANCED_FACE('',(#191),#1947,.T.);
#1998=ADVANCED_FACE('',(#192),#150,.T.);
#1999=ADVANCED_FACE('',(#193),#1948,.T.);
#2000=ADVANCED_FACE('',(#194),#151,.T.);
#2001=ADVANCED_FACE('',(#195),#1949,.F.);
#2002=ADVANCED_FACE('',(#196),#1950,.F.);
#2003=ADVANCED_FACE('',(#197),#152,.T.);
#2004=ADVANCED_FACE('',(#198),#153,.T.);
#2005=ADVANCED_FACE('',(#199),#154,.F.);
#2006=ADVANCED_FACE('',(#200),#155,.F.);
#2007=ADVANCED_FACE('',(#201),#156,.T.);
#2008=ADVANCED_FACE('',(#202,#123,#124,#125,#126),#157,.T.);
#2009=ADVANCED_FACE('',(#203,#127,#128,#129,#130),#158,.T.);
#2010=ADVANCED_FACE('',(#204),#159,.T.);
#2011=ADVANCED_FACE('',(#205),#1951,.F.);
#2012=ADVANCED_FACE('',(#206),#1952,.F.);
#2013=ADVANCED_FACE('',(#207),#1953,.F.);
#2014=ADVANCED_FACE('',(#208),#1954,.F.);
#2015=ADVANCED_FACE('',(#209),#160,.T.);
#2016=ADVANCED_FACE('',(#210),#1955,.T.);
#2017=ADVANCED_FACE('',(#211),#1956,.F.);
#2018=ADVANCED_FACE('',(#212),#1957,.T.);
#2019=ADVANCED_FACE('',(#213),#161,.T.);
#2020=ADVANCED_FACE('',(#214),#1958,.F.);
#2021=ADVANCED_FACE('',(#215),#1959,.F.);
#2022=ADVANCED_FACE('',(#216),#1960,.F.);
#2023=ADVANCED_FACE('',(#217),#162,.T.);
#2024=ADVANCED_FACE('',(#218),#1961,.T.);
#2025=ADVANCED_FACE('',(#219),#1962,.F.);
#2026=ADVANCED_FACE('',(#220),#1963,.T.);
#2027=ADVANCED_FACE('',(#221),#1964,.F.);
#2028=ADVANCED_FACE('',(#222),#1965,.F.);
#2029=ADVANCED_FACE('',(#223),#1966,.T.);
#2030=ADVANCED_FACE('',(#224,#131),#163,.T.);
#2031=ADVANCED_FACE('',(#225),#1967,.T.);
#2032=ADVANCED_FACE('',(#226),#164,.T.);
#2033=ADVANCED_FACE('',(#227),#1968,.T.);
#2034=ADVANCED_FACE('',(#228),#37,.T.);
#2035=ADVANCED_FACE('',(#229),#38,.T.);
#2036=ADVANCED_FACE('',(#230),#39,.T.);
#2037=ADVANCED_FACE('',(#231),#40,.T.);
#2038=ADVANCED_FACE('',(#232),#41,.T.);
#2039=ADVANCED_FACE('',(#233),#42,.T.);
#2040=ADVANCED_FACE('',(#234),#43,.T.);
#2041=ADVANCED_FACE('',(#235),#44,.T.);
#2042=ADVANCED_FACE('',(#236),#45,.T.);
#2043=ADVANCED_FACE('',(#237),#46,.T.);
#2044=ADVANCED_FACE('',(#238),#47,.T.);
#2045=ADVANCED_FACE('',(#239),#48,.T.);
#2046=ADVANCED_FACE('',(#240),#49,.T.);
#2047=ADVANCED_FACE('',(#241),#50,.T.);
#2048=ADVANCED_FACE('',(#242),#51,.T.);
#2049=ADVANCED_FACE('',(#243),#52,.T.);
#2050=ADVANCED_FACE('',(#244),#53,.T.);
#2051=ADVANCED_FACE('',(#245),#54,.T.);
#2052=ADVANCED_FACE('',(#246),#55,.T.);
#2053=ADVANCED_FACE('',(#247),#56,.T.);
#2054=ADVANCED_FACE('',(#248),#57,.T.);
#2055=ADVANCED_FACE('',(#249),#58,.T.);
#2056=ADVANCED_FACE('',(#250),#59,.T.);
#2057=ADVANCED_FACE('',(#251),#60,.T.);
#2058=ADVANCED_FACE('',(#252),#61,.T.);
#2059=ADVANCED_FACE('',(#253),#62,.T.);
#2060=ADVANCED_FACE('',(#254),#63,.T.);
#2061=ADVANCED_FACE('',(#255),#64,.T.);
#2062=ADVANCED_FACE('',(#256),#65,.T.);
#2063=ADVANCED_FACE('',(#257),#66,.T.);
#2064=ADVANCED_FACE('',(#258),#67,.T.);
#2065=ADVANCED_FACE('',(#259),#68,.T.);
#2066=ADVANCED_FACE('',(#260),#69,.T.);
#2067=ADVANCED_FACE('',(#261),#70,.T.);
#2068=ADVANCED_FACE('',(#262),#71,.T.);
#2069=ADVANCED_FACE('',(#263),#72,.T.);
#2070=ADVANCED_FACE('',(#264),#73,.T.);
#2071=ADVANCED_FACE('',(#265),#74,.T.);
#2072=ADVANCED_FACE('',(#266),#75,.T.);
#2073=ADVANCED_FACE('',(#267),#76,.T.);
#2074=ADVANCED_FACE('',(#268),#77,.T.);
#2075=ADVANCED_FACE('',(#269),#78,.T.);
#2076=ADVANCED_FACE('',(#270),#79,.T.);
#2077=ADVANCED_FACE('',(#271),#80,.T.);
#2078=ADVANCED_FACE('',(#272),#81,.T.);
#2079=ADVANCED_FACE('',(#273),#82,.T.);
#2080=ADVANCED_FACE('',(#274),#83,.T.);
#2081=ADVANCED_FACE('',(#275),#84,.T.);
#2082=ADVANCED_FACE('',(#276),#85,.T.);
#2083=ADVANCED_FACE('',(#277),#86,.T.);
#2084=ADVANCED_FACE('',(#278),#87,.T.);
#2085=ADVANCED_FACE('',(#279),#88,.T.);
#2086=ADVANCED_FACE('',(#280),#89,.T.);
#2087=ADVANCED_FACE('',(#281),#90,.T.);
#2088=ADVANCED_FACE('',(#282),#91,.T.);
#2089=ADVANCED_FACE('',(#283),#92,.T.);
#2090=ADVANCED_FACE('',(#284),#93,.T.);
#2091=ADVANCED_FACE('',(#285),#94,.T.);
#2092=ADVANCED_FACE('',(#286),#1969,.F.);
#2093=ADVANCED_FACE('',(#287),#1970,.F.);
#2094=ADVANCED_FACE('',(#288),#1971,.F.);
#2095=ADVANCED_FACE('',(#289,#132,#133),#1972,.T.);
#2096=ADVANCED_FACE('',(#290,#134),#165,.T.);
#2097=ADVANCED_FACE('',(#291,#135),#166,.F.);
#2098=CLOSED_SHELL('',(#1973,#1974,#1975,#1976,#1977,#1978,#1979,#1980,
#1981,#1982,#1983,#1984,#1985,#1986,#1987,#1988,#1989,#1990,#1991,#1992,
#1993,#1994,#1995,#1996,#1997,#1998,#1999,#2000,#2001,#2002,#2003,#2004));
#2099=CLOSED_SHELL('',(#2005,#2006,#2007,#2008,#2009,#2010,#2011,#2012,
#2013,#2014,#2015,#2016,#2017,#2018,#2019,#2020,#2021,#2022,#2023,#2024,
#2025,#2026,#2027,#2028,#2029,#2030,#2031,#2032,#2033));
#2100=CLOSED_SHELL('',(#2034,#2035,#2036,#2037,#2038,#2039,#2040,#2041,
#2042,#2043,#2044,#2045,#2046,#2047,#2048,#2049,#2050,#2051,#2052,#2053,
#2054,#2055,#2056,#2057,#2058,#2059,#2060,#2061,#2062,#2063,#2064,#2065,
#2066,#2067,#2068,#2069,#2070,#2071,#2072,#2073,#2074,#2075,#2076,#2077,
#2078,#2079,#2080,#2081,#2082,#2083,#2084,#2085,#2086,#2087,#2088,#2089,
#2090,#2091));
#2101=CLOSED_SHELL('',(#2092,#2093,#2094,#2095,#2096,#2097));
#2102=DERIVED_UNIT_ELEMENT(#2108,1.);
#2103=DERIVED_UNIT_ELEMENT(#3910,-3.);
#2104=DERIVED_UNIT_ELEMENT(#2108,1.);
#2105=DERIVED_UNIT_ELEMENT(#3910,-3.);
#2106=DERIVED_UNIT_ELEMENT(#2108,1.);
#2107=DERIVED_UNIT_ELEMENT(#3910,-3.);
#2108=(
MASS_UNIT()
NAMED_UNIT(*)
SI_UNIT(.KILO.,.GRAM.)
);
#2109=DERIVED_UNIT((#2102,#2103));
#2110=DERIVED_UNIT((#2104,#2105));
#2111=DERIVED_UNIT((#2106,#2107));
#2112=MEASURE_REPRESENTATION_ITEM('density measure',
POSITIVE_RATIO_MEASURE(8470.),#2109);
#2113=MEASURE_REPRESENTATION_ITEM('density measure',
POSITIVE_RATIO_MEASURE(8470.),#2110);
#2114=MEASURE_REPRESENTATION_ITEM('density measure',
POSITIVE_RATIO_MEASURE(8470.),#2111);
#2115=PROPERTY_DEFINITION_REPRESENTATION(#2130,#2121);
#2116=PROPERTY_DEFINITION_REPRESENTATION(#2131,#2122);
#2117=PROPERTY_DEFINITION_REPRESENTATION(#2132,#2123);
#2118=PROPERTY_DEFINITION_REPRESENTATION(#2133,#2124);
#2119=PROPERTY_DEFINITION_REPRESENTATION(#2134,#2125);
#2120=PROPERTY_DEFINITION_REPRESENTATION(#2135,#2126);
#2121=REPRESENTATION('material name',(#2127),#3905);
#2122=REPRESENTATION('density',(#2112),#3905);
#2123=REPRESENTATION('material name',(#2128),#3906);
#2124=REPRESENTATION('density',(#2113),#3906);
#2125=REPRESENTATION('material name',(#2129),#3907);
#2126=REPRESENTATION('density',(#2114),#3907);
#2127=DESCRIPTIVE_REPRESENTATION_ITEM('Brass, Soft Yellow',
'Brass, Soft Yellow');
#2128=DESCRIPTIVE_REPRESENTATION_ITEM('Brass, Soft Yellow',
'Brass, Soft Yellow');
#2129=DESCRIPTIVE_REPRESENTATION_ITEM('Brass, Soft Yellow',
'Brass, Soft Yellow');
#2130=PROPERTY_DEFINITION('material property','material name',#3931);
#2131=PROPERTY_DEFINITION('material property','density of part',#3931);
#2132=PROPERTY_DEFINITION('material property','material name',#3932);
#2133=PROPERTY_DEFINITION('material property','density of part',#3932);
#2134=PROPERTY_DEFINITION('material property','material name',#3933);
#2135=PROPERTY_DEFINITION('material property','density of part',#3933);
#2136=AXIS2_PLACEMENT_3D('',#3210,#2458,#2459);
#2137=AXIS2_PLACEMENT_3D('',#3211,#2460,#2461);
#2138=AXIS2_PLACEMENT_3D('',#3212,#2462,#2463);
#2139=AXIS2_PLACEMENT_3D('',#3215,#2464,#2465);
#2140=AXIS2_PLACEMENT_3D('',#3219,#2467,#2468);
#2141=AXIS2_PLACEMENT_3D('',#3221,#2470,#2471);
#2142=AXIS2_PLACEMENT_3D('',#3228,#2475,#2476);
#2143=AXIS2_PLACEMENT_3D('',#3230,#2477,#2478);
#2144=AXIS2_PLACEMENT_3D('',#3231,#2479,#2480);
#2145=AXIS2_PLACEMENT_3D('',#3233,#2481,#2482);
#2146=AXIS2_PLACEMENT_3D('',#3235,#2483,#2484);
#2147=AXIS2_PLACEMENT_3D('',#3237,#2486,#2487);
#2148=AXIS2_PLACEMENT_3D('',#3248,#2493,#2494);
#2149=AXIS2_PLACEMENT_3D('',#3250,#2495,#2496);
#2150=AXIS2_PLACEMENT_3D('',#3251,#2497,#2498);
#2151=AXIS2_PLACEMENT_3D('',#3255,#2501,#2502);
#2152=AXIS2_PLACEMENT_3D('',#3268,#2509,#2510);
#2153=AXIS2_PLACEMENT_3D('',#3270,#2511,#2512);
#2154=AXIS2_PLACEMENT_3D('',#3271,#2513,#2514);
#2155=AXIS2_PLACEMENT_3D('',#3273,#2516,#2517);
#2156=AXIS2_PLACEMENT_3D('',#3275,#2519,#2520);
#2157=AXIS2_PLACEMENT_3D('',#3277,#2521,#2522);
#2158=AXIS2_PLACEMENT_3D('',#3279,#2524,#2525);
#2159=AXIS2_PLACEMENT_3D('',#3281,#2526,#2527);
#2160=AXIS2_PLACEMENT_3D('',#3284,#2529,#2530);
#2161=AXIS2_PLACEMENT_3D('',#3285,#2531,#2532);
#2162=AXIS2_PLACEMENT_3D('',#3287,#2533,#2534);
#2163=AXIS2_PLACEMENT_3D('',#3289,#2536,#2537);
#2164=AXIS2_PLACEMENT_3D('',#3291,#2538,#2539);
#2165=AXIS2_PLACEMENT_3D('',#3294,#2541,#2542);
#2166=AXIS2_PLACEMENT_3D('',#3295,#2543,#2544);
#2167=AXIS2_PLACEMENT_3D('',#3301,#2548,#2549);
#2168=AXIS2_PLACEMENT_3D('',#3307,#2552,#2553);
#2169=AXIS2_PLACEMENT_3D('',#3311,#2555,#2556);
#2170=AXIS2_PLACEMENT_3D('',#3315,#2558,#2559);
#2171=AXIS2_PLACEMENT_3D('',#3319,#2561,#2562);
#2172=AXIS2_PLACEMENT_3D('',#3326,#2566,#2567);
#2173=AXIS2_PLACEMENT_3D('',#3330,#2569,#2570);
#2174=AXIS2_PLACEMENT_3D('',#3332,#2572,#2573);
#2175=AXIS2_PLACEMENT_3D('',#3336,#2576,#2577);
#2176=AXIS2_PLACEMENT_3D('',#3340,#2580,#2581);
#2177=AXIS2_PLACEMENT_3D('',#3347,#2586,#2587);
#2178=AXIS2_PLACEMENT_3D('',#3352,#2589,#2590);
#2179=AXIS2_PLACEMENT_3D('',#3356,#2592,#2593);
#2180=AXIS2_PLACEMENT_3D('',#3359,#2595,#2596);
#2181=AXIS2_PLACEMENT_3D('',#3360,#2597,#2598);
#2182=AXIS2_PLACEMENT_3D('',#3365,#2600,#2601);
#2183=AXIS2_PLACEMENT_3D('',#3368,#2603,#2604);
#2184=AXIS2_PLACEMENT_3D('',#3369,#2605,#2606);
#2185=AXIS2_PLACEMENT_3D('',#3371,#2608,#2609);
#2186=AXIS2_PLACEMENT_3D('',#3374,#2612,#2613);
#2187=AXIS2_PLACEMENT_3D('',#3376,#2615,#2616);
#2188=AXIS2_PLACEMENT_3D('',#3378,#2618,#2619);
#2189=AXIS2_PLACEMENT_3D('',#3379,#2620,#2621);
#2190=AXIS2_PLACEMENT_3D('',#3382,#2624,#2625);
#2191=AXIS2_PLACEMENT_3D('',#3384,#2627,#2628);
#2192=AXIS2_PLACEMENT_3D('',#3386,#2630,#2631);
#2193=AXIS2_PLACEMENT_3D('',#3388,#2633,#2634);
#2194=AXIS2_PLACEMENT_3D('',#3390,#2636,#2637);
#2195=AXIS2_PLACEMENT_3D('',#3391,#2638,#2639);
#2196=AXIS2_PLACEMENT_3D('',#3392,#2640,#2641);
#2197=AXIS2_PLACEMENT_3D('',#3393,#2642,#2643);
#2198=AXIS2_PLACEMENT_3D('',#3394,#2644,#2645);
#2199=AXIS2_PLACEMENT_3D('',#3395,#2646,#2647);
#2200=AXIS2_PLACEMENT_3D('',#3404,#2652,#2653);
#2201=AXIS2_PLACEMENT_3D('',#3413,#2658,#2659);
#2202=AXIS2_PLACEMENT_3D('',#3418,#2663,#2664);
#2203=AXIS2_PLACEMENT_3D('',#3419,#2665,#2666);
#2204=AXIS2_PLACEMENT_3D('',#3422,#2667,#2668);
#2205=AXIS2_PLACEMENT_3D('',#3426,#2670,#2671);
#2206=AXIS2_PLACEMENT_3D('',#3428,#2672,#2673);
#2207=AXIS2_PLACEMENT_3D('',#3430,#2674,#2675);
#2208=AXIS2_PLACEMENT_3D('',#3434,#2677,#2678);
#2209=AXIS2_PLACEMENT_3D('',#3436,#2679,#2680);
#2210=AXIS2_PLACEMENT_3D('',#3438,#2681,#2682);
#2211=AXIS2_PLACEMENT_3D('',#3442,#2684,#2685);
#2212=AXIS2_PLACEMENT_3D('',#3444,#2686,#2687);
#2213=AXIS2_PLACEMENT_3D('',#3446,#2688,#2689);
#2214=AXIS2_PLACEMENT_3D('',#3450,#2691,#2692);
#2215=AXIS2_PLACEMENT_3D('',#3451,#2693,#2694);
#2216=AXIS2_PLACEMENT_3D('',#3453,#2695,#2696);
#2217=AXIS2_PLACEMENT_3D('',#3455,#2697,#2698);
#2218=AXIS2_PLACEMENT_3D('',#3457,#2699,#2700);
#2219=AXIS2_PLACEMENT_3D('',#3458,#2701,#2702);
#2220=AXIS2_PLACEMENT_3D('',#3460,#2703,#2704);
#2221=AXIS2_PLACEMENT_3D('',#3462,#2705,#2706);
#2222=AXIS2_PLACEMENT_3D('',#3465,#2707,#2708);
#2223=AXIS2_PLACEMENT_3D('',#3467,#2709,#2710);
#2224=AXIS2_PLACEMENT_3D('',#3471,#2712,#2713);
#2225=AXIS2_PLACEMENT_3D('',#3473,#2714,#2715);
#2226=AXIS2_PLACEMENT_3D('',#3475,#2716,#2717);
#2227=AXIS2_PLACEMENT_3D('',#3479,#2719,#2720);
#2228=AXIS2_PLACEMENT_3D('',#3481,#2721,#2722);
#2229=AXIS2_PLACEMENT_3D('',#3483,#2723,#2724);
#2230=AXIS2_PLACEMENT_3D('',#3487,#2726,#2727);
#2231=AXIS2_PLACEMENT_3D('',#3489,#2728,#2729);
#2232=AXIS2_PLACEMENT_3D('',#3491,#2730,#2731);
#2233=AXIS2_PLACEMENT_3D('',#3494,#2733,#2734);
#2234=AXIS2_PLACEMENT_3D('',#3496,#2735,#2736);
#2235=AXIS2_PLACEMENT_3D('',#3498,#2737,#2738);
#2236=AXIS2_PLACEMENT_3D('',#3499,#2739,#2740);
#2237=AXIS2_PLACEMENT_3D('',#3502,#2743,#2744);
#2238=AXIS2_PLACEMENT_3D('',#3504,#2746,#2747);
#2239=AXIS2_PLACEMENT_3D('',#3506,#2749,#2750);
#2240=AXIS2_PLACEMENT_3D('',#3508,#2752,#2753);
#2241=AXIS2_PLACEMENT_3D('',#3511,#2756,#2757);
#2242=AXIS2_PLACEMENT_3D('',#3513,#2759,#2760);
#2243=AXIS2_PLACEMENT_3D('',#3515,#2762,#2763);
#2244=AXIS2_PLACEMENT_3D('',#3517,#2765,#2766);
#2245=AXIS2_PLACEMENT_3D('',#3518,#2767,#2768);
#2246=AXIS2_PLACEMENT_3D('',#3521,#2771,#2772);
#2247=AXIS2_PLACEMENT_3D('',#3523,#2774,#2775);
#2248=AXIS2_PLACEMENT_3D('',#3525,#2777,#2778);
#2249=AXIS2_PLACEMENT_3D('',#3528,#2781,#2782);
#2250=AXIS2_PLACEMENT_3D('',#3530,#2784,#2785);
#2251=AXIS2_PLACEMENT_3D('',#3532,#2787,#2788);
#2252=AXIS2_PLACEMENT_3D('',#3534,#2790,#2791);
#2253=AXIS2_PLACEMENT_3D('',#3535,#2792,#2793);
#2254=AXIS2_PLACEMENT_3D('',#3536,#2794,#2795);
#2255=AXIS2_PLACEMENT_3D('',#3537,#2796,#2797);
#2256=AXIS2_PLACEMENT_3D('',#3539,#2798,#2799);
#2257=AXIS2_PLACEMENT_3D('',#3541,#2801,#2802);
#2258=AXIS2_PLACEMENT_3D('',#3543,#2803,#2804);
#2259=AXIS2_PLACEMENT_3D('',#3544,#2805,#2806);
#2260=AXIS2_PLACEMENT_3D('',#3546,#2807,#2808);
#2261=AXIS2_PLACEMENT_3D('',#3547,#2809,#2810);
#2262=AXIS2_PLACEMENT_3D('',#3549,#2812,#2813);
#2263=AXIS2_PLACEMENT_3D('',#3550,#2814,#2815);
#2264=AXIS2_PLACEMENT_3D('',#3551,#2816,#2817);
#2265=AXIS2_PLACEMENT_3D('',#3552,#2818,#2819);
#2266=AXIS2_PLACEMENT_3D('',#3554,#2820,#2821);
#2267=AXIS2_PLACEMENT_3D('',#3556,#2822,#2823);
#2268=AXIS2_PLACEMENT_3D('',#3557,#2824,#2825);
#2269=AXIS2_PLACEMENT_3D('',#3558,#2826,#2827);
#2270=AXIS2_PLACEMENT_3D('',#3560,#2828,#2829);
#2271=AXIS2_PLACEMENT_3D('',#3561,#2830,#2831);
#2272=AXIS2_PLACEMENT_3D('',#3562,#2832,#2833);
#2273=AXIS2_PLACEMENT_3D('',#3564,#2834,#2835);
#2274=AXIS2_PLACEMENT_3D('',#3565,#2836,#2837);
#2275=AXIS2_PLACEMENT_3D('',#3566,#2838,#2839);
#2276=AXIS2_PLACEMENT_3D('',#3568,#2840,#2841);
#2277=AXIS2_PLACEMENT_3D('',#3569,#2842,#2843);
#2278=AXIS2_PLACEMENT_3D('',#3570,#2844,#2845);
#2279=AXIS2_PLACEMENT_3D('',#3572,#2846,#2847);
#2280=AXIS2_PLACEMENT_3D('',#3573,#2848,#2849);
#2281=AXIS2_PLACEMENT_3D('',#3574,#2850,#2851);
#2282=AXIS2_PLACEMENT_3D('',#3576,#2852,#2853);
#2283=AXIS2_PLACEMENT_3D('',#3577,#2854,#2855);
#2284=AXIS2_PLACEMENT_3D('',#3578,#2856,#2857);
#2285=AXIS2_PLACEMENT_3D('',#3580,#2858,#2859);
#2286=AXIS2_PLACEMENT_3D('',#3581,#2860,#2861);
#2287=AXIS2_PLACEMENT_3D('',#3582,#2862,#2863);
#2288=AXIS2_PLACEMENT_3D('',#3584,#2864,#2865);
#2289=AXIS2_PLACEMENT_3D('',#3585,#2866,#2867);
#2290=AXIS2_PLACEMENT_3D('',#3586,#2868,#2869);
#2291=AXIS2_PLACEMENT_3D('',#3588,#2870,#2871);
#2292=AXIS2_PLACEMENT_3D('',#3589,#2872,#2873);
#2293=AXIS2_PLACEMENT_3D('',#3590,#2874,#2875);
#2294=AXIS2_PLACEMENT_3D('',#3592,#2876,#2877);
#2295=AXIS2_PLACEMENT_3D('',#3593,#2878,#2879);
#2296=AXIS2_PLACEMENT_3D('',#3594,#2880,#2881);
#2297=AXIS2_PLACEMENT_3D('',#3596,#2882,#2883);
#2298=AXIS2_PLACEMENT_3D('',#3597,#2884,#2885);
#2299=AXIS2_PLACEMENT_3D('',#3598,#2886,#2887);
#2300=AXIS2_PLACEMENT_3D('',#3600,#2888,#2889);
#2301=AXIS2_PLACEMENT_3D('',#3601,#2890,#2891);
#2302=AXIS2_PLACEMENT_3D('',#3602,#2892,#2893);
#2303=AXIS2_PLACEMENT_3D('',#3604,#2894,#2895);
#2304=AXIS2_PLACEMENT_3D('',#3605,#2896,#2897);
#2305=AXIS2_PLACEMENT_3D('',#3606,#2898,#2899);
#2306=AXIS2_PLACEMENT_3D('',#3608,#2900,#2901);
#2307=AXIS2_PLACEMENT_3D('',#3609,#2902,#2903);
#2308=AXIS2_PLACEMENT_3D('',#3610,#2904,#2905);
#2309=AXIS2_PLACEMENT_3D('',#3612,#2906,#2907);
#2310=AXIS2_PLACEMENT_3D('',#3613,#2908,#2909);
#2311=AXIS2_PLACEMENT_3D('',#3614,#2910,#2911);
#2312=AXIS2_PLACEMENT_3D('',#3616,#2912,#2913);
#2313=AXIS2_PLACEMENT_3D('',#3617,#2914,#2915);
#2314=AXIS2_PLACEMENT_3D('',#3618,#2916,#2917);
#2315=AXIS2_PLACEMENT_3D('',#3620,#2918,#2919);
#2316=AXIS2_PLACEMENT_3D('',#3621,#2920,#2921);
#2317=AXIS2_PLACEMENT_3D('',#3622,#2922,#2923);
#2318=AXIS2_PLACEMENT_3D('',#3624,#2924,#2925);
#2319=AXIS2_PLACEMENT_3D('',#3625,#2926,#2927);
#2320=AXIS2_PLACEMENT_3D('',#3626,#2928,#2929);
#2321=AXIS2_PLACEMENT_3D('',#3628,#2930,#2931);
#2322=AXIS2_PLACEMENT_3D('',#3629,#2932,#2933);
#2323=AXIS2_PLACEMENT_3D('',#3630,#2934,#2935);
#2324=AXIS2_PLACEMENT_3D('',#3632,#2936,#2937);
#2325=AXIS2_PLACEMENT_3D('',#3633,#2938,#2939);
#2326=AXIS2_PLACEMENT_3D('',#3634,#2940,#2941);
#2327=AXIS2_PLACEMENT_3D('',#3636,#2942,#2943);
#2328=AXIS2_PLACEMENT_3D('',#3637,#2944,#2945);
#2329=AXIS2_PLACEMENT_3D('',#3638,#2946,#2947);
#2330=AXIS2_PLACEMENT_3D('',#3640,#2948,#2949);
#2331=AXIS2_PLACEMENT_3D('',#3641,#2950,#2951);
#2332=AXIS2_PLACEMENT_3D('',#3642,#2952,#2953);
#2333=AXIS2_PLACEMENT_3D('',#3644,#2954,#2955);
#2334=AXIS2_PLACEMENT_3D('',#3645,#2956,#2957);
#2335=AXIS2_PLACEMENT_3D('',#3646,#2958,#2959);
#2336=AXIS2_PLACEMENT_3D('',#3648,#2960,#2961);
#2337=AXIS2_PLACEMENT_3D('',#3649,#2962,#2963);
#2338=AXIS2_PLACEMENT_3D('',#3650,#2964,#2965);
#2339=AXIS2_PLACEMENT_3D('',#3652,#2966,#2967);
#2340=AXIS2_PLACEMENT_3D('',#3653,#2968,#2969);
#2341=AXIS2_PLACEMENT_3D('',#3654,#2970,#2971);
#2342=AXIS2_PLACEMENT_3D('',#3656,#2972,#2973);
#2343=AXIS2_PLACEMENT_3D('',#3657,#2974,#2975);
#2344=AXIS2_PLACEMENT_3D('',#3658,#2976,#2977);
#2345=AXIS2_PLACEMENT_3D('',#3660,#2978,#2979);
#2346=AXIS2_PLACEMENT_3D('',#3661,#2980,#2981);
#2347=AXIS2_PLACEMENT_3D('',#3662,#2982,#2983);
#2348=AXIS2_PLACEMENT_3D('',#3664,#2984,#2985);
#2349=AXIS2_PLACEMENT_3D('',#3665,#2986,#2987);
#2350=AXIS2_PLACEMENT_3D('',#3666,#2988,#2989);
#2351=AXIS2_PLACEMENT_3D('',#3668,#2990,#2991);
#2352=AXIS2_PLACEMENT_3D('',#3669,#2992,#2993);
#2353=AXIS2_PLACEMENT_3D('',#3670,#2994,#2995);
#2354=AXIS2_PLACEMENT_3D('',#3672,#2996,#2997);
#2355=AXIS2_PLACEMENT_3D('',#3673,#2998,#2999);
#2356=AXIS2_PLACEMENT_3D('',#3674,#3000,#3001);
#2357=AXIS2_PLACEMENT_3D('',#3676,#3002,#3003);
#2358=AXIS2_PLACEMENT_3D('',#3677,#3004,#3005);
#2359=AXIS2_PLACEMENT_3D('',#3678,#3006,#3007);
#2360=AXIS2_PLACEMENT_3D('',#3680,#3008,#3009);
#2361=AXIS2_PLACEMENT_3D('',#3681,#3010,#3011);
#2362=AXIS2_PLACEMENT_3D('',#3682,#3012,#3013);
#2363=AXIS2_PLACEMENT_3D('',#3684,#3014,#3015);
#2364=AXIS2_PLACEMENT_3D('',#3685,#3016,#3017);
#2365=AXIS2_PLACEMENT_3D('',#3686,#3018,#3019);
#2366=AXIS2_PLACEMENT_3D('',#3688,#3020,#3021);
#2367=AXIS2_PLACEMENT_3D('',#3689,#3022,#3023);
#2368=AXIS2_PLACEMENT_3D('',#3690,#3024,#3025);
#2369=AXIS2_PLACEMENT_3D('',#3692,#3026,#3027);
#2370=AXIS2_PLACEMENT_3D('',#3693,#3028,#3029);
#2371=AXIS2_PLACEMENT_3D('',#3694,#3030,#3031);
#2372=AXIS2_PLACEMENT_3D('',#3696,#3032,#3033);
#2373=AXIS2_PLACEMENT_3D('',#3697,#3034,#3035);
#2374=AXIS2_PLACEMENT_3D('',#3698,#3036,#3037);
#2375=AXIS2_PLACEMENT_3D('',#3700,#3038,#3039);
#2376=AXIS2_PLACEMENT_3D('',#3701,#3040,#3041);
#2377=AXIS2_PLACEMENT_3D('',#3702,#3042,#3043);
#2378=AXIS2_PLACEMENT_3D('',#3704,#3044,#3045);
#2379=AXIS2_PLACEMENT_3D('',#3705,#3046,#3047);
#2380=AXIS2_PLACEMENT_3D('',#3706,#3048,#3049);
#2381=AXIS2_PLACEMENT_3D('',#3708,#3050,#3051);
#2382=AXIS2_PLACEMENT_3D('',#3709,#3052,#3053);
#2383=AXIS2_PLACEMENT_3D('',#3710,#3054,#3055);
#2384=AXIS2_PLACEMENT_3D('',#3712,#3056,#3057);
#2385=AXIS2_PLACEMENT_3D('',#3713,#3058,#3059);
#2386=AXIS2_PLACEMENT_3D('',#3714,#3060,#3061);
#2387=AXIS2_PLACEMENT_3D('',#3716,#3062,#3063);
#2388=AXIS2_PLACEMENT_3D('',#3717,#3064,#3065);
#2389=AXIS2_PLACEMENT_3D('',#3718,#3066,#3067);
#2390=AXIS2_PLACEMENT_3D('',#3720,#3068,#3069);
#2391=AXIS2_PLACEMENT_3D('',#3721,#3070,#3071);
#2392=AXIS2_PLACEMENT_3D('',#3722,#3072,#3073);
#2393=AXIS2_PLACEMENT_3D('',#3724,#3074,#3075);
#2394=AXIS2_PLACEMENT_3D('',#3725,#3076,#3077);
#2395=AXIS2_PLACEMENT_3D('',#3726,#3078,#3079);
#2396=AXIS2_PLACEMENT_3D('',#3728,#3080,#3081);
#2397=AXIS2_PLACEMENT_3D('',#3729,#3082,#3083);
#2398=AXIS2_PLACEMENT_3D('',#3730,#3084,#3085);
#2399=AXIS2_PLACEMENT_3D('',#3732,#3086,#3087);
#2400=AXIS2_PLACEMENT_3D('',#3733,#3088,#3089);
#2401=AXIS2_PLACEMENT_3D('',#3734,#3090,#3091);
#2402=AXIS2_PLACEMENT_3D('',#3736,#3092,#3093);
#2403=AXIS2_PLACEMENT_3D('',#3737,#3094,#3095);
#2404=AXIS2_PLACEMENT_3D('',#3738,#3096,#3097);
#2405=AXIS2_PLACEMENT_3D('',#3740,#3098,#3099);
#2406=AXIS2_PLACEMENT_3D('',#3741,#3100,#3101);
#2407=AXIS2_PLACEMENT_3D('',#3742,#3102,#3103);
#2408=AXIS2_PLACEMENT_3D('',#3744,#3104,#3105);
#2409=AXIS2_PLACEMENT_3D('',#3745,#3106,#3107);
#2410=AXIS2_PLACEMENT_3D('',#3746,#3108,#3109);
#2411=AXIS2_PLACEMENT_3D('',#3748,#3110,#3111);
#2412=AXIS2_PLACEMENT_3D('',#3749,#3112,#3113);
#2413=AXIS2_PLACEMENT_3D('',#3750,#3114,#3115);
#2414=AXIS2_PLACEMENT_3D('',#3752,#3116,#3117);
#2415=AXIS2_PLACEMENT_3D('',#3753,#3118,#3119);
#2416=AXIS2_PLACEMENT_3D('',#3754,#3120,#3121);
#2417=AXIS2_PLACEMENT_3D('',#3756,#3122,#3123);
#2418=AXIS2_PLACEMENT_3D('',#3757,#3124,#3125);
#2419=AXIS2_PLACEMENT_3D('',#3758,#3126,#3127);
#2420=AXIS2_PLACEMENT_3D('',#3760,#3128,#3129);
#2421=AXIS2_PLACEMENT_3D('',#3761,#3130,#3131);
#2422=AXIS2_PLACEMENT_3D('',#3762,#3132,#3133);
#2423=AXIS2_PLACEMENT_3D('',#3764,#3134,#3135);
#2424=AXIS2_PLACEMENT_3D('',#3765,#3136,#3137);
#2425=AXIS2_PLACEMENT_3D('',#3766,#3138,#3139);
#2426=AXIS2_PLACEMENT_3D('',#3768,#3140,#3141);
#2427=AXIS2_PLACEMENT_3D('',#3769,#3142,#3143);
#2428=AXIS2_PLACEMENT_3D('',#3770,#3144,#3145);
#2429=AXIS2_PLACEMENT_3D('',#3772,#3146,#3147);
#2430=AXIS2_PLACEMENT_3D('',#3773,#3148,#3149);
#2431=AXIS2_PLACEMENT_3D('',#3774,#3150,#3151);
#2432=AXIS2_PLACEMENT_3D('',#3776,#3152,#3153);
#2433=AXIS2_PLACEMENT_3D('',#3777,#3154,#3155);
#2434=AXIS2_PLACEMENT_3D('',#3778,#3156,#3157);
#2435=AXIS2_PLACEMENT_3D('',#3780,#3158,#3159);
#2436=AXIS2_PLACEMENT_3D('',#3781,#3160,#3161);
#2437=AXIS2_PLACEMENT_3D('',#3782,#3162,#3163);
#2438=AXIS2_PLACEMENT_3D('',#3783,#3164,#3165);
#2439=AXIS2_PLACEMENT_3D('',#3784,#3166,#3167);
#2440=AXIS2_PLACEMENT_3D('',#3785,#3168,#3169);
#2441=AXIS2_PLACEMENT_3D('',#3820,#3171,#3172);
#2442=AXIS2_PLACEMENT_3D('',#3821,#3173,#3174);
#2443=AXIS2_PLACEMENT_3D('',#3832,#3175,#3176);
#2444=AXIS2_PLACEMENT_3D('',#3867,#3178,#3179);
#2445=AXIS2_PLACEMENT_3D('',#3868,#3180,#3181);
#2446=AXIS2_PLACEMENT_3D('',#3879,#3182,#3183);
#2447=AXIS2_PLACEMENT_3D('',#3881,#3184,#3185);
#2448=AXIS2_PLACEMENT_3D('',#3886,#3189,#3190);
#2449=AXIS2_PLACEMENT_3D('',#3887,#3191,#3192);
#2450=AXIS2_PLACEMENT_3D('',#3889,#3193,#3194);
#2451=AXIS2_PLACEMENT_3D('',#3892,#3196,#3197);
#2452=AXIS2_PLACEMENT_3D('',#3893,#3198,#3199);
#2453=AXIS2_PLACEMENT_3D('',#3894,#3200,#3201);
#2454=AXIS2_PLACEMENT_3D('',#3895,#3202,#3203);
#2455=AXIS2_PLACEMENT_3D('',#3896,#3204,#3205);
#2456=AXIS2_PLACEMENT_3D('',#3897,#3206,#3207);
#2457=AXIS2_PLACEMENT_3D('',#3898,#3208,#3209);
#2458=DIRECTION('axis',(0.,0.,1.));
#2459=DIRECTION('refdir',(1.,0.,0.));
#2460=DIRECTION('axis',(0.,0.,1.));
#2461=DIRECTION('refdir',(1.,0.,0.));
#2462=DIRECTION('center_axis',(0.,0.,-1.));
#2463=DIRECTION('ref_axis',(-1.11022302462506E-15,1.,0.));
#2464=DIRECTION('center_axis',(0.,0.,1.));
#2465=DIRECTION('ref_axis',(-1.11022302462506E-15,1.,0.));
#2466=DIRECTION('',(0.,0.,-1.));
#2467=DIRECTION('center_axis',(0.,0.,-1.));
#2468=DIRECTION('ref_axis',(-1.11022302462506E-15,1.,0.));
#2469=DIRECTION('',(0.,0.,-1.));
#2470=DIRECTION('center_axis',(-1.,0.,0.));
#2471=DIRECTION('ref_axis',(0.,1.,0.));
#2472=DIRECTION('',(0.,-1.,0.));
#2473=DIRECTION('',(0.,1.,0.));
#2474=DIRECTION('',(0.,0.,-1.));
#2475=DIRECTION('center_axis',(1.,0.,0.));
#2476=DIRECTION('ref_axis',(0.,1.,0.));
#2477=DIRECTION('center_axis',(1.,0.,0.));
#2478=DIRECTION('ref_axis',(0.,1.,0.));
#2479=DIRECTION('center_axis',(0.,0.,-1.));
#2480=DIRECTION('ref_axis',(-0.999999999999958,2.90572641503659E-7,0.));
#2481=DIRECTION('center_axis',(0.,0.,1.));
#2482=DIRECTION('ref_axis',(-0.999999999999958,2.90572641503659E-7,0.));
#2483=DIRECTION('center_axis',(0.,0.,-1.));
#2484=DIRECTION('ref_axis',(-0.999999999999958,2.90572641503659E-7,0.));
#2485=DIRECTION('',(0.,0.,-1.));
#2486=DIRECTION('center_axis',(0.,1.,0.));
#2487=DIRECTION('ref_axis',(-1.,0.,0.));
#2488=DIRECTION('',(1.,0.,0.));
#2489=DIRECTION('',(-1.,0.,0.));
#2490=DIRECTION('',(0.,0.,-1.));
#2491=DIRECTION('',(-1.,0.,0.));
#2492=DIRECTION('',(0.,0.,1.));
#2493=DIRECTION('center_axis',(0.,-1.,0.));
#2494=DIRECTION('ref_axis',(1.,5.89377655047923E-16,0.));
#2495=DIRECTION('center_axis',(0.,-1.,0.));
#2496=DIRECTION('ref_axis',(1.,5.89377655047923E-16,0.));
#2497=DIRECTION('center_axis',(0.,0.,1.));
#2498=DIRECTION('ref_axis',(0.,-1.,0.));
#2499=DIRECTION('',(1.,0.,0.));
#2500=DIRECTION('',(0.,1.,0.));
#2501=DIRECTION('center_axis',(-1.,0.,0.));
#2502=DIRECTION('ref_axis',(0.,-1.,0.));
#2503=DIRECTION('',(0.,0.,1.));
#2504=DIRECTION('',(0.,1.,0.));
#2505=DIRECTION('',(0.,0.,1.));
#2506=DIRECTION('',(0.,1.,0.));
#2507=DIRECTION('',(0.,0.,-1.));
#2508=DIRECTION('',(0.,-1.,0.));
#2509=DIRECTION('center_axis',(1.,0.,0.));
#2510=DIRECTION('ref_axis',(0.,1.,0.));
#2511=DIRECTION('center_axis',(1.,0.,0.));
#2512=DIRECTION('ref_axis',(0.,1.,0.));
#2513=DIRECTION('center_axis',(-1.,0.,0.));
#2514=DIRECTION('ref_axis',(0.,1.,0.));
#2515=DIRECTION('',(-1.,0.,0.));
#2516=DIRECTION('center_axis',(-1.,0.,0.));
#2517=DIRECTION('ref_axis',(0.,1.,0.));
#2518=DIRECTION('',(-1.,0.,0.));
#2519=DIRECTION('center_axis',(-5.89377655047923E-16,1.,0.));
#2520=DIRECTION('ref_axis',(1.,5.89377655047923E-16,0.));
#2521=DIRECTION('center_axis',(-5.9211894646675E-16,1.,0.));
#2522=DIRECTION('ref_axis',(1.,5.89377655047923E-16,0.));
#2523=DIRECTION('',(-5.89377655047923E-16,1.,0.));
#2524=DIRECTION('center_axis',(-5.89377655047923E-16,1.,0.));
#2525=DIRECTION('ref_axis',(1.,5.89377655047923E-16,0.));
#2526=DIRECTION('center_axis',(0.,1.,0.));
#2527=DIRECTION('ref_axis',(1.,5.89377655047923E-16,0.));
#2528=DIRECTION('',(-5.89377655047923E-16,1.,0.));
#2529=DIRECTION('center_axis',(-5.9211894646675E-16,-1.,0.));
#2530=DIRECTION('ref_axis',(1.,5.89377655047923E-16,0.));
#2531=DIRECTION('center_axis',(-5.89377655047923E-16,1.,0.));
#2532=DIRECTION('ref_axis',(1.,5.89377655047923E-16,0.));
#2533=DIRECTION('center_axis',(-5.9211894646675E-16,1.,0.));
#2534=DIRECTION('ref_axis',(1.,5.89377655047923E-16,0.));
#2535=DIRECTION('',(-5.89377655047923E-16,1.,0.));
#2536=DIRECTION('center_axis',(-5.89377655047923E-16,1.,0.));
#2537=DIRECTION('ref_axis',(1.,5.89377655047923E-16,0.));
#2538=DIRECTION('center_axis',(0.,1.,0.));
#2539=DIRECTION('ref_axis',(1.,5.89377655047923E-16,0.));
#2540=DIRECTION('',(-5.89377655047923E-16,1.,0.));
#2541=DIRECTION('center_axis',(-5.9211894646675E-16,-1.,0.));
#2542=DIRECTION('ref_axis',(1.,5.89377655047923E-16,0.));
#2543=DIRECTION('center_axis',(0.,-1.,0.));
#2544=DIRECTION('ref_axis',(1.,0.,0.));
#2545=DIRECTION('',(0.,0.,1.));
#2546=DIRECTION('',(-1.,0.,0.));
#2547=DIRECTION('',(1.,0.,0.));
#2548=DIRECTION('center_axis',(0.,0.,1.));
#2549=DIRECTION('ref_axis',(0.,-1.,0.));
#2550=DIRECTION('',(-6.2172489379009E-15,1.,0.));
#2551=DIRECTION('',(1.,5.9211894646675E-16,0.));
#2552=DIRECTION('center_axis',(0.,0.,-1.));
#2553=DIRECTION('ref_axis',(0.,-1.,0.));
#2554=DIRECTION('',(-1.11869800954596E-15,1.,0.));
#2555=DIRECTION('center_axis',(0.,0.,1.));
#2556=DIRECTION('ref_axis',(4.16333634234434E-16,-1.,0.));
#2557=DIRECTION('',(1.,0.,0.));
#2558=DIRECTION('center_axis',(0.,0.,1.));
#2559=DIRECTION('ref_axis',(-1.,-4.16333634234435E-16,0.));
#2560=DIRECTION('',(6.77998793664218E-17,-1.,0.));
#2561=DIRECTION('center_axis',(0.,0.,-1.));
#2562=DIRECTION('ref_axis',(-1.,2.22044604925031E-15,0.));
#2563=DIRECTION('',(-1.,0.,0.));
#2564=DIRECTION('',(-1.,5.9211894646675E-16,0.));
#2565=DIRECTION('',(6.2172489379009E-15,1.,0.));
#2566=DIRECTION('center_axis',(0.,0.,-1.));
#2567=DIRECTION('ref_axis',(1.,2.46716227694479E-16,0.));
#2568=DIRECTION('',(5.96400798352357E-16,-1.,0.));
#2569=DIRECTION('center_axis',(0.,0.,-1.));
#2570=DIRECTION('ref_axis',(-1.,0.,0.));
#2571=DIRECTION('',(5.50523813863714E-17,1.,0.));
#2572=DIRECTION('center_axis',(5.9211894646675E-16,1.,0.));
#2573=DIRECTION('ref_axis',(-1.,5.9211894646675E-16,0.));
#2574=DIRECTION('',(1.,-5.9211894646675E-16,0.));
#2575=DIRECTION('',(0.,0.,1.));
#2576=DIRECTION('center_axis',(1.,6.2172489379009E-15,0.));
#2577=DIRECTION('ref_axis',(-6.2172489379009E-15,1.,0.));
#2578=DIRECTION('',(0.,0.,1.));
#2579=DIRECTION('',(6.2172489379009E-15,-1.,0.));
#2580=DIRECTION('center_axis',(5.9211894646675E-16,-1.,0.));
#2581=DIRECTION('ref_axis',(1.,5.9211894646675E-16,0.));
#2582=DIRECTION('',(0.,0.,1.));
#2583=DIRECTION('',(-1.,0.,0.));
#2584=DIRECTION('',(0.,0.,1.));
#2585=DIRECTION('',(-1.,-5.9211894646675E-16,0.));
#2586=DIRECTION('center_axis',(0.,0.,1.));
#2587=DIRECTION('ref_axis',(0.,-1.,0.));
#2588=DIRECTION('',(6.77998793664218E-17,-1.,0.));
#2589=DIRECTION('center_axis',(0.,0.,1.));
#2590=DIRECTION('ref_axis',(-1.,-4.16333634234435E-16,0.));
#2591=DIRECTION('',(1.,0.,0.));
#2592=DIRECTION('center_axis',(0.,0.,1.));
#2593=DIRECTION('ref_axis',(4.16333634234434E-16,-1.,0.));
#2594=DIRECTION('',(-1.11869800954596E-15,1.,0.));
#2595=DIRECTION('center_axis',(0.,0.,-1.));
#2596=DIRECTION('ref_axis',(0.,-1.,0.));
#2597=DIRECTION('center_axis',(0.,0.,-1.));
#2598=DIRECTION('ref_axis',(-1.,2.22044604925031E-15,0.));
#2599=DIRECTION('',(5.50523813863714E-17,1.,0.));
#2600=DIRECTION('center_axis',(0.,0.,-1.));
#2601=DIRECTION('ref_axis',(-1.,0.,0.));
#2602=DIRECTION('',(5.96400798352357E-16,-1.,0.));
#2603=DIRECTION('center_axis',(0.,0.,-1.));
#2604=DIRECTION('ref_axis',(1.,2.46716227694479E-16,0.));
#2605=DIRECTION('center_axis',(1.,-6.2172489379009E-15,0.));
#2606=DIRECTION('ref_axis',(6.2172489379009E-15,1.,0.));
#2607=DIRECTION('',(-6.2172489379009E-15,-1.,0.));
#2608=DIRECTION('center_axis',(-1.,-5.96400798352357E-16,0.));
#2609=DIRECTION('ref_axis',(5.96400798352357E-16,-1.,0.));
#2610=DIRECTION('',(0.,0.,1.));
#2611=DIRECTION('',(0.,0.,1.));
#2612=DIRECTION('center_axis',(0.,0.,1.));
#2613=DIRECTION('ref_axis',(-1.,0.,0.));
#2614=DIRECTION('',(0.,0.,1.));
#2615=DIRECTION('center_axis',(1.,-5.50523813863714E-17,0.));
#2616=DIRECTION('ref_axis',(5.50523813863714E-17,1.,0.));
#2617=DIRECTION('',(0.,0.,1.));
#2618=DIRECTION('center_axis',(0.,0.,1.));
#2619=DIRECTION('ref_axis',(1.,2.46716227694479E-16,0.));
#2620=DIRECTION('center_axis',(1.,1.11869800954596E-15,0.));
#2621=DIRECTION('ref_axis',(-1.11869800954596E-15,1.,0.));
#2622=DIRECTION('',(0.,0.,1.));
#2623=DIRECTION('',(0.,0.,1.));
#2624=DIRECTION('center_axis',(0.,0.,1.));
#2625=DIRECTION('ref_axis',(4.16333634234434E-16,-1.,0.));
#2626=DIRECTION('',(0.,0.,1.));
#2627=DIRECTION('center_axis',(0.,-1.,0.));
#2628=DIRECTION('ref_axis',(1.,0.,0.));
#2629=DIRECTION('',(0.,0.,1.));
#2630=DIRECTION('center_axis',(0.,0.,1.));
#2631=DIRECTION('ref_axis',(-1.,-4.16333634234435E-16,0.));
#2632=DIRECTION('',(0.,0.,1.));
#2633=DIRECTION('center_axis',(-1.,-6.77998793664218E-17,0.));
#2634=DIRECTION('ref_axis',(6.77998793664218E-17,-1.,0.));
#2635=DIRECTION('',(0.,0.,1.));
#2636=DIRECTION('center_axis',(0.,0.,1.));
#2637=DIRECTION('ref_axis',(-1.,2.22044604925031E-15,0.));
#2638=DIRECTION('center_axis',(0.,0.,1.));
#2639=DIRECTION('ref_axis',(0.,-1.,0.));
#2640=DIRECTION('center_axis',(0.,0.,1.));
#2641=DIRECTION('ref_axis',(0.,-1.,0.));
#2642=DIRECTION('center_axis',(0.,0.,1.));
#2643=DIRECTION('ref_axis',(0.,-1.,0.));
#2644=DIRECTION('axis',(0.,0.,1.));
#2645=DIRECTION('refdir',(1.,0.,0.));
#2646=DIRECTION('center_axis',(1.,0.,7.40148683083438E-16));
#2647=DIRECTION('ref_axis',(7.40148683083438E-16,0.,-1.));
#2648=DIRECTION('',(0.,0.,1.));
#2649=DIRECTION('',(0.,1.,0.));
#2650=DIRECTION('',(7.40148683083438E-16,0.,-1.));
#2651=DIRECTION('',(0.,-1.,0.));
#2652=DIRECTION('center_axis',(-1.,0.,9.71445146547012E-16));
#2653=DIRECTION('ref_axis',(9.71445146547012E-16,0.,1.));
#2654=DIRECTION('',(0.,0.,-1.));
#2655=DIRECTION('',(0.,1.,0.));
#2656=DIRECTION('',(9.71445146547012E-16,0.,1.));
#2657=DIRECTION('',(0.,-1.,0.));
#2658=DIRECTION('center_axis',(0.,1.,0.));
#2659=DIRECTION('ref_axis',(0.,0.,1.));
#2660=DIRECTION('',(-1.,0.,0.));
#2661=DIRECTION('',(-1.,0.,0.));
#2662=DIRECTION('',(1.,0.,0.));
#2663=DIRECTION('center_axis',(0.,0.,-1.));
#2664=DIRECTION('ref_axis',(-1.,0.,0.));
#2665=DIRECTION('center_axis',(0.,0.,-1.));
#2666=DIRECTION('ref_axis',(1.,0.,0.));
#2667=DIRECTION('center_axis',(0.,0.,-1.));
#2668=DIRECTION('ref_axis',(0.291674735813114,0.956517563084103,0.));
#2669=DIRECTION('',(0.223831620355011,0.974627829342693,0.));
#2670=DIRECTION('center_axis',(0.,0.,1.));
#2671=DIRECTION('ref_axis',(0.155077163835463,0.987902360183813,0.));
#2672=DIRECTION('center_axis',(0.,0.,-1.));
#2673=DIRECTION('ref_axis',(-4.17705636014766E-17,1.,0.));
#2674=DIRECTION('center_axis',(0.,0.,1.));
#2675=DIRECTION('ref_axis',(0.974627829342692,0.223831620355017,0.));
#2676=DIRECTION('',(0.223831620355011,-0.974627829342693,0.));
#2677=DIRECTION('center_axis',(0.,0.,-1.));
#2678=DIRECTION('ref_axis',(0.974627829342692,0.223831620355017,0.));
#2679=DIRECTION('center_axis',(0.,0.,-1.));
#2680=DIRECTION('ref_axis',(1.,0.,0.));
#2681=DIRECTION('center_axis',(0.,0.,-1.));
#2682=DIRECTION('ref_axis',(-0.179434150445752,-0.983769986152155,0.));
#2683=DIRECTION('',(0.573576436351044,0.819152044288993,0.));
#2684=DIRECTION('center_axis',(0.,0.,1.));
#2685=DIRECTION('ref_axis',(-0.0216774371071896,-0.999765016751668,0.));
#2686=DIRECTION('center_axis',(0.,0.,-1.));
#2687=DIRECTION('ref_axis',(2.04653949234065E-16,-1.,0.));
#2688=DIRECTION('center_axis',(0.,0.,1.));
#2689=DIRECTION('ref_axis',(-0.819152044288992,-0.573576436351045,0.));
#2690=DIRECTION('',(0.573576436351044,-0.819152044288993,0.));
#2691=DIRECTION('center_axis',(0.,0.,-1.));
#2692=DIRECTION('ref_axis',(-0.819152044288992,-0.573576436351046,0.));
#2693=DIRECTION('center_axis',(0.,0.,-1.));
#2694=DIRECTION('ref_axis',(1.,0.,0.));
#2695=DIRECTION('center_axis',(0.,0.,1.));
#2696=DIRECTION('ref_axis',(1.,0.,0.));
#2697=DIRECTION('center_axis',(0.,0.,1.));
#2698=DIRECTION('ref_axis',(1.,0.,0.));
#2699=DIRECTION('center_axis',(0.,0.,1.));
#2700=DIRECTION('ref_axis',(1.,0.,0.));
#2701=DIRECTION('center_axis',(0.,0.,1.));
#2702=DIRECTION('ref_axis',(1.,0.,0.));
#2703=DIRECTION('center_axis',(0.,0.,-1.));
#2704=DIRECTION('ref_axis',(1.,0.,0.));
#2705=DIRECTION('center_axis',(0.,0.,-1.));
#2706=DIRECTION('ref_axis',(1.,0.,0.));
#2707=DIRECTION('center_axis',(0.,0.,-1.));
#2708=DIRECTION('ref_axis',(1.,0.,0.));
#2709=DIRECTION('center_axis',(0.,0.,-1.));
#2710=DIRECTION('ref_axis',(-0.819152044288992,-0.573576436351046,0.));
#2711=DIRECTION('',(0.573576436351044,-0.819152044288993,0.));
#2712=DIRECTION('center_axis',(0.,0.,1.));
#2713=DIRECTION('ref_axis',(-0.819152044288992,-0.573576436351045,0.));
#2714=DIRECTION('center_axis',(0.,0.,-1.));
#2715=DIRECTION('ref_axis',(2.04653949234065E-16,-1.,0.));
#2716=DIRECTION('center_axis',(0.,0.,1.));
#2717=DIRECTION('ref_axis',(-0.0216774371071896,-0.999765016751668,0.));
#2718=DIRECTION('',(0.573576436351044,0.819152044288993,0.));
#2719=DIRECTION('center_axis',(0.,0.,-1.));
#2720=DIRECTION('ref_axis',(-0.179434150445752,-0.983769986152155,0.));
#2721=DIRECTION('center_axis',(0.,0.,-1.));
#2722=DIRECTION('ref_axis',(1.,0.,0.));
#2723=DIRECTION('center_axis',(0.,0.,-1.));
#2724=DIRECTION('ref_axis',(0.974627829342692,0.223831620355017,0.));
#2725=DIRECTION('',(0.223831620355011,-0.974627829342693,0.));
#2726=DIRECTION('center_axis',(0.,0.,1.));
#2727=DIRECTION('ref_axis',(0.974627829342692,0.223831620355017,0.));
#2728=DIRECTION('center_axis',(0.,0.,-1.));
#2729=DIRECTION('ref_axis',(-4.17705636014766E-17,1.,0.));
#2730=DIRECTION('center_axis',(0.,0.,1.));
#2731=DIRECTION('ref_axis',(0.155077163835463,0.987902360183813,0.));
#2732=DIRECTION('',(0.223831620355011,0.974627829342693,0.));
#2733=DIRECTION('center_axis',(0.,0.,-1.));
#2734=DIRECTION('ref_axis',(0.291674735813114,0.956517563084103,0.));
#2735=DIRECTION('center_axis',(0.,0.,-1.));
#2736=DIRECTION('ref_axis',(1.,0.,0.));
#2737=DIRECTION('center_axis',(0.,0.,-1.));
#2738=DIRECTION('ref_axis',(1.,0.,0.));
#2739=DIRECTION('center_axis',(0.974627829342693,-0.223831620355011,0.));
#2740=DIRECTION('ref_axis',(-0.223831620355011,-0.974627829342693,0.));
#2741=DIRECTION('',(0.,0.,-1.));
#2742=DIRECTION('',(0.,0.,-1.));
#2743=DIRECTION('center_axis',(0.,0.,-1.));
#2744=DIRECTION('ref_axis',(0.291674735813114,0.956517563084103,0.));
#2745=DIRECTION('',(0.,0.,-1.));
#2746=DIRECTION('center_axis',(0.,0.,-1.));
#2747=DIRECTION('ref_axis',(-1.,0.,0.));
#2748=DIRECTION('',(0.,0.,-1.));
#2749=DIRECTION('center_axis',(0.,0.,-1.));
#2750=DIRECTION('ref_axis',(-1.,0.,0.));
#2751=DIRECTION('',(0.,0.,-1.));
#2752=DIRECTION('center_axis',(0.,0.,-1.));
#2753=DIRECTION('ref_axis',(0.974627829342692,0.223831620355017,0.));
#2754=DIRECTION('',(0.,0.,-1.));
#2755=DIRECTION('',(0.,0.,-1.));
#2756=DIRECTION('center_axis',(-0.974627829342693,-0.223831620355011,0.));
#2757=DIRECTION('ref_axis',(-0.223831620355011,0.974627829342693,0.));
#2758=DIRECTION('',(0.,0.,-1.));
#2759=DIRECTION('center_axis',(0.,0.,-1.));
#2760=DIRECTION('ref_axis',(0.974627829342692,0.223831620355017,0.));
#2761=DIRECTION('',(0.,0.,-1.));
#2762=DIRECTION('center_axis',(0.,0.,-1.));
#2763=DIRECTION('ref_axis',(1.64235243516212E-16,-1.,0.));
#2764=DIRECTION('',(0.,0.,-1.));
#2765=DIRECTION('center_axis',(0.,0.,-1.));
#2766=DIRECTION('ref_axis',(0.155077163835463,0.987902360183813,0.));
#2767=DIRECTION('center_axis',(-0.819152044288993,-0.573576436351044,0.));
#2768=DIRECTION('ref_axis',(-0.573576436351044,0.819152044288993,0.));
#2769=DIRECTION('',(0.,0.,-1.));
#2770=DIRECTION('',(0.,0.,-1.));
#2771=DIRECTION('center_axis',(0.,0.,-1.));
#2772=DIRECTION('ref_axis',(-0.819152044288992,-0.573576436351046,0.));
#2773=DIRECTION('',(0.,0.,-1.));
#2774=DIRECTION('center_axis',(0.,0.,-1.));
#2775=DIRECTION('ref_axis',(-1.,0.,0.));
#2776=DIRECTION('',(0.,0.,-1.));
#2777=DIRECTION('center_axis',(0.,0.,-1.));
#2778=DIRECTION('ref_axis',(-0.179434150445752,-0.983769986152155,0.));
#2779=DIRECTION('',(0.,0.,-1.));
#2780=DIRECTION('',(0.,0.,-1.));
#2781=DIRECTION('center_axis',(0.819152044288993,-0.573576436351044,0.));
#2782=DIRECTION('ref_axis',(-0.573576436351044,-0.819152044288993,0.));
#2783=DIRECTION('',(0.,0.,-1.));
#2784=DIRECTION('center_axis',(0.,0.,-1.));
#2785=DIRECTION('ref_axis',(-0.0216774371071896,-0.999765016751668,0.));
#2786=DIRECTION('',(0.,0.,-1.));
#2787=DIRECTION('center_axis',(0.,0.,-1.));
#2788=DIRECTION('ref_axis',(-3.271186291488E-16,1.,0.));
#2789=DIRECTION('',(0.,0.,-1.));
#2790=DIRECTION('center_axis',(0.,0.,-1.));
#2791=DIRECTION('ref_axis',(-0.819152044288992,-0.573576436351045,0.));
#2792=DIRECTION('center_axis',(0.,0.,-1.));
#2793=DIRECTION('ref_axis',(0.998331026818424,0.0577508518696659,0.));
#2794=DIRECTION('center_axis',(0.,0.,-1.));
#2795=DIRECTION('ref_axis',(-1.,0.,0.));
#2796=DIRECTION('center_axis',(0.,0.,-1.));
#2797=DIRECTION('ref_axis',(-1.,0.,0.));
#2798=DIRECTION('center_axis',(0.,0.,-1.));
#2799=DIRECTION('ref_axis',(1.,0.,0.));
#2800=DIRECTION('',(0.,0.,1.));
#2801=DIRECTION('center_axis',(0.,0.,-1.));
#2802=DIRECTION('ref_axis',(-1.,0.,0.));
#2803=DIRECTION('center_axis',(0.,0.,-1.));
#2804=DIRECTION('ref_axis',(1.,0.,0.));
#2805=DIRECTION('center_axis',(0.,0.,-1.));
#2806=DIRECTION('ref_axis',(-1.,0.,0.));
#2807=DIRECTION('center_axis',(0.,0.,-1.));
#2808=DIRECTION('ref_axis',(1.,0.,0.));
#2809=DIRECTION('center_axis',(0.,0.,-1.));
#2810=DIRECTION('ref_axis',(1.,0.,0.));
#2811=DIRECTION('',(0.,0.,1.));
#2812=DIRECTION('center_axis',(0.,0.,1.));
#2813=DIRECTION('ref_axis',(1.,0.,0.));
#2814=DIRECTION('center_axis',(0.,0.,-1.));
#2815=DIRECTION('ref_axis',(1.,0.,0.));
#2816=DIRECTION('center_axis',(0.,0.,-1.));
#2817=DIRECTION('ref_axis',(1.83697019872103E-16,-1.,0.));
#2818=DIRECTION('center_axis',(0.,0.,-1.));
#2819=DIRECTION('ref_axis',(-1.,0.,0.));
#2820=DIRECTION('center_axis',(0.,0.,-1.));
#2821=DIRECTION('ref_axis',(1.,0.,0.));
#2822=DIRECTION('center_axis',(-1.22464679914735E-16,-1.,0.));
#2823=DIRECTION('ref_axis',(1.,-1.22464679914735E-16,0.));
#2824=DIRECTION('center_axis',(0.,0.,-1.));
#2825=DIRECTION('ref_axis',(1.,0.,0.));
#2826=DIRECTION('center_axis',(0.,0.,-1.));
#2827=DIRECTION('ref_axis',(-1.,0.,0.));
#2828=DIRECTION('center_axis',(0.,0.,-1.));
#2829=DIRECTION('ref_axis',(1.,0.,0.));
#2830=DIRECTION('center_axis',(-1.22464679914735E-16,-1.,0.));
#2831=DIRECTION('ref_axis',(1.,-1.22464679914735E-16,0.));
#2832=DIRECTION('center_axis',(0.,0.,-1.));
#2833=DIRECTION('ref_axis',(-1.,0.,0.));
#2834=DIRECTION('center_axis',(0.,0.,-1.));
#2835=DIRECTION('ref_axis',(1.,0.,0.));
#2836=DIRECTION('center_axis',(-1.22464679914735E-16,-1.,0.));
#2837=DIRECTION('ref_axis',(1.,-1.22464679914735E-16,0.));
#2838=DIRECTION('center_axis',(0.,0.,-1.));
#2839=DIRECTION('ref_axis',(-1.,0.,0.));
#2840=DIRECTION('center_axis',(0.,0.,-1.));
#2841=DIRECTION('ref_axis',(1.,0.,0.));
#2842=DIRECTION('center_axis',(-1.22464679914735E-16,-1.,0.));
#2843=DIRECTION('ref_axis',(1.,-1.22464679914735E-16,0.));
#2844=DIRECTION('center_axis',(0.,0.,-1.));
#2845=DIRECTION('ref_axis',(-1.,0.,0.));
#2846=DIRECTION('center_axis',(0.,0.,-1.));
#2847=DIRECTION('ref_axis',(1.,0.,0.));
#2848=DIRECTION('center_axis',(-1.22464679914735E-16,-1.,0.));
#2849=DIRECTION('ref_axis',(1.,-1.22464679914735E-16,0.));
#2850=DIRECTION('center_axis',(0.,0.,-1.));
#2851=DIRECTION('ref_axis',(-1.,0.,0.));
#2852=DIRECTION('center_axis',(0.,0.,-1.));
#2853=DIRECTION('ref_axis',(1.,0.,0.));
#2854=DIRECTION('center_axis',(-1.22464679914735E-16,-1.,0.));
#2855=DIRECTION('ref_axis',(1.,-1.22464679914735E-16,0.));
#2856=DIRECTION('center_axis',(0.,0.,-1.));
#2857=DIRECTION('ref_axis',(-1.,0.,0.));
#2858=DIRECTION('center_axis',(0.,0.,-1.));
#2859=DIRECTION('ref_axis',(1.,0.,0.));
#2860=DIRECTION('center_axis',(-1.22464679914735E-16,-1.,0.));
#2861=DIRECTION('ref_axis',(1.,-1.22464679914735E-16,0.));
#2862=DIRECTION('center_axis',(0.,0.,-1.));
#2863=DIRECTION('ref_axis',(-1.,0.,0.));
#2864=DIRECTION('center_axis',(0.,0.,-1.));
#2865=DIRECTION('ref_axis',(1.,0.,0.));
#2866=DIRECTION('center_axis',(-1.22464679914735E-16,-1.,0.));
#2867=DIRECTION('ref_axis',(1.,-1.22464679914735E-16,0.));
#2868=DIRECTION('center_axis',(0.,0.,-1.));
#2869=DIRECTION('ref_axis',(-1.,0.,0.));
#2870=DIRECTION('center_axis',(0.,0.,-1.));
#2871=DIRECTION('ref_axis',(1.,0.,0.));
#2872=DIRECTION('center_axis',(-1.22464679914735E-16,-1.,0.));
#2873=DIRECTION('ref_axis',(1.,-1.22464679914735E-16,0.));
#2874=DIRECTION('center_axis',(0.,0.,-1.));
#2875=DIRECTION('ref_axis',(-1.,0.,0.));
#2876=DIRECTION('center_axis',(0.,0.,-1.));
#2877=DIRECTION('ref_axis',(1.,0.,0.));
#2878=DIRECTION('center_axis',(-1.22464679914735E-16,-1.,0.));
#2879=DIRECTION('ref_axis',(1.,-1.22464679914735E-16,0.));
#2880=DIRECTION('center_axis',(0.,0.,-1.));
#2881=DIRECTION('ref_axis',(-1.,0.,0.));
#2882=DIRECTION('center_axis',(0.,0.,-1.));
#2883=DIRECTION('ref_axis',(1.,0.,0.));
#2884=DIRECTION('center_axis',(-1.22464679914735E-16,-1.,0.));
#2885=DIRECTION('ref_axis',(1.,-1.22464679914735E-16,0.));
#2886=DIRECTION('center_axis',(0.,0.,-1.));
#2887=DIRECTION('ref_axis',(-1.,0.,0.));
#2888=DIRECTION('center_axis',(0.,0.,-1.));
#2889=DIRECTION('ref_axis',(1.,0.,0.));
#2890=DIRECTION('center_axis',(-1.22464679914735E-16,-1.,0.));
#2891=DIRECTION('ref_axis',(1.,-1.22464679914735E-16,0.));
#2892=DIRECTION('center_axis',(0.,0.,-1.));
#2893=DIRECTION('ref_axis',(-1.,0.,0.));
#2894=DIRECTION('center_axis',(0.,0.,-1.));
#2895=DIRECTION('ref_axis',(1.,0.,0.));
#2896=DIRECTION('center_axis',(-1.22464679914735E-16,-1.,0.));
#2897=DIRECTION('ref_axis',(1.,-1.22464679914735E-16,0.));
#2898=DIRECTION('center_axis',(0.,0.,-1.));
#2899=DIRECTION('ref_axis',(-1.,0.,0.));
#2900=DIRECTION('center_axis',(0.,0.,-1.));
#2901=DIRECTION('ref_axis',(1.,0.,0.));
#2902=DIRECTION('center_axis',(-1.22464679914735E-16,-1.,0.));
#2903=DIRECTION('ref_axis',(1.,-1.22464679914735E-16,0.));
#2904=DIRECTION('center_axis',(0.,0.,-1.));
#2905=DIRECTION('ref_axis',(-1.,0.,0.));
#2906=DIRECTION('center_axis',(0.,0.,-1.));
#2907=DIRECTION('ref_axis',(1.,0.,0.));
#2908=DIRECTION('center_axis',(-1.22464679914735E-16,-1.,0.));
#2909=DIRECTION('ref_axis',(1.,-1.22464679914735E-16,0.));
#2910=DIRECTION('center_axis',(0.,0.,-1.));
#2911=DIRECTION('ref_axis',(-1.,0.,0.));
#2912=DIRECTION('center_axis',(0.,0.,-1.));
#2913=DIRECTION('ref_axis',(1.,0.,0.));
#2914=DIRECTION('center_axis',(-1.22464679914735E-16,-1.,0.));
#2915=DIRECTION('ref_axis',(1.,-1.22464679914735E-16,0.));
#2916=DIRECTION('center_axis',(0.,0.,-1.));
#2917=DIRECTION('ref_axis',(-1.,0.,0.));
#2918=DIRECTION('center_axis',(0.,0.,-1.));
#2919=DIRECTION('ref_axis',(1.,0.,0.));
#2920=DIRECTION('center_axis',(-1.22464679914735E-16,-1.,0.));
#2921=DIRECTION('ref_axis',(1.,-1.22464679914735E-16,0.));
#2922=DIRECTION('center_axis',(0.,0.,-1.));
#2923=DIRECTION('ref_axis',(-1.,0.,0.));
#2924=DIRECTION('center_axis',(0.,0.,-1.));
#2925=DIRECTION('ref_axis',(1.,0.,0.));
#2926=DIRECTION('center_axis',(-1.22464679914735E-16,-1.,0.));
#2927=DIRECTION('ref_axis',(1.,-1.22464679914735E-16,0.));
#2928=DIRECTION('center_axis',(0.,0.,-1.));
#2929=DIRECTION('ref_axis',(-1.,0.,0.));
#2930=DIRECTION('center_axis',(0.,0.,-1.));
#2931=DIRECTION('ref_axis',(1.,0.,0.));
#2932=DIRECTION('center_axis',(-1.22464679914735E-16,-1.,0.));
#2933=DIRECTION('ref_axis',(1.,-1.22464679914735E-16,0.));
#2934=DIRECTION('center_axis',(0.,0.,-1.));
#2935=DIRECTION('ref_axis',(-1.,0.,0.));
#2936=DIRECTION('center_axis',(0.,0.,-1.));
#2937=DIRECTION('ref_axis',(1.,0.,0.));
#2938=DIRECTION('center_axis',(-1.22464679914735E-16,-1.,0.));
#2939=DIRECTION('ref_axis',(1.,-1.22464679914735E-16,0.));
#2940=DIRECTION('center_axis',(0.,0.,-1.));
#2941=DIRECTION('ref_axis',(-1.,0.,0.));
#2942=DIRECTION('center_axis',(0.,0.,-1.));
#2943=DIRECTION('ref_axis',(1.,0.,0.));
#2944=DIRECTION('center_axis',(-1.22464679914735E-16,-1.,0.));
#2945=DIRECTION('ref_axis',(1.,-1.22464679914735E-16,0.));
#2946=DIRECTION('center_axis',(0.,0.,-1.));
#2947=DIRECTION('ref_axis',(-1.,0.,0.));
#2948=DIRECTION('center_axis',(0.,0.,-1.));
#2949=DIRECTION('ref_axis',(1.,0.,0.));
#2950=DIRECTION('center_axis',(-1.22464679914735E-16,-1.,0.));
#2951=DIRECTION('ref_axis',(1.,-1.22464679914735E-16,0.));
#2952=DIRECTION('center_axis',(0.,0.,-1.));
#2953=DIRECTION('ref_axis',(-1.,0.,0.));
#2954=DIRECTION('center_axis',(0.,0.,-1.));
#2955=DIRECTION('ref_axis',(1.,0.,0.));
#2956=DIRECTION('center_axis',(-1.22464679914735E-16,-1.,0.));
#2957=DIRECTION('ref_axis',(1.,-1.22464679914735E-16,0.));
#2958=DIRECTION('center_axis',(0.,0.,-1.));
#2959=DIRECTION('ref_axis',(-1.,0.,0.));
#2960=DIRECTION('center_axis',(0.,0.,-1.));
#2961=DIRECTION('ref_axis',(1.,0.,0.));
#2962=DIRECTION('center_axis',(-1.22464679914735E-16,-1.,0.));
#2963=DIRECTION('ref_axis',(1.,-1.22464679914735E-16,0.));
#2964=DIRECTION('center_axis',(0.,0.,-1.));
#2965=DIRECTION('ref_axis',(-1.,0.,0.));
#2966=DIRECTION('center_axis',(0.,0.,-1.));
#2967=DIRECTION('ref_axis',(1.,0.,0.));
#2968=DIRECTION('center_axis',(-1.22464679914735E-16,-1.,0.));
#2969=DIRECTION('ref_axis',(1.,-1.22464679914735E-16,0.));
#2970=DIRECTION('center_axis',(0.,0.,-1.));
#2971=DIRECTION('ref_axis',(-1.,0.,0.));
#2972=DIRECTION('center_axis',(0.,0.,-1.));
#2973=DIRECTION('ref_axis',(1.,0.,0.));
#2974=DIRECTION('center_axis',(-1.22464679914735E-16,-1.,0.));
#2975=DIRECTION('ref_axis',(1.,-1.22464679914735E-16,0.));
#2976=DIRECTION('center_axis',(0.,0.,-1.));
#2977=DIRECTION('ref_axis',(-1.,0.,0.));
#2978=DIRECTION('center_axis',(0.,0.,-1.));
#2979=DIRECTION('ref_axis',(1.,0.,0.));
#2980=DIRECTION('center_axis',(-1.22464679914735E-16,-1.,0.));
#2981=DIRECTION('ref_axis',(1.,-1.22464679914735E-16,0.));
#2982=DIRECTION('center_axis',(0.,0.,-1.));
#2983=DIRECTION('ref_axis',(-1.,0.,0.));
#2984=DIRECTION('center_axis',(0.,0.,-1.));
#2985=DIRECTION('ref_axis',(1.,0.,0.));
#2986=DIRECTION('center_axis',(-1.22464679914735E-16,-1.,0.));
#2987=DIRECTION('ref_axis',(1.,-1.22464679914735E-16,0.));
#2988=DIRECTION('center_axis',(0.,0.,-1.));
#2989=DIRECTION('ref_axis',(-1.,0.,0.));
#2990=DIRECTION('center_axis',(0.,0.,-1.));
#2991=DIRECTION('ref_axis',(1.,0.,0.));
#2992=DIRECTION('center_axis',(-1.22464679914735E-16,-1.,0.));
#2993=DIRECTION('ref_axis',(1.,-1.22464679914735E-16,0.));
#2994=DIRECTION('center_axis',(0.,0.,-1.));
#2995=DIRECTION('ref_axis',(-1.,0.,0.));
#2996=DIRECTION('center_axis',(0.,0.,-1.));
#2997=DIRECTION('ref_axis',(1.,0.,0.));
#2998=DIRECTION('center_axis',(-1.22464679914735E-16,-1.,0.));
#2999=DIRECTION('ref_axis',(1.,-1.22464679914735E-16,0.));
#3000=DIRECTION('center_axis',(0.,0.,-1.));
#3001=DIRECTION('ref_axis',(-1.,0.,0.));
#3002=DIRECTION('center_axis',(0.,0.,-1.));
#3003=DIRECTION('ref_axis',(1.,0.,0.));
#3004=DIRECTION('center_axis',(-1.22464679914735E-16,-1.,0.));
#3005=DIRECTION('ref_axis',(1.,-1.22464679914735E-16,0.));
#3006=DIRECTION('center_axis',(0.,0.,-1.));
#3007=DIRECTION('ref_axis',(-1.,0.,0.));
#3008=DIRECTION('center_axis',(0.,0.,-1.));
#3009=DIRECTION('ref_axis',(1.,0.,0.));
#3010=DIRECTION('center_axis',(-1.22464679914735E-16,-1.,0.));
#3011=DIRECTION('ref_axis',(1.,-1.22464679914735E-16,0.));
#3012=DIRECTION('center_axis',(0.,0.,-1.));
#3013=DIRECTION('ref_axis',(-1.,0.,0.));
#3014=DIRECTION('center_axis',(0.,0.,-1.));
#3015=DIRECTION('ref_axis',(1.,0.,0.));
#3016=DIRECTION('center_axis',(-1.22464679914735E-16,-1.,0.));
#3017=DIRECTION('ref_axis',(1.,-1.22464679914735E-16,0.));
#3018=DIRECTION('center_axis',(0.,0.,-1.));
#3019=DIRECTION('ref_axis',(-1.,0.,0.));
#3020=DIRECTION('center_axis',(0.,0.,-1.));
#3021=DIRECTION('ref_axis',(1.,0.,0.));
#3022=DIRECTION('center_axis',(-1.22464679914735E-16,-1.,0.));
#3023=DIRECTION('ref_axis',(1.,-1.22464679914735E-16,0.));
#3024=DIRECTION('center_axis',(0.,0.,-1.));
#3025=DIRECTION('ref_axis',(-1.,0.,0.));
#3026=DIRECTION('center_axis',(0.,0.,-1.));
#3027=DIRECTION('ref_axis',(1.,0.,0.));
#3028=DIRECTION('center_axis',(-1.22464679914735E-16,-1.,0.));
#3029=DIRECTION('ref_axis',(1.,-1.22464679914735E-16,0.));
#3030=DIRECTION('center_axis',(0.,0.,-1.));
#3031=DIRECTION('ref_axis',(-1.,0.,0.));
#3032=DIRECTION('center_axis',(0.,0.,-1.));
#3033=DIRECTION('ref_axis',(1.,0.,0.));
#3034=DIRECTION('center_axis',(-1.22464679914735E-16,-1.,0.));
#3035=DIRECTION('ref_axis',(1.,-1.22464679914735E-16,0.));
#3036=DIRECTION('center_axis',(0.,0.,-1.));
#3037=DIRECTION('ref_axis',(-1.,0.,0.));
#3038=DIRECTION('center_axis',(0.,0.,-1.));
#3039=DIRECTION('ref_axis',(1.,0.,0.));
#3040=DIRECTION('center_axis',(-1.22464679914735E-16,-1.,0.));
#3041=DIRECTION('ref_axis',(1.,-1.22464679914735E-16,0.));
#3042=DIRECTION('center_axis',(0.,0.,-1.));
#3043=DIRECTION('ref_axis',(-1.,0.,0.));
#3044=DIRECTION('center_axis',(0.,0.,-1.));
#3045=DIRECTION('ref_axis',(1.,0.,0.));
#3046=DIRECTION('center_axis',(-1.22464679914735E-16,-1.,0.));
#3047=DIRECTION('ref_axis',(1.,-1.22464679914735E-16,0.));
#3048=DIRECTION('center_axis',(0.,0.,-1.));
#3049=DIRECTION('ref_axis',(-1.,0.,0.));
#3050=DIRECTION('center_axis',(0.,0.,-1.));
#3051=DIRECTION('ref_axis',(1.,0.,0.));
#3052=DIRECTION('center_axis',(-1.22464679914735E-16,-1.,0.));
#3053=DIRECTION('ref_axis',(1.,-1.22464679914735E-16,0.));
#3054=DIRECTION('center_axis',(0.,0.,-1.));
#3055=DIRECTION('ref_axis',(-1.,0.,0.));
#3056=DIRECTION('center_axis',(0.,0.,-1.));
#3057=DIRECTION('ref_axis',(1.,0.,0.));
#3058=DIRECTION('center_axis',(-1.22464679914735E-16,-1.,0.));
#3059=DIRECTION('ref_axis',(1.,-1.22464679914735E-16,0.));
#3060=DIRECTION('center_axis',(0.,0.,-1.));
#3061=DIRECTION('ref_axis',(-1.,0.,0.));
#3062=DIRECTION('center_axis',(0.,0.,-1.));
#3063=DIRECTION('ref_axis',(1.,0.,0.));
#3064=DIRECTION('center_axis',(-1.22464679914735E-16,-1.,0.));
#3065=DIRECTION('ref_axis',(1.,-1.22464679914735E-16,0.));
#3066=DIRECTION('center_axis',(0.,0.,-1.));
#3067=DIRECTION('ref_axis',(-1.,0.,0.));
#3068=DIRECTION('center_axis',(0.,0.,-1.));
#3069=DIRECTION('ref_axis',(1.,0.,0.));
#3070=DIRECTION('center_axis',(-1.22464679914735E-16,-1.,0.));
#3071=DIRECTION('ref_axis',(1.,-1.22464679914735E-16,0.));
#3072=DIRECTION('center_axis',(0.,0.,-1.));
#3073=DIRECTION('ref_axis',(-1.,0.,0.));
#3074=DIRECTION('center_axis',(0.,0.,-1.));
#3075=DIRECTION('ref_axis',(1.,0.,0.));
#3076=DIRECTION('center_axis',(-1.22464679914735E-16,-1.,0.));
#3077=DIRECTION('ref_axis',(1.,-1.22464679914735E-16,0.));
#3078=DIRECTION('center_axis',(0.,0.,-1.));
#3079=DIRECTION('ref_axis',(-1.,0.,0.));
#3080=DIRECTION('center_axis',(0.,0.,-1.));
#3081=DIRECTION('ref_axis',(1.,0.,0.));
#3082=DIRECTION('center_axis',(-1.22464679914735E-16,-1.,0.));
#3083=DIRECTION('ref_axis',(1.,-1.22464679914735E-16,0.));
#3084=DIRECTION('center_axis',(0.,0.,-1.));
#3085=DIRECTION('ref_axis',(-1.,0.,0.));
#3086=DIRECTION('center_axis',(0.,0.,-1.));
#3087=DIRECTION('ref_axis',(1.,0.,0.));
#3088=DIRECTION('center_axis',(-1.22464679914735E-16,-1.,0.));
#3089=DIRECTION('ref_axis',(1.,-1.22464679914735E-16,0.));
#3090=DIRECTION('center_axis',(0.,0.,-1.));
#3091=DIRECTION('ref_axis',(-1.,0.,0.));
#3092=DIRECTION('center_axis',(0.,0.,-1.));
#3093=DIRECTION('ref_axis',(1.,0.,0.));
#3094=DIRECTION('center_axis',(-1.22464679914735E-16,-1.,0.));
#3095=DIRECTION('ref_axis',(1.,-1.22464679914735E-16,0.));
#3096=DIRECTION('center_axis',(0.,0.,-1.));
#3097=DIRECTION('ref_axis',(-1.,0.,0.));
#3098=DIRECTION('center_axis',(0.,0.,-1.));
#3099=DIRECTION('ref_axis',(1.,0.,0.));
#3100=DIRECTION('center_axis',(-1.22464679914735E-16,-1.,0.));
#3101=DIRECTION('ref_axis',(1.,-1.22464679914735E-16,0.));
#3102=DIRECTION('center_axis',(0.,0.,-1.));
#3103=DIRECTION('ref_axis',(-1.,0.,0.));
#3104=DIRECTION('center_axis',(0.,0.,-1.));
#3105=DIRECTION('ref_axis',(1.,0.,0.));
#3106=DIRECTION('center_axis',(-1.22464679914735E-16,-1.,0.));
#3107=DIRECTION('ref_axis',(1.,-1.22464679914735E-16,0.));
#3108=DIRECTION('center_axis',(0.,0.,-1.));
#3109=DIRECTION('ref_axis',(-1.,0.,0.));
#3110=DIRECTION('center_axis',(0.,0.,-1.));
#3111=DIRECTION('ref_axis',(1.,0.,0.));
#3112=DIRECTION('center_axis',(-1.22464679914735E-16,-1.,0.));
#3113=DIRECTION('ref_axis',(1.,-1.22464679914735E-16,0.));
#3114=DIRECTION('center_axis',(0.,0.,-1.));
#3115=DIRECTION('ref_axis',(-1.,0.,0.));
#3116=DIRECTION('center_axis',(0.,0.,-1.));
#3117=DIRECTION('ref_axis',(1.,0.,0.));
#3118=DIRECTION('center_axis',(-1.22464679914735E-16,-1.,0.));
#3119=DIRECTION('ref_axis',(1.,-1.22464679914735E-16,0.));
#3120=DIRECTION('center_axis',(0.,0.,-1.));
#3121=DIRECTION('ref_axis',(-1.,0.,0.));
#3122=DIRECTION('center_axis',(0.,0.,-1.));
#3123=DIRECTION('ref_axis',(1.,0.,0.));
#3124=DIRECTION('center_axis',(-1.22464679914735E-16,-1.,0.));
#3125=DIRECTION('ref_axis',(1.,-1.22464679914735E-16,0.));
#3126=DIRECTION('center_axis',(0.,0.,-1.));
#3127=DIRECTION('ref_axis',(-1.,0.,0.));
#3128=DIRECTION('center_axis',(0.,0.,-1.));
#3129=DIRECTION('ref_axis',(1.,0.,0.));
#3130=DIRECTION('center_axis',(-1.22464679914735E-16,-1.,0.));
#3131=DIRECTION('ref_axis',(1.,-1.22464679914735E-16,0.));
#3132=DIRECTION('center_axis',(0.,0.,-1.));
#3133=DIRECTION('ref_axis',(-1.,0.,0.));
#3134=DIRECTION('center_axis',(0.,0.,-1.));
#3135=DIRECTION('ref_axis',(1.,0.,0.));
#3136=DIRECTION('center_axis',(-1.22464679914735E-16,-1.,0.));
#3137=DIRECTION('ref_axis',(1.,-1.22464679914735E-16,0.));
#3138=DIRECTION('center_axis',(0.,0.,-1.));
#3139=DIRECTION('ref_axis',(-1.,0.,0.));
#3140=DIRECTION('center_axis',(0.,0.,-1.));
#3141=DIRECTION('ref_axis',(1.,0.,0.));
#3142=DIRECTION('center_axis',(-1.22464679914735E-16,-1.,0.));
#3143=DIRECTION('ref_axis',(1.,-1.22464679914735E-16,0.));
#3144=DIRECTION('center_axis',(0.,0.,-1.));
#3145=DIRECTION('ref_axis',(-1.,0.,0.));
#3146=DIRECTION('center_axis',(0.,0.,-1.));
#3147=DIRECTION('ref_axis',(1.,0.,0.));
#3148=DIRECTION('center_axis',(-1.22464679914735E-16,-1.,0.));
#3149=DIRECTION('ref_axis',(1.,-1.22464679914735E-16,0.));
#3150=DIRECTION('center_axis',(0.,0.,-1.));
#3151=DIRECTION('ref_axis',(-1.,0.,0.));
#3152=DIRECTION('center_axis',(0.,0.,-1.));
#3153=DIRECTION('ref_axis',(1.,0.,0.));
#3154=DIRECTION('center_axis',(-1.22464679914735E-16,-1.,0.));
#3155=DIRECTION('ref_axis',(1.,-1.22464679914735E-16,0.));
#3156=DIRECTION('center_axis',(0.,0.,-1.));
#3157=DIRECTION('ref_axis',(-1.,0.,0.));
#3158=DIRECTION('center_axis',(0.,0.,-1.));
#3159=DIRECTION('ref_axis',(1.,0.,0.));
#3160=DIRECTION('center_axis',(-1.22464679914735E-16,-1.,0.));
#3161=DIRECTION('ref_axis',(1.,-1.22464679914735E-16,0.));
#3162=DIRECTION('center_axis',(0.,0.,-1.));
#3163=DIRECTION('ref_axis',(-1.,0.,0.));
#3164=DIRECTION('center_axis',(-1.22464679914735E-16,-1.,0.));
#3165=DIRECTION('ref_axis',(1.,-1.22464679914735E-16,0.));
#3166=DIRECTION('axis',(0.,0.,1.));
#3167=DIRECTION('refdir',(1.,0.,0.));
#3168=DIRECTION('center_axis',(0.,-1.,0.));
#3169=DIRECTION('ref_axis',(-1.,0.,0.));
#3170=DIRECTION('',(0.,-1.,0.));
#3171=DIRECTION('center_axis',(0.,0.707106781186548,-0.707106781186548));
#3172=DIRECTION('ref_axis',(0.,-0.707106781186547,-0.707106781186547));
#3173=DIRECTION('center_axis',(0.,0.707106781186548,0.707106781186548));
#3174=DIRECTION('ref_axis',(0.,0.707106781186547,-0.707106781186547));
#3175=DIRECTION('center_axis',(0.,-1.,0.));
#3176=DIRECTION('ref_axis',(-1.,0.,0.));
#3177=DIRECTION('',(0.,-1.,0.));
#3178=DIRECTION('center_axis',(0.,0.707106781186548,-0.707106781186548));
#3179=DIRECTION('ref_axis',(0.,-0.707106781186547,-0.707106781186547));
#3180=DIRECTION('center_axis',(0.,0.707106781186548,0.707106781186548));
#3181=DIRECTION('ref_axis',(0.,0.707106781186547,-0.707106781186547));
#3182=DIRECTION('center_axis',(0.,0.,1.));
#3183=DIRECTION('ref_axis',(-1.,0.,0.));
#3184=DIRECTION('center_axis',(0.,0.,-1.));
#3185=DIRECTION('ref_axis',(-1.,0.,0.));
#3186=DIRECTION('',(0.,0.,-1.));
#3187=DIRECTION('',(0.,0.,-1.));
#3188=DIRECTION('',(0.,0.,-1.));
#3189=DIRECTION('center_axis',(0.,0.,-1.));
#3190=DIRECTION('ref_axis',(-1.,0.,0.));
#3191=DIRECTION('center_axis',(0.,0.,1.));
#3192=DIRECTION('ref_axis',(1.,0.,0.));
#3193=DIRECTION('center_axis',(0.,0.,1.));
#3194=DIRECTION('ref_axis',(1.,0.,0.));
#3195=DIRECTION('',(0.,0.,-1.));
#3196=DIRECTION('center_axis',(0.,0.,1.));
#3197=DIRECTION('ref_axis',(1.,0.,0.));
#3198=DIRECTION('center_axis',(0.,0.,1.));
#3199=DIRECTION('ref_axis',(1.,0.,0.));
#3200=DIRECTION('center_axis',(0.,0.,1.));
#3201=DIRECTION('ref_axis',(1.,0.,0.));
#3202=DIRECTION('',(0.,-1.,0.));
#3203=DIRECTION('',(1.,0.,0.));
#3204=DIRECTION('',(0.,0.,1.));
#3205=DIRECTION('',(1.,0.,0.));
#3206=DIRECTION('',(0.,1.,0.));
#3207=DIRECTION('',(-1.,0.,0.));
#3208=DIRECTION('',(0.,-1.,0.));
#3209=DIRECTION('',(1.,0.,0.));
#3210=CARTESIAN_POINT('',(0.,0.,0.));
#3211=CARTESIAN_POINT('',(0.,0.,0.));
#3212=CARTESIAN_POINT('Origin',(-5.00000000000001,57.,11.5));
#3213=CARTESIAN_POINT('',(-5.00000000000001,59.0000000000002,0.));
#3214=CARTESIAN_POINT('',(-7.00000000000001,57.0000008493662,0.));
#3215=CARTESIAN_POINT('Origin',(-5.00000000000001,57.,0.));
#3216=CARTESIAN_POINT('',(-5.00000000000001,59.0000000000002,11.5));
#3217=CARTESIAN_POINT('',(-5.00000000000001,59.0000000000002,11.5));
#3218=CARTESIAN_POINT('',(-7.00000000000001,57.0000008493662,11.5));
#3219=CARTESIAN_POINT('Origin',(-5.00000000000001,57.,11.5));
#3220=CARTESIAN_POINT('',(-7.00000000000001,57.0000008493662,11.5));
#3221=CARTESIAN_POINT('Origin',(-7.00000000000001,39.0000005811453,11.5));
#3222=CARTESIAN_POINT('',(-7.00000000000001,39.0000005811453,0.));
#3223=CARTESIAN_POINT('',(-7.00000000000001,33.8125002905726,0.));
#3224=CARTESIAN_POINT('',(-7.00000000000001,39.0000005811453,11.5));
#3225=CARTESIAN_POINT('',(-7.00000000000001,43.5000002905726,11.5));
#3226=CARTESIAN_POINT('',(-7.00000000000001,39.0000005811453,11.5));
#3227=CARTESIAN_POINT('',(-7.00000000000001,50.2355,8.5));
#3228=CARTESIAN_POINT('Origin',(-7.00000000000001,51.5,8.5));
#3229=CARTESIAN_POINT('',(-7.00000000000001,43.2355,8.5));
#3230=CARTESIAN_POINT('Origin',(-7.00000000000001,44.5,8.5));
#3231=CARTESIAN_POINT('Origin',(-5.,39.,11.5));
#3232=CARTESIAN_POINT('',(-5.,36.9999999999999,0.));
#3233=CARTESIAN_POINT('Origin',(-5.,39.,0.));
#3234=CARTESIAN_POINT('',(-5.,36.9999999999999,11.5));
#3235=CARTESIAN_POINT('Origin',(-5.,39.,11.5));
#3236=CARTESIAN_POINT('',(-5.,36.9999999999999,11.5));
#3237=CARTESIAN_POINT('Origin',(7.49999999999999,37.,0.));
#3238=CARTESIAN_POINT('',(7.49999999999999,37.,0.));
#3239=CARTESIAN_POINT('',(3.75,36.9999999999999,0.));
#3240=CARTESIAN_POINT('',(-9.50000000000001,37.,11.5));
#3241=CARTESIAN_POINT('',(-7.50000000000001,37.,11.5));
#3242=CARTESIAN_POINT('',(-9.50000000000001,37.,18.));
#3243=CARTESIAN_POINT('',(-9.50000000000001,37.,0.));
#3244=CARTESIAN_POINT('',(7.49999999999999,37.,18.));
#3245=CARTESIAN_POINT('',(-7.50000000000001,37.,18.));
#3246=CARTESIAN_POINT('',(7.49999999999999,37.,0.));
#3247=CARTESIAN_POINT('',(-4.7645,37.,15.));
#3248=CARTESIAN_POINT('Origin',(-3.5,37.,15.));
#3249=CARTESIAN_POINT('',(2.2355,37.,15.));
#3250=CARTESIAN_POINT('Origin',(3.5,37.,15.));
#3251=CARTESIAN_POINT('Origin',(-5.25000000000001,48.,11.5));
#3252=CARTESIAN_POINT('',(-9.50000000000001,59.,11.5));
#3253=CARTESIAN_POINT('',(-6.37500000000001,59.,11.5));
#3254=CARTESIAN_POINT('',(-9.5,53.5,11.5));
#3255=CARTESIAN_POINT('Origin',(-9.5,37.,0.));
#3256=CARTESIAN_POINT('',(-9.5,34.5,0.));
#3257=CARTESIAN_POINT('',(-9.5,34.5,18.));
#3258=CARTESIAN_POINT('',(-9.5,34.5,0.));
#3259=CARTESIAN_POINT('',(-9.5,42.5,18.));
#3260=CARTESIAN_POINT('',(-9.50000000000001,59.,18.));
#3261=CARTESIAN_POINT('',(-9.50000000000001,59.,0.));
#3262=CARTESIAN_POINT('',(-9.5,61.5,18.));
#3263=CARTESIAN_POINT('',(-9.5,54.75,18.));
#3264=CARTESIAN_POINT('',(-9.5,61.5,0.));
#3265=CARTESIAN_POINT('',(-9.5,61.5,0.));
#3266=CARTESIAN_POINT('',(-9.5,61.5,0.));
#3267=CARTESIAN_POINT('',(-9.5,50.2355,8.5));
#3268=CARTESIAN_POINT('Origin',(-9.5,51.5,8.5));
#3269=CARTESIAN_POINT('',(-9.5,43.2355,8.5));
#3270=CARTESIAN_POINT('Origin',(-9.5,44.5,8.5));
#3271=CARTESIAN_POINT('Origin',(-5.00000000000001,51.5,8.5));
#3272=CARTESIAN_POINT('',(-5.00000000000001,50.2355,8.5));
#3273=CARTESIAN_POINT('Origin',(-5.00000000000001,44.5,8.5));
#3274=CARTESIAN_POINT('',(-5.00000000000001,43.2355,8.5));
#3275=CARTESIAN_POINT('Origin',(3.5,34.5,15.));
#3276=CARTESIAN_POINT('',(2.2355,34.5,15.));
#3277=CARTESIAN_POINT('Origin',(3.5,34.5,15.));
#3278=CARTESIAN_POINT('',(2.2355,34.5,15.));
#3279=CARTESIAN_POINT('Origin',(3.5,34.5,15.));
#3280=CARTESIAN_POINT('',(2.23549999999999,59.,15.));
#3281=CARTESIAN_POINT('Origin',(3.49999999999999,59.,15.));
#3282=CARTESIAN_POINT('',(2.23549999999998,61.5,15.));
#3283=CARTESIAN_POINT('',(2.2355,34.5,15.));
#3284=CARTESIAN_POINT('Origin',(3.49999999999998,61.5,15.));
#3285=CARTESIAN_POINT('Origin',(-3.5,34.5,15.));
#3286=CARTESIAN_POINT('',(-4.7645,34.5,15.));
#3287=CARTESIAN_POINT('Origin',(-3.5,34.5,15.));
#3288=CARTESIAN_POINT('',(-4.7645,34.5,15.));
#3289=CARTESIAN_POINT('Origin',(-3.5,34.5,15.));
#3290=CARTESIAN_POINT('',(-4.76450000000002,59.,15.));
#3291=CARTESIAN_POINT('Origin',(-3.50000000000001,59.,15.));
#3292=CARTESIAN_POINT('',(-4.76450000000002,61.5,15.));
#3293=CARTESIAN_POINT('',(-4.7645,34.5,15.));
#3294=CARTESIAN_POINT('Origin',(-3.50000000000002,61.5,15.));
#3295=CARTESIAN_POINT('Origin',(-7.50000000000001,59.,0.));
#3296=CARTESIAN_POINT('',(7.49999999999999,59.,0.));
#3297=CARTESIAN_POINT('',(7.49999999999999,59.,18.));
#3298=CARTESIAN_POINT('',(7.49999999999999,59.,0.));
#3299=CARTESIAN_POINT('',(-3.75,59.,18.));
#3300=CARTESIAN_POINT('',(-3.00000000000001,59.,0.));
#3301=CARTESIAN_POINT('Origin',(1.66533453693773E-15,28.625,0.));
#3302=CARTESIAN_POINT('',(7.50000000000001,34.5,0.));
#3303=CARTESIAN_POINT('',(7.50000000000001,34.5,0.));
#3304=CARTESIAN_POINT('',(6.24999999999998,34.5,0.));
#3305=CARTESIAN_POINT('',(-7.50000000000001,34.5,0.));
#3306=CARTESIAN_POINT('',(4.24999999999996,32.5,0.));
#3307=CARTESIAN_POINT('Origin',(6.24999999999998,32.5,0.));
#3308=CARTESIAN_POINT('',(4.25,-0.25,0.));
#3309=CARTESIAN_POINT('',(4.25,-0.25,0.));
#3310=CARTESIAN_POINT('',(0.250000000000009,-4.25,0.));
#3311=CARTESIAN_POINT('Origin',(0.250000000000007,-0.25,0.));
#3312=CARTESIAN_POINT('',(-0.249999999999994,-4.25,0.));
#3313=CARTESIAN_POINT('',(-0.249999999999994,-4.25,0.));
#3314=CARTESIAN_POINT('',(-4.24999999999998,-0.25,0.));
#3315=CARTESIAN_POINT('Origin',(-0.249999999999995,-0.25,0.));
#3316=CARTESIAN_POINT('',(-4.24999999999999,32.5,0.));
#3317=CARTESIAN_POINT('',(-4.24999999999999,32.5,0.));
#3318=CARTESIAN_POINT('',(-6.24999999999999,34.5,0.));
#3319=CARTESIAN_POINT('Origin',(-6.24999999999999,32.5,0.));
#3320=CARTESIAN_POINT('',(-7.5,34.5,0.));
#3321=CARTESIAN_POINT('',(7.50000000000001,61.5,0.));
#3322=CARTESIAN_POINT('',(7.50000000000001,61.5,0.));
#3323=CARTESIAN_POINT('',(7.49999999999999,59.,0.));
#3324=CARTESIAN_POINT('',(2.25000000000001,0.,0.));
#3325=CARTESIAN_POINT('',(-2.25,0.,0.));
#3326=CARTESIAN_POINT('Origin',(2.44929359829471E-16,0.,0.));
#3327=CARTESIAN_POINT('',(2.24999999999999,30.25,0.));
#3328=CARTESIAN_POINT('',(2.24999999999999,30.25,0.));
#3329=CARTESIAN_POINT('',(-2.25,30.25,0.));
#3330=CARTESIAN_POINT('Origin',(1.28261901615675E-14,30.25,0.));
#3331=CARTESIAN_POINT('',(-2.25,0.,0.));
#3332=CARTESIAN_POINT('Origin',(7.50000000000001,61.5,0.));
#3333=CARTESIAN_POINT('',(7.50000000000001,61.5,18.));
#3334=CARTESIAN_POINT('',(3.75000000000001,61.5,18.));
#3335=CARTESIAN_POINT('',(7.50000000000001,61.5,0.));
#3336=CARTESIAN_POINT('Origin',(7.50000000000001,34.5,0.));
#3337=CARTESIAN_POINT('',(7.50000000000001,34.5,18.));
#3338=CARTESIAN_POINT('',(7.50000000000001,34.5,0.));
#3339=CARTESIAN_POINT('',(7.49999999999997,41.25,18.));
#3340=CARTESIAN_POINT('Origin',(-7.5,34.5,0.));
#3341=CARTESIAN_POINT('',(6.24999999999998,34.5,5.));
#3342=CARTESIAN_POINT('',(6.24999999999998,34.5,0.));
#3343=CARTESIAN_POINT('',(-7.5,34.5,18.));
#3344=CARTESIAN_POINT('',(-6.24999999999999,34.5,5.));
#3345=CARTESIAN_POINT('',(-6.24999999999999,34.5,0.));
#3346=CARTESIAN_POINT('',(-3.75,34.5,5.));
#3347=CARTESIAN_POINT('Origin',(1.66533453693773E-15,28.625,5.));
#3348=CARTESIAN_POINT('',(-4.24999999999999,32.5,5.));
#3349=CARTESIAN_POINT('',(-4.24999999999998,-0.25,5.));
#3350=CARTESIAN_POINT('',(-4.24999999999999,32.5,5.));
#3351=CARTESIAN_POINT('',(-0.249999999999994,-4.25,5.));
#3352=CARTESIAN_POINT('Origin',(-0.249999999999995,-0.25,5.));
#3353=CARTESIAN_POINT('',(0.250000000000009,-4.25,5.));
#3354=CARTESIAN_POINT('',(-0.249999999999994,-4.25,5.));
#3355=CARTESIAN_POINT('',(4.25,-0.25,5.));
#3356=CARTESIAN_POINT('Origin',(0.250000000000007,-0.25,5.));
#3357=CARTESIAN_POINT('',(4.24999999999996,32.5,5.));
#3358=CARTESIAN_POINT('',(4.25,-0.25,5.));
#3359=CARTESIAN_POINT('Origin',(6.24999999999998,32.5,5.));
#3360=CARTESIAN_POINT('Origin',(-6.24999999999999,32.5,5.));
#3361=CARTESIAN_POINT('',(-2.25,0.,5.));
#3362=CARTESIAN_POINT('',(-2.25,30.25,5.));
#3363=CARTESIAN_POINT('',(-2.25,0.,5.));
#3364=CARTESIAN_POINT('',(2.24999999999999,30.25,5.));
#3365=CARTESIAN_POINT('Origin',(1.28261901615675E-14,30.25,5.));
#3366=CARTESIAN_POINT('',(2.25000000000001,0.,5.));
#3367=CARTESIAN_POINT('',(2.24999999999999,30.25,5.));
#3368=CARTESIAN_POINT('Origin',(2.44929359829471E-16,0.,5.));
#3369=CARTESIAN_POINT('Origin',(7.49999999999999,59.,0.));
#3370=CARTESIAN_POINT('',(7.49999999999996,53.5,18.));
#3371=CARTESIAN_POINT('Origin',(2.24999999999999,30.25,0.));
#3372=CARTESIAN_POINT('',(2.25000000000001,0.,0.));
#3373=CARTESIAN_POINT('',(2.24999999999999,30.25,0.));
#3374=CARTESIAN_POINT('Origin',(1.28261901615675E-14,30.25,0.));
#3375=CARTESIAN_POINT('',(-2.25,30.25,0.));
#3376=CARTESIAN_POINT('Origin',(-2.25,0.,0.));
#3377=CARTESIAN_POINT('',(-2.25,0.,0.));
#3378=CARTESIAN_POINT('Origin',(2.44929359829471E-16,0.,0.));
#3379=CARTESIAN_POINT('Origin',(4.25,-0.25,0.));
#3380=CARTESIAN_POINT('',(4.24999999999996,32.5,0.));
#3381=CARTESIAN_POINT('',(4.25,-0.25,0.));
#3382=CARTESIAN_POINT('Origin',(0.250000000000007,-0.25,0.));
#3383=CARTESIAN_POINT('',(0.250000000000009,-4.25,0.));
#3384=CARTESIAN_POINT('Origin',(-0.249999999999994,-4.25,0.));
#3385=CARTESIAN_POINT('',(-0.249999999999994,-4.25,0.));
#3386=CARTESIAN_POINT('Origin',(-0.249999999999995,-0.25,0.));
#3387=CARTESIAN_POINT('',(-4.24999999999998,-0.25,0.));
#3388=CARTESIAN_POINT('Origin',(-4.24999999999999,32.5,0.));
#3389=CARTESIAN_POINT('',(-4.24999999999999,32.5,0.));
#3390=CARTESIAN_POINT('Origin',(-6.24999999999999,32.5,0.));
#3391=CARTESIAN_POINT('Origin',(6.24999999999998,32.5,0.));
#3392=CARTESIAN_POINT('Origin',(0.,48.,18.));
#3393=CARTESIAN_POINT('Origin',(0.,48.,18.));
#3394=CARTESIAN_POINT('',(0.,0.,0.));
#3395=CARTESIAN_POINT('Origin',(0.5,33.,1.5));
#3396=CARTESIAN_POINT('',(0.500000000000001,33.9963233306192,0.));
#3397=CARTESIAN_POINT('',(0.5,33.9963233306192,1.5));
#3398=CARTESIAN_POINT('',(0.5,33.9963233306192,0.75));
#3399=CARTESIAN_POINT('',(0.500000000000001,33.,0.));
#3400=CARTESIAN_POINT('',(0.499999999999999,16.5,0.));
#3401=CARTESIAN_POINT('',(0.5,33.,1.5));
#3402=CARTESIAN_POINT('',(0.5,33.,1.5));
#3403=CARTESIAN_POINT('',(0.499999999999998,16.5,1.5));
#3404=CARTESIAN_POINT('Origin',(-0.500000000000001,33.,0.));
#3405=CARTESIAN_POINT('',(-0.499999999999999,33.9963233306192,1.5));
#3406=CARTESIAN_POINT('',(-0.500000000000001,33.9963233306192,0.));
#3407=CARTESIAN_POINT('',(-0.5,33.9963233306192,0.75));
#3408=CARTESIAN_POINT('',(-0.499999999999999,33.,1.5));
#3409=CARTESIAN_POINT('',(-0.500000000000002,16.5,1.5));
#3410=CARTESIAN_POINT('',(-0.500000000000001,33.,0.));
#3411=CARTESIAN_POINT('',(-0.500000000000001,33.,0.));
#3412=CARTESIAN_POINT('',(-0.500000000000003,16.5,0.));
#3413=CARTESIAN_POINT('Origin',(-1.38777878078145E-16,33.,0.75));
#3414=CARTESIAN_POINT('',(0.,33.,1.5));
#3415=CARTESIAN_POINT('',(-17.,33.,1.5));
#3416=CARTESIAN_POINT('',(-17.,33.,1.5));
#3417=CARTESIAN_POINT('',(-15.25,33.,0.));
#3418=CARTESIAN_POINT('Origin',(-30.5,0.,0.));
#3419=CARTESIAN_POINT('Origin',(0.,0.,0.));
#3420=CARTESIAN_POINT('',(-6.36347431198837,-27.708413788607,0.));
#3421=CARTESIAN_POINT('',(-8.89607944229998,-29.1737856740651,0.));
#3422=CARTESIAN_POINT('Origin',(-8.31272997067375,-27.2607505478969,0.));
#3423=CARTESIAN_POINT('',(-6.38121785867367,-27.7856743399236,0.));
#3424=CARTESIAN_POINT('',(-3.22664839873786,-14.0497634781268,0.));
#3425=CARTESIAN_POINT('',(-4.12180787231736,-26.257532860266,0.));
#3426=CARTESIAN_POINT('Origin',(-4.43196219998829,-28.2333375806337,0.));
#3427=CARTESIAN_POINT('',(4.12180787231736,-26.257532860266,0.));
#3428=CARTESIAN_POINT('Origin',(0.,0.,0.));
#3429=CARTESIAN_POINT('',(6.38121785867367,-27.7856743399236,0.));
#3430=CARTESIAN_POINT('Origin',(4.43196219998829,-28.2333375806337,0.));
#3431=CARTESIAN_POINT('',(6.36347431198837,-27.708413788607,0.));
#3432=CARTESIAN_POINT('',(3.23552017208051,-14.0883937537851,0.));
#3433=CARTESIAN_POINT('',(8.89607944229998,-29.1737856740651,0.));
#3434=CARTESIAN_POINT('Origin',(8.31272997067375,-27.2607505478969,0.));
#3435=CARTESIAN_POINT('',(5.47274158859544,30.0049845776407,0.));
#3436=CARTESIAN_POINT('Origin',(0.,0.,0.));
#3437=CARTESIAN_POINT('',(3.47556919912595,29.1845974780385,0.));
#3438=CARTESIAN_POINT('Origin',(5.11387328770393,28.0374446053364,0.));
#3439=CARTESIAN_POINT('',(2.2582787898436,27.4461266063956,0.));
#3440=CARTESIAN_POINT('',(-4.04900980667183,18.4383849693348,0.));
#3441=CARTESIAN_POINT('',(0.576619827051243,26.5937494455944,0.));
#3442=CARTESIAN_POINT('Origin',(0.619974701265622,28.5932794790977,0.));
#3443=CARTESIAN_POINT('',(-0.576619827051254,26.5937494455944,0.));
#3444=CARTESIAN_POINT('Origin',(0.,0.,0.));
#3445=CARTESIAN_POINT('',(-2.25827878984361,27.4461266063956,0.));
#3446=CARTESIAN_POINT('Origin',(-0.619974701265633,28.5932794790977,0.));
#3447=CARTESIAN_POINT('',(-3.47556919912596,29.1845974780385,0.));
#3448=CARTESIAN_POINT('',(4.65765501131299,17.5691495335134,0.));
#3449=CARTESIAN_POINT('',(-5.47274158859545,30.0049845776407,0.));
#3450=CARTESIAN_POINT('Origin',(-5.11387328770394,28.0374446053364,0.));
#3451=CARTESIAN_POINT('Origin',(0.,0.,0.));
#3452=CARTESIAN_POINT('',(-1.8,-29.5832148836235,0.));
#3453=CARTESIAN_POINT('Origin',(-3.5,-29.5832148836235,0.));
#3454=CARTESIAN_POINT('',(1.69999999999999,29.8,0.));
#3455=CARTESIAN_POINT('Origin',(-5.85849617233753E-15,29.8,0.));
#3456=CARTESIAN_POINT('',(5.2,-29.5832148836235,0.));
#3457=CARTESIAN_POINT('Origin',(3.5,-29.5832148836235,0.));
#3458=CARTESIAN_POINT('Origin',(-34.,0.,6.5));
#3459=CARTESIAN_POINT('',(34.,-4.163799117101E-15,6.5));
#3460=CARTESIAN_POINT('Origin',(0.,0.,6.5));
#3461=CARTESIAN_POINT('',(-1.8,-29.5832148836235,6.5));
#3462=CARTESIAN_POINT('Origin',(-3.5,-29.5832148836235,6.5));
#3463=CARTESIAN_POINT('',(-8.89607944229998,-29.1737856740651,6.5));
#3464=CARTESIAN_POINT('',(-5.47274158859545,30.0049845776407,6.5));
#3465=CARTESIAN_POINT('Origin',(0.,0.,6.5));
#3466=CARTESIAN_POINT('',(-3.47556919912596,29.1845974780385,6.5));
#3467=CARTESIAN_POINT('Origin',(-5.11387328770394,28.0374446053364,6.5));
#3468=CARTESIAN_POINT('',(-2.25827878984361,27.4461266063956,6.5));
#3469=CARTESIAN_POINT('',(-3.47556919912596,29.1845974780385,6.5));
#3470=CARTESIAN_POINT('',(-0.576619827051254,26.5937494455944,6.5));
#3471=CARTESIAN_POINT('Origin',(-0.619974701265633,28.5932794790977,6.5));
#3472=CARTESIAN_POINT('',(0.576619827051243,26.5937494455944,6.5));
#3473=CARTESIAN_POINT('Origin',(0.,0.,6.5));
#3474=CARTESIAN_POINT('',(2.2582787898436,27.4461266063956,6.5));
#3475=CARTESIAN_POINT('Origin',(0.619974701265622,28.5932794790977,6.5));
#3476=CARTESIAN_POINT('',(3.47556919912595,29.1845974780385,6.5));
#3477=CARTESIAN_POINT('',(2.2582787898436,27.4461266063956,6.5));
#3478=CARTESIAN_POINT('',(5.47274158859544,30.0049845776407,6.5));
#3479=CARTESIAN_POINT('Origin',(5.11387328770393,28.0374446053364,6.5));
#3480=CARTESIAN_POINT('',(8.89607944229998,-29.1737856740651,6.5));
#3481=CARTESIAN_POINT('Origin',(0.,0.,6.5));
#3482=CARTESIAN_POINT('',(6.36347431198837,-27.708413788607,6.5));
#3483=CARTESIAN_POINT('Origin',(8.31272997067375,-27.2607505478969,6.5));
#3484=CARTESIAN_POINT('',(6.38121785867367,-27.7856743399236,6.5));
#3485=CARTESIAN_POINT('',(6.36347431198837,-27.708413788607,6.5));
#3486=CARTESIAN_POINT('',(4.12180787231736,-26.257532860266,6.5));
#3487=CARTESIAN_POINT('Origin',(4.43196219998829,-28.2333375806337,6.5));
#3488=CARTESIAN_POINT('',(-4.12180787231736,-26.257532860266,6.5));
#3489=CARTESIAN_POINT('Origin',(0.,0.,6.5));
#3490=CARTESIAN_POINT('',(-6.38121785867367,-27.7856743399236,6.5));
#3491=CARTESIAN_POINT('Origin',(-4.43196219998829,-28.2333375806337,6.5));
#3492=CARTESIAN_POINT('',(-6.36347431198837,-27.708413788607,6.5));
#3493=CARTESIAN_POINT('',(-6.38121785867367,-27.7856743399236,6.5));
#3494=CARTESIAN_POINT('Origin',(-8.31272997067375,-27.2607505478969,6.5));
#3495=CARTESIAN_POINT('',(1.69999999999999,29.8,6.5));
#3496=CARTESIAN_POINT('Origin',(-5.85849617233753E-15,29.8,6.5));
#3497=CARTESIAN_POINT('',(5.2,-29.5832148836235,6.5));
#3498=CARTESIAN_POINT('Origin',(3.5,-29.5832148836235,6.5));
#3499=CARTESIAN_POINT('Origin',(-6.36347431198837,-27.708413788607,6.5));
#3500=CARTESIAN_POINT('',(-6.36347431198837,-27.708413788607,6.5));
#3501=CARTESIAN_POINT('',(-6.38121785867367,-27.7856743399236,6.5));
#3502=CARTESIAN_POINT('Origin',(-8.31272997067375,-27.2607505478969,6.5));
#3503=CARTESIAN_POINT('',(-8.89607944229998,-29.1737856740651,6.5));
#3504=CARTESIAN_POINT('Origin',(-3.5,-29.5832148836235,6.5));
#3505=CARTESIAN_POINT('',(-1.8,-29.5832148836235,6.5));
#3506=CARTESIAN_POINT('Origin',(3.5,-29.5832148836235,6.5));
#3507=CARTESIAN_POINT('',(5.2,-29.5832148836235,6.5));
#3508=CARTESIAN_POINT('Origin',(8.31272997067375,-27.2607505478969,6.5));
#3509=CARTESIAN_POINT('',(6.36347431198837,-27.708413788607,6.5));
#3510=CARTESIAN_POINT('',(8.89607944229998,-29.1737856740651,6.5));
#3511=CARTESIAN_POINT('Origin',(6.38121785867367,-27.7856743399236,6.5));
#3512=CARTESIAN_POINT('',(6.38121785867367,-27.7856743399236,6.5));
#3513=CARTESIAN_POINT('Origin',(4.43196219998829,-28.2333375806337,6.5));
#3514=CARTESIAN_POINT('',(4.12180787231736,-26.257532860266,6.5));
#3515=CARTESIAN_POINT('Origin',(0.,0.,6.5));
#3516=CARTESIAN_POINT('',(-4.12180787231736,-26.257532860266,6.5));
#3517=CARTESIAN_POINT('Origin',(-4.43196219998829,-28.2333375806337,6.5));
#3518=CARTESIAN_POINT('Origin',(-2.25827878984361,27.4461266063956,6.5));
#3519=CARTESIAN_POINT('',(-2.25827878984361,27.4461266063956,6.5));
#3520=CARTESIAN_POINT('',(-3.47556919912596,29.1845974780385,6.5));
#3521=CARTESIAN_POINT('Origin',(-5.11387328770394,28.0374446053364,6.5));
#3522=CARTESIAN_POINT('',(-5.47274158859545,30.0049845776407,6.5));
#3523=CARTESIAN_POINT('Origin',(-5.85849617233753E-15,29.8,6.5));
#3524=CARTESIAN_POINT('',(1.69999999999999,29.8,6.5));
#3525=CARTESIAN_POINT('Origin',(5.11387328770393,28.0374446053364,6.5));
#3526=CARTESIAN_POINT('',(5.47274158859544,30.0049845776407,6.5));
#3527=CARTESIAN_POINT('',(3.47556919912595,29.1845974780385,6.5));
#3528=CARTESIAN_POINT('Origin',(3.47556919912595,29.1845974780385,6.5));
#3529=CARTESIAN_POINT('',(2.2582787898436,27.4461266063956,6.5));
#3530=CARTESIAN_POINT('Origin',(0.619974701265622,28.5932794790977,6.5));
#3531=CARTESIAN_POINT('',(0.576619827051243,26.5937494455944,6.5));
#3532=CARTESIAN_POINT('Origin',(0.,0.,6.5));
#3533=CARTESIAN_POINT('',(-0.576619827051254,26.5937494455944,6.5));
#3534=CARTESIAN_POINT('Origin',(-0.619974701265633,28.5932794790977,6.5));
#3535=CARTESIAN_POINT('Origin',(0.,0.,3.25));
#3536=CARTESIAN_POINT('Origin',(0.,0.,3.25));
#3537=CARTESIAN_POINT('Origin',(0.,0.,5.75));
#3538=CARTESIAN_POINT('',(34.,-4.163799117101E-15,5.));
#3539=CARTESIAN_POINT('Origin',(0.,0.,5.));
#3540=CARTESIAN_POINT('',(34.,-4.163799117101E-15,5.75));
#3541=CARTESIAN_POINT('Origin',(-33.,0.,5.));
#3542=CARTESIAN_POINT('',(33.,-4.04133443718627E-15,5.));
#3543=CARTESIAN_POINT('Origin',(0.,0.,5.));
#3544=CARTESIAN_POINT('Origin',(0.,0.,3.25));
#3545=CARTESIAN_POINT('',(33.,-4.04133443718627E-15,1.5));
#3546=CARTESIAN_POINT('Origin',(0.,0.,1.5));
#3547=CARTESIAN_POINT('Origin',(0.,0.,1.5));
#3548=CARTESIAN_POINT('',(33.,-4.04133443718627E-15,3.25));
#3549=CARTESIAN_POINT('Origin',(-34.,0.,1.5));
#3550=CARTESIAN_POINT('Origin',(0.,0.,1.5));
#3551=CARTESIAN_POINT('Origin',(0.,0.,0.75));
#3552=CARTESIAN_POINT('Origin',(0.,0.,1.67655172413793));
#3553=CARTESIAN_POINT('',(33.4857194330284,-4.10081791208046E-15,1.7348275862069));
#3554=CARTESIAN_POINT('Origin',(0.,0.,1.7348275862069));
#3555=CARTESIAN_POINT('',(33.4857194330284,-4.10081791208046E-15,1.61827586206896));
#3556=CARTESIAN_POINT('Origin',(33.4999996256083,-4.10256673129388E-15,
1.67655172413793));
#3557=CARTESIAN_POINT('Origin',(0.,0.,1.61827586206896));
#3558=CARTESIAN_POINT('Origin',(0.,0.,1.79310344827586));
#3559=CARTESIAN_POINT('',(33.4857194330284,-4.10081791208046E-15,1.85137931034483));
#3560=CARTESIAN_POINT('Origin',(0.,0.,1.85137931034483));
#3561=CARTESIAN_POINT('Origin',(33.4999996256083,-4.10256673129388E-15,
1.79310344827586));
#3562=CARTESIAN_POINT('Origin',(0.,0.,1.90965517241379));
#3563=CARTESIAN_POINT('',(33.4857194330284,-4.10081791208046E-15,1.96793103448276));
#3564=CARTESIAN_POINT('Origin',(0.,0.,1.96793103448276));
#3565=CARTESIAN_POINT('Origin',(33.4999996256083,-4.10256673129388E-15,
1.90965517241379));
#3566=CARTESIAN_POINT('Origin',(0.,0.,2.02620689655172));
#3567=CARTESIAN_POINT('',(33.4857194330284,-4.10081791208046E-15,2.08448275862069));
#3568=CARTESIAN_POINT('Origin',(0.,0.,2.08448275862069));
#3569=CARTESIAN_POINT('Origin',(33.4999996256083,-4.10256673129388E-15,
2.02620689655172));
#3570=CARTESIAN_POINT('Origin',(0.,0.,2.14275862068965));
#3571=CARTESIAN_POINT('',(33.4857194330284,-4.10081791208046E-15,2.20103448275862));
#3572=CARTESIAN_POINT('Origin',(0.,0.,2.20103448275862));
#3573=CARTESIAN_POINT('Origin',(33.4999996256083,-4.10256673129388E-15,
2.14275862068965));
#3574=CARTESIAN_POINT('Origin',(0.,0.,2.25931034482759));
#3575=CARTESIAN_POINT('',(33.4857194330284,-4.10081791208046E-15,2.31758620689655));
#3576=CARTESIAN_POINT('Origin',(0.,0.,2.31758620689655));
#3577=CARTESIAN_POINT('Origin',(33.4999996256083,-4.10256673129388E-15,
2.25931034482759));
#3578=CARTESIAN_POINT('Origin',(0.,0.,2.37586206896552));
#3579=CARTESIAN_POINT('',(33.4857194330284,-4.10081791208046E-15,2.43413793103448));
#3580=CARTESIAN_POINT('Origin',(0.,0.,2.43413793103448));
#3581=CARTESIAN_POINT('Origin',(33.4999996256083,-4.10256673129388E-15,
2.37586206896552));
#3582=CARTESIAN_POINT('Origin',(0.,0.,2.49241379310345));
#3583=CARTESIAN_POINT('',(33.4857194330284,-4.10081791208046E-15,2.55068965517241));
#3584=CARTESIAN_POINT('Origin',(0.,0.,2.55068965517241));
#3585=CARTESIAN_POINT('Origin',(33.4999996256083,-4.10256673129388E-15,
2.49241379310345));
#3586=CARTESIAN_POINT('Origin',(0.,0.,2.60896551724138));
#3587=CARTESIAN_POINT('',(33.4857194330284,-4.10081791208046E-15,2.66724137931034));
#3588=CARTESIAN_POINT('Origin',(0.,0.,2.66724137931034));
#3589=CARTESIAN_POINT('Origin',(33.4999996256083,-4.10256673129388E-15,
2.60896551724138));
#3590=CARTESIAN_POINT('Origin',(0.,0.,2.72551724137931));
#3591=CARTESIAN_POINT('',(33.4857194330284,-4.10081791208046E-15,2.78379310344828));
#3592=CARTESIAN_POINT('Origin',(0.,0.,2.78379310344828));
#3593=CARTESIAN_POINT('Origin',(33.4999996256083,-4.10256673129388E-15,
2.72551724137931));
#3594=CARTESIAN_POINT('Origin',(0.,0.,2.84206896551724));
#3595=CARTESIAN_POINT('',(33.4857194330284,-4.10081791208046E-15,2.90034482758621));
#3596=CARTESIAN_POINT('Origin',(0.,0.,2.90034482758621));
#3597=CARTESIAN_POINT('Origin',(33.4999996256083,-4.10256673129388E-15,
2.84206896551724));
#3598=CARTESIAN_POINT('Origin',(0.,0.,2.95862068965517));
#3599=CARTESIAN_POINT('',(33.4857194330284,-4.10081791208046E-15,3.01689655172414));
#3600=CARTESIAN_POINT('Origin',(0.,0.,3.01689655172414));
#3601=CARTESIAN_POINT('Origin',(33.4999996256083,-4.10256673129388E-15,
2.95862068965517));
#3602=CARTESIAN_POINT('Origin',(0.,0.,3.0751724137931));
#3603=CARTESIAN_POINT('',(33.4857194330284,-4.10081791208046E-15,3.13344827586207));
#3604=CARTESIAN_POINT('Origin',(0.,0.,3.13344827586207));
#3605=CARTESIAN_POINT('Origin',(33.4999996256083,-4.10256673129388E-15,
3.0751724137931));
#3606=CARTESIAN_POINT('Origin',(0.,0.,3.19172413793103));
#3607=CARTESIAN_POINT('',(33.4857194330284,-4.10081791208046E-15,3.25));
#3608=CARTESIAN_POINT('Origin',(0.,0.,3.25));
#3609=CARTESIAN_POINT('Origin',(33.4999996256083,-4.10256673129388E-15,
3.19172413793103));
#3610=CARTESIAN_POINT('Origin',(0.,0.,3.30827586206897));
#3611=CARTESIAN_POINT('',(33.4857194330284,-4.10081791208046E-15,3.36655172413793));
#3612=CARTESIAN_POINT('Origin',(0.,0.,3.36655172413793));
#3613=CARTESIAN_POINT('Origin',(33.4999996256083,-4.10256673129388E-15,
3.30827586206897));
#3614=CARTESIAN_POINT('Origin',(0.,0.,3.4248275862069));
#3615=CARTESIAN_POINT('',(33.4857194330284,-4.10081791208046E-15,3.48310344827586));
#3616=CARTESIAN_POINT('Origin',(0.,0.,3.48310344827586));
#3617=CARTESIAN_POINT('Origin',(33.4999996256083,-4.10256673129388E-15,
3.4248275862069));
#3618=CARTESIAN_POINT('Origin',(0.,0.,3.54137931034483));
#3619=CARTESIAN_POINT('',(33.4857194330284,-4.10081791208046E-15,3.59965517241379));
#3620=CARTESIAN_POINT('Origin',(0.,0.,3.59965517241379));
#3621=CARTESIAN_POINT('Origin',(33.4999996256083,-4.10256673129388E-15,
3.54137931034483));
#3622=CARTESIAN_POINT('Origin',(0.,0.,3.65793103448276));
#3623=CARTESIAN_POINT('',(33.4857194330284,-4.10081791208046E-15,3.71620689655172));
#3624=CARTESIAN_POINT('Origin',(0.,0.,3.71620689655172));
#3625=CARTESIAN_POINT('Origin',(33.4999996256083,-4.10256673129388E-15,
3.65793103448276));
#3626=CARTESIAN_POINT('Origin',(0.,0.,3.77448275862069));
#3627=CARTESIAN_POINT('',(33.4857194330284,-4.10081791208046E-15,3.83275862068965));
#3628=CARTESIAN_POINT('Origin',(0.,0.,3.83275862068965));
#3629=CARTESIAN_POINT('Origin',(33.4999996256083,-4.10256673129388E-15,
3.77448275862069));
#3630=CARTESIAN_POINT('Origin',(0.,0.,3.89103448275862));
#3631=CARTESIAN_POINT('',(33.4857194330284,-4.10081791208046E-15,3.94931034482759));
#3632=CARTESIAN_POINT('Origin',(0.,0.,3.94931034482759));
#3633=CARTESIAN_POINT('Origin',(33.4999996256083,-4.10256673129388E-15,
3.89103448275862));
#3634=CARTESIAN_POINT('Origin',(0.,0.,4.00758620689655));
#3635=CARTESIAN_POINT('',(33.4857194330284,-4.10081791208046E-15,4.06586206896552));
#3636=CARTESIAN_POINT('Origin',(0.,0.,4.06586206896552));
#3637=CARTESIAN_POINT('Origin',(33.4999996256083,-4.10256673129388E-15,
4.00758620689655));
#3638=CARTESIAN_POINT('Origin',(0.,0.,4.12413793103448));
#3639=CARTESIAN_POINT('',(33.4857194330284,-4.10081791208046E-15,4.18241379310345));
#3640=CARTESIAN_POINT('Origin',(0.,0.,4.18241379310345));
#3641=CARTESIAN_POINT('Origin',(33.4999996256083,-4.10256673129388E-15,
4.12413793103448));
#3642=CARTESIAN_POINT('Origin',(0.,0.,4.24068965517241));
#3643=CARTESIAN_POINT('',(33.4857194330284,-4.10081791208046E-15,4.29896551724138));
#3644=CARTESIAN_POINT('Origin',(0.,0.,4.29896551724138));
#3645=CARTESIAN_POINT('Origin',(33.4999996256083,-4.10256673129388E-15,
4.24068965517241));
#3646=CARTESIAN_POINT('Origin',(0.,0.,4.35724137931035));
#3647=CARTESIAN_POINT('',(33.4857194330284,-4.10081791208046E-15,4.41551724137931));
#3648=CARTESIAN_POINT('Origin',(0.,0.,4.41551724137931));
#3649=CARTESIAN_POINT('Origin',(33.4999996256083,-4.10256673129388E-15,
4.35724137931035));
#3650=CARTESIAN_POINT('Origin',(0.,0.,4.47379310344828));
#3651=CARTESIAN_POINT('',(33.4857194330284,-4.10081791208046E-15,4.53206896551724));
#3652=CARTESIAN_POINT('Origin',(0.,0.,4.53206896551724));
#3653=CARTESIAN_POINT('Origin',(33.4999996256083,-4.10256673129388E-15,
4.47379310344828));
#3654=CARTESIAN_POINT('Origin',(0.,0.,4.59034482758621));
#3655=CARTESIAN_POINT('',(33.4857194330284,-4.10081791208046E-15,4.64862068965517));
#3656=CARTESIAN_POINT('Origin',(0.,0.,4.64862068965517));
#3657=CARTESIAN_POINT('Origin',(33.4999996256083,-4.10256673129388E-15,
4.59034482758621));
#3658=CARTESIAN_POINT('Origin',(0.,0.,4.70689655172414));
#3659=CARTESIAN_POINT('',(33.4857194330284,-4.10081791208046E-15,4.7651724137931));
#3660=CARTESIAN_POINT('Origin',(0.,0.,4.7651724137931));
#3661=CARTESIAN_POINT('Origin',(33.4999996256083,-4.10256673129388E-15,
4.70689655172414));
#3662=CARTESIAN_POINT('Origin',(0.,0.,4.82344827586207));
#3663=CARTESIAN_POINT('',(33.4857194330284,-4.10081791208046E-15,4.88172413793103));
#3664=CARTESIAN_POINT('Origin',(0.,0.,4.88172413793103));
#3665=CARTESIAN_POINT('Origin',(33.4999996256083,-4.10256673129388E-15,
4.82344827586207));
#3666=CARTESIAN_POINT('Origin',(0.,0.,4.94));
#3667=CARTESIAN_POINT('',(33.5142798181882,-4.10431555050729E-15,4.88172413793103));
#3668=CARTESIAN_POINT('Origin',(0.,0.,4.88172413793103));
#3669=CARTESIAN_POINT('Origin',(33.4999996256083,-4.10256673129388E-15,
4.94));
#3670=CARTESIAN_POINT('Origin',(0.,0.,4.82344827586207));
#3671=CARTESIAN_POINT('',(33.5142798181882,-4.10431555050729E-15,4.7651724137931));
#3672=CARTESIAN_POINT('Origin',(0.,0.,4.7651724137931));
#3673=CARTESIAN_POINT('Origin',(33.4999996256083,-4.10256673129388E-15,
4.82344827586207));
#3674=CARTESIAN_POINT('Origin',(0.,0.,4.70689655172414));
#3675=CARTESIAN_POINT('',(33.5142798181882,-4.10431555050729E-15,4.64862068965517));
#3676=CARTESIAN_POINT('Origin',(0.,0.,4.64862068965517));
#3677=CARTESIAN_POINT('Origin',(33.4999996256083,-4.10256673129388E-15,
4.70689655172414));
#3678=CARTESIAN_POINT('Origin',(0.,0.,4.59034482758621));
#3679=CARTESIAN_POINT('',(33.5142798181882,-4.10431555050729E-15,4.53206896551724));
#3680=CARTESIAN_POINT('Origin',(0.,0.,4.53206896551724));
#3681=CARTESIAN_POINT('Origin',(33.4999996256083,-4.10256673129388E-15,
4.59034482758621));
#3682=CARTESIAN_POINT('Origin',(0.,0.,4.47379310344828));
#3683=CARTESIAN_POINT('',(33.5142798181882,-4.10431555050729E-15,4.41551724137931));
#3684=CARTESIAN_POINT('Origin',(0.,0.,4.41551724137931));
#3685=CARTESIAN_POINT('Origin',(33.4999996256083,-4.10256673129388E-15,
4.47379310344828));
#3686=CARTESIAN_POINT('Origin',(0.,0.,4.35724137931035));
#3687=CARTESIAN_POINT('',(33.5142798181882,-4.10431555050729E-15,4.29896551724138));
#3688=CARTESIAN_POINT('Origin',(0.,0.,4.29896551724138));
#3689=CARTESIAN_POINT('Origin',(33.4999996256083,-4.10256673129388E-15,
4.35724137931035));
#3690=CARTESIAN_POINT('Origin',(0.,0.,4.24068965517241));
#3691=CARTESIAN_POINT('',(33.5142798181882,-4.10431555050729E-15,4.18241379310345));
#3692=CARTESIAN_POINT('Origin',(0.,0.,4.18241379310345));
#3693=CARTESIAN_POINT('Origin',(33.4999996256083,-4.10256673129388E-15,
4.24068965517241));
#3694=CARTESIAN_POINT('Origin',(0.,0.,4.12413793103448));
#3695=CARTESIAN_POINT('',(33.5142798181882,-4.10431555050729E-15,4.06586206896552));
#3696=CARTESIAN_POINT('Origin',(0.,0.,4.06586206896552));
#3697=CARTESIAN_POINT('Origin',(33.4999996256083,-4.10256673129388E-15,
4.12413793103448));
#3698=CARTESIAN_POINT('Origin',(0.,0.,4.00758620689655));
#3699=CARTESIAN_POINT('',(33.5142798181882,-4.10431555050729E-15,3.94931034482759));
#3700=CARTESIAN_POINT('Origin',(0.,0.,3.94931034482759));
#3701=CARTESIAN_POINT('Origin',(33.4999996256083,-4.10256673129388E-15,
4.00758620689655));
#3702=CARTESIAN_POINT('Origin',(0.,0.,3.89103448275862));
#3703=CARTESIAN_POINT('',(33.5142798181882,-4.10431555050729E-15,3.83275862068965));
#3704=CARTESIAN_POINT('Origin',(0.,0.,3.83275862068965));
#3705=CARTESIAN_POINT('Origin',(33.4999996256083,-4.10256673129388E-15,
3.89103448275862));
#3706=CARTESIAN_POINT('Origin',(0.,0.,3.77448275862069));
#3707=CARTESIAN_POINT('',(33.5142798181882,-4.10431555050729E-15,3.71620689655172));
#3708=CARTESIAN_POINT('Origin',(0.,0.,3.71620689655172));
#3709=CARTESIAN_POINT('Origin',(33.4999996256083,-4.10256673129388E-15,
3.77448275862069));
#3710=CARTESIAN_POINT('Origin',(0.,0.,3.65793103448276));
#3711=CARTESIAN_POINT('',(33.5142798181882,-4.10431555050729E-15,3.59965517241379));
#3712=CARTESIAN_POINT('Origin',(0.,0.,3.59965517241379));
#3713=CARTESIAN_POINT('Origin',(33.4999996256083,-4.10256673129388E-15,
3.65793103448276));
#3714=CARTESIAN_POINT('Origin',(0.,0.,3.54137931034483));
#3715=CARTESIAN_POINT('',(33.5142798181882,-4.10431555050729E-15,3.48310344827586));
#3716=CARTESIAN_POINT('Origin',(0.,0.,3.48310344827586));
#3717=CARTESIAN_POINT('Origin',(33.4999996256083,-4.10256673129388E-15,
3.54137931034483));
#3718=CARTESIAN_POINT('Origin',(0.,0.,3.4248275862069));
#3719=CARTESIAN_POINT('',(33.5142798181882,-4.10431555050729E-15,3.36655172413793));
#3720=CARTESIAN_POINT('Origin',(0.,0.,3.36655172413793));
#3721=CARTESIAN_POINT('Origin',(33.4999996256083,-4.10256673129388E-15,
3.4248275862069));
#3722=CARTESIAN_POINT('Origin',(0.,0.,3.30827586206897));
#3723=CARTESIAN_POINT('',(33.5142798181882,-4.10431555050729E-15,3.25));
#3724=CARTESIAN_POINT('Origin',(0.,0.,3.25));
#3725=CARTESIAN_POINT('Origin',(33.4999996256083,-4.10256673129388E-15,
3.30827586206897));
#3726=CARTESIAN_POINT('Origin',(0.,0.,3.19172413793103));
#3727=CARTESIAN_POINT('',(33.5142798181882,-4.10431555050729E-15,3.13344827586207));
#3728=CARTESIAN_POINT('Origin',(0.,0.,3.13344827586207));
#3729=CARTESIAN_POINT('Origin',(33.4999996256083,-4.10256673129388E-15,
3.19172413793103));
#3730=CARTESIAN_POINT('Origin',(0.,0.,3.0751724137931));
#3731=CARTESIAN_POINT('',(33.5142798181882,-4.10431555050729E-15,3.01689655172414));
#3732=CARTESIAN_POINT('Origin',(0.,0.,3.01689655172414));
#3733=CARTESIAN_POINT('Origin',(33.4999996256083,-4.10256673129388E-15,
3.0751724137931));
#3734=CARTESIAN_POINT('Origin',(0.,0.,2.95862068965517));
#3735=CARTESIAN_POINT('',(33.5142798181882,-4.10431555050729E-15,2.90034482758621));
#3736=CARTESIAN_POINT('Origin',(0.,0.,2.90034482758621));
#3737=CARTESIAN_POINT('Origin',(33.4999996256083,-4.10256673129388E-15,
2.95862068965517));
#3738=CARTESIAN_POINT('Origin',(0.,0.,2.84206896551724));
#3739=CARTESIAN_POINT('',(33.5142798181882,-4.10431555050729E-15,2.78379310344828));
#3740=CARTESIAN_POINT('Origin',(0.,0.,2.78379310344828));
#3741=CARTESIAN_POINT('Origin',(33.4999996256083,-4.10256673129388E-15,
2.84206896551724));
#3742=CARTESIAN_POINT('Origin',(0.,0.,2.72551724137931));
#3743=CARTESIAN_POINT('',(33.5142798181882,-4.10431555050729E-15,2.66724137931034));
#3744=CARTESIAN_POINT('Origin',(0.,0.,2.66724137931034));
#3745=CARTESIAN_POINT('Origin',(33.4999996256083,-4.10256673129388E-15,
2.72551724137931));
#3746=CARTESIAN_POINT('Origin',(0.,0.,2.60896551724138));
#3747=CARTESIAN_POINT('',(33.5142798181882,-4.10431555050729E-15,2.55068965517241));
#3748=CARTESIAN_POINT('Origin',(0.,0.,2.55068965517241));
#3749=CARTESIAN_POINT('Origin',(33.4999996256083,-4.10256673129388E-15,
2.60896551724138));
#3750=CARTESIAN_POINT('Origin',(0.,0.,2.49241379310345));
#3751=CARTESIAN_POINT('',(33.5142798181882,-4.10431555050729E-15,2.43413793103448));
#3752=CARTESIAN_POINT('Origin',(0.,0.,2.43413793103448));
#3753=CARTESIAN_POINT('Origin',(33.4999996256083,-4.10256673129388E-15,
2.49241379310345));
#3754=CARTESIAN_POINT('Origin',(0.,0.,2.37586206896552));
#3755=CARTESIAN_POINT('',(33.5142798181882,-4.10431555050729E-15,2.31758620689655));
#3756=CARTESIAN_POINT('Origin',(0.,0.,2.31758620689655));
#3757=CARTESIAN_POINT('Origin',(33.4999996256083,-4.10256673129388E-15,
2.37586206896552));
#3758=CARTESIAN_POINT('Origin',(0.,0.,2.25931034482759));
#3759=CARTESIAN_POINT('',(33.5142798181882,-4.10431555050729E-15,2.20103448275862));
#3760=CARTESIAN_POINT('Origin',(0.,0.,2.20103448275862));
#3761=CARTESIAN_POINT('Origin',(33.4999996256083,-4.10256673129388E-15,
2.25931034482759));
#3762=CARTESIAN_POINT('Origin',(0.,0.,2.14275862068965));
#3763=CARTESIAN_POINT('',(33.5142798181882,-4.10431555050729E-15,2.08448275862069));
#3764=CARTESIAN_POINT('Origin',(0.,0.,2.08448275862069));
#3765=CARTESIAN_POINT('Origin',(33.4999996256083,-4.10256673129388E-15,
2.14275862068965));
#3766=CARTESIAN_POINT('Origin',(0.,0.,2.02620689655172));
#3767=CARTESIAN_POINT('',(33.5142798181882,-4.10431555050729E-15,1.96793103448276));
#3768=CARTESIAN_POINT('Origin',(0.,0.,1.96793103448276));
#3769=CARTESIAN_POINT('Origin',(33.4999996256083,-4.10256673129388E-15,
2.02620689655172));
#3770=CARTESIAN_POINT('Origin',(0.,0.,1.90965517241379));
#3771=CARTESIAN_POINT('',(33.5142798181882,-4.10431555050729E-15,1.85137931034483));
#3772=CARTESIAN_POINT('Origin',(0.,0.,1.85137931034483));
#3773=CARTESIAN_POINT('Origin',(33.4999996256083,-4.10256673129388E-15,
1.90965517241379));
#3774=CARTESIAN_POINT('Origin',(0.,0.,1.79310344827586));
#3775=CARTESIAN_POINT('',(33.5142798181882,-4.10431555050729E-15,1.7348275862069));
#3776=CARTESIAN_POINT('Origin',(0.,0.,1.7348275862069));
#3777=CARTESIAN_POINT('Origin',(33.4999996256083,-4.10256673129388E-15,
1.79310344827586));
#3778=CARTESIAN_POINT('Origin',(0.,0.,1.67655172413793));
#3779=CARTESIAN_POINT('',(33.5142798181882,-4.10431555050729E-15,1.61827586206896));
#3780=CARTESIAN_POINT('Origin',(0.,0.,1.61827586206896));
#3781=CARTESIAN_POINT('Origin',(33.4999996256083,-4.10256673129388E-15,
1.67655172413793));
#3782=CARTESIAN_POINT('Origin',(0.,0.,1.56));
#3783=CARTESIAN_POINT('Origin',(33.4999996256083,-4.10256673129388E-15,
1.56));
#3784=CARTESIAN_POINT('',(0.,0.,0.));
#3785=CARTESIAN_POINT('Origin',(6.9980437574596E-16,2.5,5.25));
#3786=CARTESIAN_POINT('',(-1.23259516440783E-31,2.5,6.5));
#3787=CARTESIAN_POINT('',(-1.23259516440783E-31,2.5,4.));
#3788=CARTESIAN_POINT('Ctrl Pts',(5.89805981832114E-16,2.5,6.5));
#3789=CARTESIAN_POINT('Ctrl Pts',(-0.15994412638586,2.5,6.5));
#3790=CARTESIAN_POINT('Ctrl Pts',(-0.328681344361068,2.48323996043832,6.46745488233641));
#3791=CARTESIAN_POINT('Ctrl Pts',(-0.635925947642967,2.42283105129935,6.33895634990573));
#3792=CARTESIAN_POINT('Ctrl Pts',(-0.774620837257828,2.37983326258812,6.24314611570854));
#3793=CARTESIAN_POINT('Ctrl Pts',(-0.993444785163792,2.29712558443605,6.02432216780258));
#3794=CARTESIAN_POINT('Ctrl Pts',(-1.08903588717028,2.25149501557585,5.88572794938478));
#3795=CARTESIAN_POINT('Ctrl Pts',(-1.21735698059595,2.18478179494117,5.57892325157911));
#3796=CARTESIAN_POINT('Ctrl Pts',(-1.25,2.1650635094611,5.41038133370061));
#3797=CARTESIAN_POINT('Ctrl Pts',(-1.25,2.1650635094611,5.08961866629939));
#3798=CARTESIAN_POINT('Ctrl Pts',(-1.21735698059595,2.18478179494117,4.92107674842089));
#3799=CARTESIAN_POINT('Ctrl Pts',(-1.08903588717028,2.25149501557585,4.61427205061522));
#3800=CARTESIAN_POINT('Ctrl Pts',(-0.993444785163792,2.29712558443605,4.47567783219742));
#3801=CARTESIAN_POINT('Ctrl Pts',(-0.774620837257828,2.37983326258812,4.25685388429146));
#3802=CARTESIAN_POINT('Ctrl Pts',(-0.635925947642968,2.42283105129935,4.16104365009427));
#3803=CARTESIAN_POINT('Ctrl Pts',(-0.328681344361068,2.48323996043832,4.03254511766359));
#3804=CARTESIAN_POINT('Ctrl Pts',(-0.15994412638586,2.5,4.));
#3805=CARTESIAN_POINT('Ctrl Pts',(6.24500451351651E-16,2.5,4.));
#3806=CARTESIAN_POINT('',(1.25,2.1650635094611,5.25));
#3807=CARTESIAN_POINT('Ctrl Pts',(1.25,2.1650635094611,5.25));
#3808=CARTESIAN_POINT('Ctrl Pts',(1.25,2.1650635094611,5.41038133370061));
#3809=CARTESIAN_POINT('Ctrl Pts',(1.21735698059595,2.18478179494117,5.57892325157911));
#3810=CARTESIAN_POINT('Ctrl Pts',(1.08903588717028,2.25149501557585,5.88572794938478));
#3811=CARTESIAN_POINT('Ctrl Pts',(0.993444785163794,2.29712558443605,6.02432216780258));
#3812=CARTESIAN_POINT('Ctrl Pts',(0.774620837257829,2.37983326258812,6.24314611570854));
#3813=CARTESIAN_POINT('Ctrl Pts',(0.635925947642969,2.42283105129935,6.33895634990573));
#3814=CARTESIAN_POINT('Ctrl Pts',(0.32868134436107,2.48323996043832,6.46745488233641));
#3815=CARTESIAN_POINT('Ctrl Pts',(0.159944126385862,2.5,6.5));
#3816=CARTESIAN_POINT('Ctrl Pts',(6.24500451351651E-16,2.5,6.5));
#3817=CARTESIAN_POINT('',(1.25,0.,5.25));
#3818=CARTESIAN_POINT('',(1.25,2.5,5.25));
#3819=CARTESIAN_POINT('',(-1.25,0.,5.25));
#3820=CARTESIAN_POINT('Origin',(6.9980437574596E-16,0.,5.25));
#3821=CARTESIAN_POINT('Origin',(6.9980437574596E-16,0.,5.25));
#3822=CARTESIAN_POINT('Ctrl Pts',(4.85722573273506E-16,2.5,4.));
#3823=CARTESIAN_POINT('Ctrl Pts',(0.159944126385862,2.5,4.));
#3824=CARTESIAN_POINT('Ctrl Pts',(0.328681344361069,2.48323996043832,4.03254511766359));
#3825=CARTESIAN_POINT('Ctrl Pts',(0.635925947642969,2.42283105129935,4.16104365009427));
#3826=CARTESIAN_POINT('Ctrl Pts',(0.774620837257829,2.37983326258812,4.25685388429146));
#3827=CARTESIAN_POINT('Ctrl Pts',(0.993444785163794,2.29712558443605,4.47567783219742));
#3828=CARTESIAN_POINT('Ctrl Pts',(1.08903588717028,2.25149501557585,4.61427205061522));
#3829=CARTESIAN_POINT('Ctrl Pts',(1.21735698059595,2.18478179494117,4.92107674842089));
#3830=CARTESIAN_POINT('Ctrl Pts',(1.25,2.1650635094611,5.08961866629939));
#3831=CARTESIAN_POINT('Ctrl Pts',(1.25,2.1650635094611,5.25));
#3832=CARTESIAN_POINT('Origin',(2.72047159433909E-15,2.5,21.75));
#3833=CARTESIAN_POINT('',(0.,2.5,23.));
#3834=CARTESIAN_POINT('',(0.,2.5,20.5));
#3835=CARTESIAN_POINT('Ctrl Pts',(2.74086309204336E-15,2.5,23.));
#3836=CARTESIAN_POINT('Ctrl Pts',(-0.159944126385858,2.5,23.));
#3837=CARTESIAN_POINT('Ctrl Pts',(-0.328681344361066,2.48323996043832,22.9674548823364));
#3838=CARTESIAN_POINT('Ctrl Pts',(-0.635925947642967,2.42283105129935,22.8389563499057));
#3839=CARTESIAN_POINT('Ctrl Pts',(-0.774620837257826,2.37983326258812,22.7431461157085));
#3840=CARTESIAN_POINT('Ctrl Pts',(-0.99344478516379,2.29712558443605,22.5243221678026));
#3841=CARTESIAN_POINT('Ctrl Pts',(-1.08903588717028,2.25149501557585,22.3857279493848));
#3842=CARTESIAN_POINT('Ctrl Pts',(-1.21735698059595,2.18478179494117,22.0789232515791));
#3843=CARTESIAN_POINT('Ctrl Pts',(-1.25,2.1650635094611,21.9103813337006));
#3844=CARTESIAN_POINT('Ctrl Pts',(-1.25,2.1650635094611,21.5896186662994));
#3845=CARTESIAN_POINT('Ctrl Pts',(-1.21735698059595,2.18478179494117,21.4210767484209));
#3846=CARTESIAN_POINT('Ctrl Pts',(-1.08903588717028,2.25149501557585,21.1142720506152));
#3847=CARTESIAN_POINT('Ctrl Pts',(-0.99344478516379,2.29712558443605,20.9756778321974));
#3848=CARTESIAN_POINT('Ctrl Pts',(-0.774620837257826,2.37983326258812,20.7568538842915));
#3849=CARTESIAN_POINT('Ctrl Pts',(-0.635925947642967,2.42283105129935,20.6610436500943));
#3850=CARTESIAN_POINT('Ctrl Pts',(-0.328681344361066,2.48323996043832,20.5325451176636));
#3851=CARTESIAN_POINT('Ctrl Pts',(-0.159944126385859,2.5,20.5));
#3852=CARTESIAN_POINT('Ctrl Pts',(2.56739074444567E-15,2.5,20.5));
#3853=CARTESIAN_POINT('',(1.25,2.16506350946109,21.75));
#3854=CARTESIAN_POINT('Ctrl Pts',(1.25,2.16506350946109,21.75));
#3855=CARTESIAN_POINT('Ctrl Pts',(1.25,2.16506350946109,21.9103813337006));
#3856=CARTESIAN_POINT('Ctrl Pts',(1.21735698059595,2.18478179494117,22.0789232515791));
#3857=CARTESIAN_POINT('Ctrl Pts',(1.08903588717029,2.25149501557585,22.3857279493848));
#3858=CARTESIAN_POINT('Ctrl Pts',(0.993444785163795,2.29712558443604,22.5243221678026));
#3859=CARTESIAN_POINT('Ctrl Pts',(0.774620837257831,2.37983326258812,22.7431461157085));
#3860=CARTESIAN_POINT('Ctrl Pts',(0.635925947642972,2.42283105129935,22.8389563499057));
#3861=CARTESIAN_POINT('Ctrl Pts',(0.328681344361072,2.48323996043832,22.9674548823364));
#3862=CARTESIAN_POINT('Ctrl Pts',(0.159944126385864,2.5,23.));
#3863=CARTESIAN_POINT('Ctrl Pts',(2.77555756156289E-15,2.5,23.));
#3864=CARTESIAN_POINT('',(1.25,0.,21.75));
#3865=CARTESIAN_POINT('',(1.25,2.5,21.75));
#3866=CARTESIAN_POINT('',(-1.25,0.,21.75));
#3867=CARTESIAN_POINT('Origin',(2.72047159433909E-15,0.,21.75));
#3868=CARTESIAN_POINT('Origin',(2.72047159433909E-15,0.,21.75));
#3869=CARTESIAN_POINT('Ctrl Pts',(2.70616862252382E-15,2.5,20.5));
#3870=CARTESIAN_POINT('Ctrl Pts',(0.159944126385864,2.5,20.5));
#3871=CARTESIAN_POINT('Ctrl Pts',(0.328681344361071,2.48323996043832,20.5325451176636));
#3872=CARTESIAN_POINT('Ctrl Pts',(0.635925947642972,2.42283105129935,20.6610436500943));
#3873=CARTESIAN_POINT('Ctrl Pts',(0.774620837257831,2.37983326258812,20.7568538842915));
#3874=CARTESIAN_POINT('Ctrl Pts',(0.993444785163795,2.29712558443604,20.9756778321974));
#3875=CARTESIAN_POINT('Ctrl Pts',(1.08903588717029,2.25149501557585,21.1142720506152));
#3876=CARTESIAN_POINT('Ctrl Pts',(1.21735698059595,2.18478179494117,21.4210767484209));
#3877=CARTESIAN_POINT('Ctrl Pts',(1.25,2.16506350946109,21.5896186662994));
#3878=CARTESIAN_POINT('Ctrl Pts',(1.25,2.16506350946109,21.75));
#3879=CARTESIAN_POINT('Origin',(0.,0.,0.));
#3880=CARTESIAN_POINT('',(1.25,1.53080849893419E-16,27.));
#3881=CARTESIAN_POINT('Origin',(0.,0.,27.));
#3882=CARTESIAN_POINT('',(1.25,1.53080849893419E-16,0.));
#3883=CARTESIAN_POINT('',(1.25,1.53080849893419E-16,0.));
#3884=CARTESIAN_POINT('',(1.25,1.53080849893419E-16,0.));
#3885=CARTESIAN_POINT('',(1.25,1.53080849893419E-16,0.));
#3886=CARTESIAN_POINT('Origin',(0.,0.,0.));
#3887=CARTESIAN_POINT('Origin',(0.,0.,0.));
#3888=CARTESIAN_POINT('',(-2.5,-3.06161699786838E-16,27.));
#3889=CARTESIAN_POINT('Origin',(0.,0.,27.));
#3890=CARTESIAN_POINT('',(-2.5,-3.06161699786838E-16,0.));
#3891=CARTESIAN_POINT('',(-2.5,-3.06161699786838E-16,0.));
#3892=CARTESIAN_POINT('Origin',(0.,0.,0.));
#3893=CARTESIAN_POINT('Origin',(0.,0.,27.));
#3894=CARTESIAN_POINT('Origin',(0.,0.,0.));
#3895=CARTESIAN_POINT('',(5.55111512312578E-16,34.5,44.5832148836235));
#3896=CARTESIAN_POINT('',(0.,0.,0.));
#3897=CARTESIAN_POINT('',(-1.11022302462516E-15,61.5,44.5832148836235));
#3898=CARTESIAN_POINT('',(-5.55111512312578E-15,61.5,74.3832148836235));
#3899=UNCERTAINTY_MEASURE_WITH_UNIT(LENGTH_MEASURE(0.01),#3909,
'DISTANCE_ACCURACY_VALUE',
'Maximum model space distance between geometric entities at asserted c
onnectivities');
#3900=UNCERTAINTY_MEASURE_WITH_UNIT(LENGTH_MEASURE(0.01),#3909,
'DISTANCE_ACCURACY_VALUE',
'Maximum model space distance between geometric entities at asserted c
onnectivities');
#3901=UNCERTAINTY_MEASURE_WITH_UNIT(LENGTH_MEASURE(0.01),#3909,
'DISTANCE_ACCURACY_VALUE',
'Maximum model space distance between geometric entities at asserted c
onnectivities');
#3902=UNCERTAINTY_MEASURE_WITH_UNIT(LENGTH_MEASURE(0.01),#3909,
'DISTANCE_ACCURACY_VALUE',
'Maximum model space distance between geometric entities at asserted c
onnectivities');
#3903=UNCERTAINTY_MEASURE_WITH_UNIT(LENGTH_MEASURE(0.01),#3909,
'DISTANCE_ACCURACY_VALUE',
'Maximum model space distance between geometric entities at asserted c
onnectivities');
#3904=(
GEOMETRIC_REPRESENTATION_CONTEXT(3)
GLOBAL_UNCERTAINTY_ASSIGNED_CONTEXT((#3899))
GLOBAL_UNIT_ASSIGNED_CONTEXT((#3909,#3911,#3912))
REPRESENTATION_CONTEXT('','3D')
);
#3905=(
GEOMETRIC_REPRESENTATION_CONTEXT(3)
GLOBAL_UNCERTAINTY_ASSIGNED_CONTEXT((#3900))
GLOBAL_UNIT_ASSIGNED_CONTEXT((#3909,#3911,#3912))
REPRESENTATION_CONTEXT('','3D')
);
#3906=(
GEOMETRIC_REPRESENTATION_CONTEXT(3)
GLOBAL_UNCERTAINTY_ASSIGNED_CONTEXT((#3901))
GLOBAL_UNIT_ASSIGNED_CONTEXT((#3909,#3911,#3912))
REPRESENTATION_CONTEXT('','3D')
);
#3907=(
GEOMETRIC_REPRESENTATION_CONTEXT(3)
GLOBAL_UNCERTAINTY_ASSIGNED_CONTEXT((#3902))
GLOBAL_UNIT_ASSIGNED_CONTEXT((#3909,#3911,#3912))
REPRESENTATION_CONTEXT('','3D')
);
#3908=(
GEOMETRIC_REPRESENTATION_CONTEXT(3)
GLOBAL_UNCERTAINTY_ASSIGNED_CONTEXT((#3903))
GLOBAL_UNIT_ASSIGNED_CONTEXT((#3909,#3911,#3912))
REPRESENTATION_CONTEXT('','3D')
);
#3909=(
LENGTH_UNIT()
NAMED_UNIT(*)
SI_UNIT(.MILLI.,.METRE.)
);
#3910=(
LENGTH_UNIT()
NAMED_UNIT(*)
SI_UNIT($,.METRE.)
);
#3911=(
NAMED_UNIT(*)
PLANE_ANGLE_UNIT()
SI_UNIT($,.RADIAN.)
);
#3912=(
NAMED_UNIT(*)
SI_UNIT($,.STERADIAN.)
SOLID_ANGLE_UNIT()
);
#3913=SHAPE_DEFINITION_REPRESENTATION(#3917,#3925);
#3914=SHAPE_DEFINITION_REPRESENTATION(#3918,#3926);
#3915=SHAPE_DEFINITION_REPRESENTATION(#3919,#3927);
#3916=SHAPE_DEFINITION_REPRESENTATION(#3920,#3928);
#3917=PRODUCT_DEFINITION_SHAPE('',$,#3930);
#3918=PRODUCT_DEFINITION_SHAPE('',$,#3931);
#3919=PRODUCT_DEFINITION_SHAPE('',$,#3932);
#3920=PRODUCT_DEFINITION_SHAPE('',$,#3933);
#3921=PRODUCT_DEFINITION_SHAPE($,$,#23);
#3922=PRODUCT_DEFINITION_SHAPE($,$,#24);
#3923=PRODUCT_DEFINITION_SHAPE($,$,#25);
#3924=PRODUCT_DEFINITION_SHAPE($,$,#26);
#3925=SHAPE_REPRESENTATION('',(#2136,#2454,#2455,#2456,#2457),#3904);
#3926=SHAPE_REPRESENTATION('',(#2137),#3905);
#3927=SHAPE_REPRESENTATION('',(#2198),#3906);
#3928=SHAPE_REPRESENTATION('',(#2439),#3907);
#3929=PRODUCT_DEFINITION_CONTEXT('part definition',#3943,'design');
#3930=PRODUCT_DEFINITION('2026-07-06-11-00-04-709','HelmholtzCoil',#3934,
#3929);
#3931=PRODUCT_DEFINITION('Coil Mount','Coil Mount',#3935,#3929);
#3932=PRODUCT_DEFINITION('coil','Coil',#3936,#3929);
#3933=PRODUCT_DEFINITION('2026-07-06-09-15-30-304','Coil Spacer',#3937,
#3929);
#3934=PRODUCT_DEFINITION_FORMATION('',$,#3945);
#3935=PRODUCT_DEFINITION_FORMATION('',$,#3946);
#3936=PRODUCT_DEFINITION_FORMATION('',$,#3947);
#3937=PRODUCT_DEFINITION_FORMATION('',$,#3948);
#3938=PRODUCT_RELATED_PRODUCT_CATEGORY('HelmholtzCoil','HelmholtzCoil',
(#3945));
#3939=PRODUCT_RELATED_PRODUCT_CATEGORY('Coil Mount','Coil Mount',(#3946));
#3940=PRODUCT_RELATED_PRODUCT_CATEGORY('Coil','Coil',(#3947));
#3941=PRODUCT_RELATED_PRODUCT_CATEGORY('Coil Spacer','Coil Spacer',(#3948));
#3942=APPLICATION_PROTOCOL_DEFINITION('international standard',
'automotive_design',2009,#3943);
#3943=APPLICATION_CONTEXT(
'Core Data for Automotive Mechanical Design Process');
#3944=PRODUCT_CONTEXT('part definition',#3943,'mechanical');
#3945=PRODUCT('2026-07-06-11-00-04-709','HelmholtzCoil',$,(#3944));
#3946=PRODUCT('Coil Mount','Coil Mount',$,(#3944));
#3947=PRODUCT('coil','Coil',$,(#3944));
#3948=PRODUCT('2026-07-06-09-15-30-304','Coil Spacer',$,(#3944));
#3949=PRESENTATION_STYLE_ASSIGNMENT((#3952));
#3950=PRESENTATION_STYLE_ASSIGNMENT((#3953));
#3951=PRESENTATION_STYLE_ASSIGNMENT((#3954));
#3952=SURFACE_STYLE_USAGE(.BOTH.,#3955);
#3953=SURFACE_STYLE_USAGE(.BOTH.,#3956);
#3954=SURFACE_STYLE_USAGE(.BOTH.,#3957);
#3955=SURFACE_SIDE_STYLE('',(#3958));
#3956=SURFACE_SIDE_STYLE('',(#3959));
#3957=SURFACE_SIDE_STYLE('',(#3960));
#3958=SURFACE_STYLE_FILL_AREA(#3961);
#3959=SURFACE_STYLE_FILL_AREA(#3962);
#3960=SURFACE_STYLE_FILL_AREA(#3963);
#3961=FILL_AREA_STYLE('Steel - Satin',(#3964));
#3962=FILL_AREA_STYLE('Brass - Polished',(#3965));
#3963=FILL_AREA_STYLE('Aluminum - Anodized Glossy (Red)',(#3966));
#3964=FILL_AREA_STYLE_COLOUR('Steel - Satin',#3967);
#3965=FILL_AREA_STYLE_COLOUR('Brass - Polished',#3968);
#3966=FILL_AREA_STYLE_COLOUR('Aluminum - Anodized Glossy (Red)',#3969);
#3967=COLOUR_RGB('Steel - Satin',0.627450980392157,0.627450980392157,0.627450980392157);
#3968=COLOUR_RGB('Brass - Polished',0.952941176470588,0.796078431372549,
0.486274509803922);
#3969=COLOUR_RGB('Aluminum - Anodized Glossy (Red)',0.854901960784314,0.349019607843137,
0.349019607843137);
ENDSEC;
END-ISO-10303-21;
