ISO-10303-21;
HEADER;
/* Generated by software containing ST-Developer
 * from STEP Tools, Inc. (www.steptools.com) 
 */

FILE_DESCRIPTION(
/* description */ (''),
/* implementation_level */ '2;1');

FILE_NAME(
/* name */ 'coil_calibration_assembly.step',
/* time_stamp */ '2026-08-26T09:57:25+02:00',
/* author */ (''),
/* organization */ (''),
/* preprocessor_version */ 'ST-DEVELOPER v20.1',
/* originating_system */ 'Autodesk Translation Framework v15.8.0.0',
/* authorisation */ '');

FILE_SCHEMA (('AUTOMOTIVE_DESIGN { 1 0 10303 214 3 1 1 }'));
ENDSEC;

DATA;
#10=MECHANICAL_DESIGN_GEOMETRIC_PRESENTATION_REPRESENTATION('',(#117,#118,
#119,#120,#121,#122,#123,#124,#125,#126,#127,#128,#129,#130,#131,#132,#133,
#134,#135,#136,#137,#138,#139,#140,#141,#142,#143,#144,#145,#146,#147,#148,
#149,#150,#151,#152,#153,#154,#155,#156,#157,#158,#159,#160,#161,#162,#163,
#164,#165,#166,#167,#168),#6815);
#11=ITEM_DEFINED_TRANSFORMATION($,$,#4052,#4308);
#12=ITEM_DEFINED_TRANSFORMATION($,$,#3991,#4309);
#13=ITEM_DEFINED_TRANSFORMATION($,$,#4052,#4310);
#14=ITEM_DEFINED_TRANSFORMATION($,$,#4293,#4311);
#15=ITEM_DEFINED_TRANSFORMATION($,$,#3990,#4410);
#16=ITEM_DEFINED_TRANSFORMATION($,$,#4312,#4411);
#17=ITEM_DEFINED_TRANSFORMATION($,$,#4352,#4412);
#18=(
REPRESENTATION_RELATIONSHIP($,$,#6844,#6842)
REPRESENTATION_RELATIONSHIP_WITH_TRANSFORMATION(#11)
SHAPE_REPRESENTATION_RELATIONSHIP()
);
#19=(
REPRESENTATION_RELATIONSHIP($,$,#6843,#6842)
REPRESENTATION_RELATIONSHIP_WITH_TRANSFORMATION(#12)
SHAPE_REPRESENTATION_RELATIONSHIP()
);
#20=(
REPRESENTATION_RELATIONSHIP($,$,#6844,#6842)
REPRESENTATION_RELATIONSHIP_WITH_TRANSFORMATION(#13)
SHAPE_REPRESENTATION_RELATIONSHIP()
);
#21=(
REPRESENTATION_RELATIONSHIP($,$,#6845,#6842)
REPRESENTATION_RELATIONSHIP_WITH_TRANSFORMATION(#14)
SHAPE_REPRESENTATION_RELATIONSHIP()
);
#22=(
REPRESENTATION_RELATIONSHIP($,$,#6842,#6841)
REPRESENTATION_RELATIONSHIP_WITH_TRANSFORMATION(#15)
SHAPE_REPRESENTATION_RELATIONSHIP()
);
#23=(
REPRESENTATION_RELATIONSHIP($,$,#6846,#6841)
REPRESENTATION_RELATIONSHIP_WITH_TRANSFORMATION(#16)
SHAPE_REPRESENTATION_RELATIONSHIP()
);
#24=(
REPRESENTATION_RELATIONSHIP($,$,#6847,#6841)
REPRESENTATION_RELATIONSHIP_WITH_TRANSFORMATION(#17)
SHAPE_REPRESENTATION_RELATIONSHIP()
);
#25=CONTEXT_DEPENDENT_SHAPE_REPRESENTATION(#18,#6832);
#26=CONTEXT_DEPENDENT_SHAPE_REPRESENTATION(#19,#6833);
#27=CONTEXT_DEPENDENT_SHAPE_REPRESENTATION(#20,#6834);
#28=CONTEXT_DEPENDENT_SHAPE_REPRESENTATION(#21,#6835);
#29=CONTEXT_DEPENDENT_SHAPE_REPRESENTATION(#22,#6838);
#30=CONTEXT_DEPENDENT_SHAPE_REPRESENTATION(#23,#6839);
#31=CONTEXT_DEPENDENT_SHAPE_REPRESENTATION(#24,#6840);
#32=NEXT_ASSEMBLY_USAGE_OCCURRENCE('Coil:1','Coil:1','Coil:1',#6850,#6852,
'Coil:1');
#33=NEXT_ASSEMBLY_USAGE_OCCURRENCE('Coil Mount:1','Coil Mount:1',
'Coil Mount:1',#6850,#6851,'Coil Mount:1');
#34=NEXT_ASSEMBLY_USAGE_OCCURRENCE('Coil:2','Coil:2','Coil:2',#6850,#6852,
'Coil:2');
#35=NEXT_ASSEMBLY_USAGE_OCCURRENCE('Coil Spacer:1','Coil Spacer:1',
'Coil Spacer:1',#6850,#6853,'Coil Spacer:1');
#36=NEXT_ASSEMBLY_USAGE_OCCURRENCE('HelmholtzCoil:1','HelmholtzCoil:1',
'HelmholtzCoil:1',#6849,#6850,'HelmholtzCoil:1');
#37=NEXT_ASSEMBLY_USAGE_OCCURRENCE('MR3 Holder:1','MR3 Holder:1',
'MR3 Holder:1',#6849,#6854,'MR3 Holder:1');
#38=NEXT_ASSEMBLY_USAGE_OCCURRENCE('MR3_Recreation:1',
'MR3_Recreation:1','MR3_Recreation:1',#6849,#6855,'MR3_Recreation:1');
#39=ELLIPSE('',#4295,1.76776695296637,1.25);
#40=ELLIPSE('',#4296,1.76776695296637,1.25);
#41=ELLIPSE('',#4298,1.76776695296637,1.25);
#42=ELLIPSE('',#4299,1.76776695296637,1.25);
#43=B_SPLINE_CURVE_WITH_KNOTS('',3,(#6187,#6188,#6189,#6190,#6191,#6192,
#6193,#6194,#6195,#6196,#6197,#6198,#6199,#6200,#6201,#6202,#6203,#6204),
 .UNSPECIFIED.,.F.,.F.,(4,2,2,2,2,2,2,2,4),(0.192195276051885,0.240178513967643,
0.288161751883402,0.336276151993586,0.38439055210377,0.432504952213954,
0.480619352324138,0.528602590239897,0.576585828155655),.UNSPECIFIED.);
#44=B_SPLINE_CURVE_WITH_KNOTS('',3,(#6206,#6207,#6208,#6209,#6210,#6211,
#6212,#6213,#6214,#6215),.UNSPECIFIED.,.F.,.F.,(4,2,2,2,4),(0.76878110420754,
0.816895504317724,0.865009904427908,0.912993142343667,0.960976380259425),
 .UNSPECIFIED.);
#45=B_SPLINE_CURVE_WITH_KNOTS('',3,(#6221,#6222,#6223,#6224,#6225,#6226,
#6227,#6228,#6229,#6230),.UNSPECIFIED.,.F.,.F.,(4,2,2,2,4),(0.576585828155655,
0.624569066071413,0.672552303987172,0.720666704097356,0.76878110420754),
 .UNSPECIFIED.);
#46=B_SPLINE_CURVE_WITH_KNOTS('',3,(#6234,#6235,#6236,#6237,#6238,#6239,
#6240,#6241,#6242,#6243,#6244,#6245,#6246,#6247,#6248,#6249,#6250,#6251),
 .UNSPECIFIED.,.F.,.F.,(4,2,2,2,2,2,2,2,4),(0.192195276051885,0.240178513967643,
0.288161751883402,0.336276151993586,0.38439055210377,0.432504952213954,
0.480619352324138,0.528602590239896,0.576585828155654),.UNSPECIFIED.);
#47=B_SPLINE_CURVE_WITH_KNOTS('',3,(#6253,#6254,#6255,#6256,#6257,#6258,
#6259,#6260,#6261,#6262),.UNSPECIFIED.,.F.,.F.,(4,2,2,2,4),(0.768781104207539,
0.816895504317723,0.865009904427907,0.912993142343666,0.960976380259424),
 .UNSPECIFIED.);
#48=B_SPLINE_CURVE_WITH_KNOTS('',3,(#6268,#6269,#6270,#6271,#6272,#6273,
#6274,#6275,#6276,#6277),.UNSPECIFIED.,.F.,.F.,(4,2,2,2,4),(0.576585828155654,
0.624569066071413,0.672552303987171,0.720666704097355,0.768781104207539),
 .UNSPECIFIED.);
#49=TOROIDAL_SURFACE('',#4119,33.4999996256083,0.0599999999999978);
#50=TOROIDAL_SURFACE('',#4123,33.4999996256083,0.0599999999999978);
#51=TOROIDAL_SURFACE('',#4126,33.4999996256083,0.0599999999999978);
#52=TOROIDAL_SURFACE('',#4129,33.4999996256083,0.0599999999999978);
#53=TOROIDAL_SURFACE('',#4132,33.4999996256083,0.0599999999999978);
#54=TOROIDAL_SURFACE('',#4135,33.4999996256083,0.0599999999999978);
#55=TOROIDAL_SURFACE('',#4138,33.4999996256083,0.0599999999999978);
#56=TOROIDAL_SURFACE('',#4141,33.4999996256083,0.0599999999999978);
#57=TOROIDAL_SURFACE('',#4144,33.4999996256083,0.0599999999999978);
#58=TOROIDAL_SURFACE('',#4147,33.4999996256083,0.0599999999999978);
#59=TOROIDAL_SURFACE('',#4150,33.4999996256083,0.0599999999999978);
#60=TOROIDAL_SURFACE('',#4153,33.4999996256083,0.0599999999999978);
#61=TOROIDAL_SURFACE('',#4156,33.4999996256083,0.0599999999999978);
#62=TOROIDAL_SURFACE('',#4159,33.4999996256083,0.0599999999999978);
#63=TOROIDAL_SURFACE('',#4162,33.4999996256083,0.0599999999999978);
#64=TOROIDAL_SURFACE('',#4165,33.4999996256083,0.0599999999999978);
#65=TOROIDAL_SURFACE('',#4168,33.4999996256083,0.0599999999999978);
#66=TOROIDAL_SURFACE('',#4171,33.4999996256083,0.0599999999999978);
#67=TOROIDAL_SURFACE('',#4174,33.4999996256083,0.0599999999999978);
#68=TOROIDAL_SURFACE('',#4177,33.4999996256083,0.0599999999999978);
#69=TOROIDAL_SURFACE('',#4180,33.4999996256083,0.0599999999999978);
#70=TOROIDAL_SURFACE('',#4183,33.4999996256083,0.0599999999999978);
#71=TOROIDAL_SURFACE('',#4186,33.4999996256083,0.0599999999999978);
#72=TOROIDAL_SURFACE('',#4189,33.4999996256083,0.0599999999999978);
#73=TOROIDAL_SURFACE('',#4192,33.4999996256083,0.0599999999999978);
#74=TOROIDAL_SURFACE('',#4195,33.4999996256083,0.0599999999999978);
#75=TOROIDAL_SURFACE('',#4198,33.4999996256083,0.0599999999999978);
#76=TOROIDAL_SURFACE('',#4201,33.4999996256083,0.0599999999999978);
#77=TOROIDAL_SURFACE('',#4204,33.4999996256083,0.0599999999999978);
#78=TOROIDAL_SURFACE('',#4207,33.4999996256083,0.0599999999999978);
#79=TOROIDAL_SURFACE('',#4210,33.4999996256083,0.0599999999999978);
#80=TOROIDAL_SURFACE('',#4213,33.4999996256083,0.0599999999999978);
#81=TOROIDAL_SURFACE('',#4216,33.4999996256083,0.0599999999999978);
#82=TOROIDAL_SURFACE('',#4219,33.4999996256083,0.0599999999999978);
#83=TOROIDAL_SURFACE('',#4222,33.4999996256083,0.0599999999999978);
#84=TOROIDAL_SURFACE('',#4225,33.4999996256083,0.0599999999999978);
#85=TOROIDAL_SURFACE('',#4228,33.4999996256083,0.0599999999999978);
#86=TOROIDAL_SURFACE('',#4231,33.4999996256083,0.0599999999999978);
#87=TOROIDAL_SURFACE('',#4234,33.4999996256083,0.0599999999999978);
#88=TOROIDAL_SURFACE('',#4237,33.4999996256083,0.0599999999999978);
#89=TOROIDAL_SURFACE('',#4240,33.4999996256083,0.0599999999999978);
#90=TOROIDAL_SURFACE('',#4243,33.4999996256083,0.0599999999999978);
#91=TOROIDAL_SURFACE('',#4246,33.4999996256083,0.0599999999999978);
#92=TOROIDAL_SURFACE('',#4249,33.4999996256083,0.0599999999999978);
#93=TOROIDAL_SURFACE('',#4252,33.4999996256083,0.0599999999999978);
#94=TOROIDAL_SURFACE('',#4255,33.4999996256083,0.0599999999999978);
#95=TOROIDAL_SURFACE('',#4258,33.4999996256083,0.0599999999999978);
#96=TOROIDAL_SURFACE('',#4261,33.4999996256083,0.0599999999999978);
#97=TOROIDAL_SURFACE('',#4264,33.4999996256083,0.0599999999999978);
#98=TOROIDAL_SURFACE('',#4267,33.4999996256083,0.0599999999999978);
#99=TOROIDAL_SURFACE('',#4270,33.4999996256083,0.0599999999999978);
#100=TOROIDAL_SURFACE('',#4273,33.4999996256083,0.0599999999999978);
#101=TOROIDAL_SURFACE('',#4276,33.4999996256083,0.0599999999999978);
#102=TOROIDAL_SURFACE('',#4279,33.4999996256083,0.0599999999999978);
#103=TOROIDAL_SURFACE('',#4282,33.4999996256083,0.0599999999999978);
#104=TOROIDAL_SURFACE('',#4285,33.4999996256083,0.0599999999999978);
#105=TOROIDAL_SURFACE('',#4288,33.4999996256083,0.0599999999999978);
#106=TOROIDAL_SURFACE('',#4291,33.4999996256083,0.0599999999999978);
#107=SHAPE_REPRESENTATION_RELATIONSHIP('SRR','None',#6843,#112);
#108=SHAPE_REPRESENTATION_RELATIONSHIP('SRR','None',#6844,#113);
#109=SHAPE_REPRESENTATION_RELATIONSHIP('SRR','None',#6845,#114);
#110=SHAPE_REPRESENTATION_RELATIONSHIP('SRR','None',#6846,#115);
#111=SHAPE_REPRESENTATION_RELATIONSHIP('SRR','None',#6847,#116);
#112=ADVANCED_BREP_SHAPE_REPRESENTATION('',(#169),#6810);
#113=ADVANCED_BREP_SHAPE_REPRESENTATION('',(#170,#171),#6811);
#114=ADVANCED_BREP_SHAPE_REPRESENTATION('',(#172),#6812);
#115=ADVANCED_BREP_SHAPE_REPRESENTATION('',(#173),#6813);
#116=ADVANCED_BREP_SHAPE_REPRESENTATION('',(#174),#6814);
#117=STYLED_ITEM('',(#6881),#169);
#118=STYLED_ITEM('',(#6881),#170);
#119=STYLED_ITEM('',(#6882),#171);
#120=STYLED_ITEM('',(#6881),#172);
#121=STYLED_ITEM('',(#6883),#173);
#122=STYLED_ITEM('',(#6885),#3870);
#123=STYLED_ITEM('',(#6885),#3871);
#124=STYLED_ITEM('',(#6885),#3872);
#125=STYLED_ITEM('',(#6885),#3873);
#126=STYLED_ITEM('',(#6885),#3874);
#127=STYLED_ITEM('',(#6885),#3875);
#128=STYLED_ITEM('',(#6885),#3876);
#129=STYLED_ITEM('',(#6885),#3877);
#130=STYLED_ITEM('',(#6885),#3878);
#131=STYLED_ITEM('',(#6885),#3879);
#132=STYLED_ITEM('',(#6885),#3880);
#133=STYLED_ITEM('',(#6885),#3881);
#134=STYLED_ITEM('',(#6885),#3882);
#135=STYLED_ITEM('',(#6885),#3883);
#136=STYLED_ITEM('',(#6885),#3884);
#137=STYLED_ITEM('',(#6885),#3885);
#138=STYLED_ITEM('',(#6885),#3886);
#139=STYLED_ITEM('',(#6885),#3887);
#140=STYLED_ITEM('',(#6885),#3888);
#141=STYLED_ITEM('',(#6885),#3889);
#142=STYLED_ITEM('',(#6885),#3890);
#143=STYLED_ITEM('',(#6885),#3891);
#144=STYLED_ITEM('',(#6885),#3892);
#145=STYLED_ITEM('',(#6885),#3893);
#146=STYLED_ITEM('',(#6885),#3894);
#147=STYLED_ITEM('',(#6885),#3895);
#148=STYLED_ITEM('',(#6885),#3896);
#149=STYLED_ITEM('',(#6885),#3897);
#150=STYLED_ITEM('',(#6885),#3898);
#151=STYLED_ITEM('',(#6885),#3899);
#152=STYLED_ITEM('',(#6885),#3900);
#153=STYLED_ITEM('',(#6885),#3901);
#154=STYLED_ITEM('',(#6885),#3902);
#155=STYLED_ITEM('',(#6885),#3903);
#156=STYLED_ITEM('',(#6885),#3904);
#157=STYLED_ITEM('',(#6885),#3905);
#158=STYLED_ITEM('',(#6885),#3906);
#159=STYLED_ITEM('',(#6885),#3907);
#160=STYLED_ITEM('',(#6885),#3908);
#161=STYLED_ITEM('',(#6885),#3909);
#162=STYLED_ITEM('',(#6885),#3910);
#163=STYLED_ITEM('',(#6885),#3911);
#164=STYLED_ITEM('',(#6885),#3912);
#165=STYLED_ITEM('',(#6885),#3913);
#166=STYLED_ITEM('',(#6885),#3914);
#167=STYLED_ITEM('',(#6885),#3915);
#168=STYLED_ITEM('',(#6884),#174);
#169=MANIFOLD_SOLID_BREP('Body1',#3927);
#170=MANIFOLD_SOLID_BREP('Body1',#3928);
#171=MANIFOLD_SOLID_BREP('Body2',#3929);
#172=MANIFOLD_SOLID_BREP('Body1',#3930);
#173=MANIFOLD_SOLID_BREP('Body1',#3931);
#174=MANIFOLD_SOLID_BREP('Body1',#3932);
#175=FACE_BOUND('',#553,.T.);
#176=FACE_BOUND('',#554,.T.);
#177=FACE_BOUND('',#557,.T.);
#178=FACE_BOUND('',#558,.T.);
#179=FACE_BOUND('',#561,.T.);
#180=FACE_BOUND('',#562,.T.);
#181=FACE_BOUND('',#570,.T.);
#182=FACE_BOUND('',#571,.T.);
#183=FACE_BOUND('',#573,.T.);
#184=FACE_BOUND('',#575,.T.);
#185=FACE_BOUND('',#576,.T.);
#186=FACE_BOUND('',#579,.T.);
#187=FACE_BOUND('',#580,.T.);
#188=FACE_BOUND('',#582,.T.);
#189=FACE_BOUND('',#601,.T.);
#190=FACE_BOUND('',#602,.T.);
#191=FACE_BOUND('',#603,.T.);
#192=FACE_BOUND('',#604,.T.);
#193=FACE_BOUND('',#606,.T.);
#194=FACE_BOUND('',#607,.T.);
#195=FACE_BOUND('',#608,.T.);
#196=FACE_BOUND('',#609,.T.);
#197=FACE_BOUND('',#631,.T.);
#198=FACE_BOUND('',#697,.T.);
#199=FACE_BOUND('',#698,.T.);
#200=FACE_BOUND('',#700,.T.);
#201=FACE_BOUND('',#702,.T.);
#202=FACE_BOUND('',#708,.T.);
#203=FACE_BOUND('',#709,.T.);
#204=FACE_BOUND('',#728,.T.);
#205=FACE_BOUND('',#729,.T.);
#206=FACE_BOUND('',#795,.T.);
#207=FACE_BOUND('',#796,.T.);
#208=FACE_BOUND('',#798,.T.);
#209=FACE_BOUND('',#799,.T.);
#210=FACE_BOUND('',#801,.T.);
#211=FACE_BOUND('',#804,.T.);
#212=FACE_BOUND('',#805,.T.);
#213=PLANE('',#3995);
#214=PLANE('',#4001);
#215=PLANE('',#4004);
#216=PLANE('',#4005);
#217=PLANE('',#4020);
#218=PLANE('',#4021);
#219=PLANE('',#4028);
#220=PLANE('',#4029);
#221=PLANE('',#4030);
#222=PLANE('',#4031);
#223=PLANE('',#4038);
#224=PLANE('',#4039);
#225=PLANE('',#4041);
#226=PLANE('',#4043);
#227=PLANE('',#4045);
#228=PLANE('',#4047);
#229=PLANE('',#4050);
#230=PLANE('',#4051);
#231=PLANE('',#4053);
#232=PLANE('',#4054);
#233=PLANE('',#4055);
#234=PLANE('',#4056);
#235=PLANE('',#4073);
#236=PLANE('',#4090);
#237=PLANE('',#4095);
#238=PLANE('',#4099);
#239=PLANE('',#4103);
#240=PLANE('',#4111);
#241=PLANE('',#4116);
#242=PLANE('',#4306);
#243=PLANE('',#4307);
#244=PLANE('',#4313);
#245=PLANE('',#4314);
#246=PLANE('',#4315);
#247=PLANE('',#4316);
#248=PLANE('',#4317);
#249=PLANE('',#4320);
#250=PLANE('',#4321);
#251=PLANE('',#4322);
#252=PLANE('',#4323);
#253=PLANE('',#4324);
#254=PLANE('',#4325);
#255=PLANE('',#4326);
#256=PLANE('',#4327);
#257=PLANE('',#4328);
#258=PLANE('',#4329);
#259=PLANE('',#4330);
#260=PLANE('',#4331);
#261=PLANE('',#4332);
#262=PLANE('',#4333);
#263=PLANE('',#4334);
#264=PLANE('',#4335);
#265=PLANE('',#4336);
#266=PLANE('',#4337);
#267=PLANE('',#4340);
#268=PLANE('',#4341);
#269=PLANE('',#4342);
#270=PLANE('',#4343);
#271=PLANE('',#4344);
#272=PLANE('',#4345);
#273=PLANE('',#4346);
#274=PLANE('',#4347);
#275=PLANE('',#4350);
#276=PLANE('',#4351);
#277=PLANE('',#4353);
#278=PLANE('',#4354);
#279=PLANE('',#4355);
#280=PLANE('',#4356);
#281=PLANE('',#4357);
#282=PLANE('',#4358);
#283=PLANE('',#4359);
#284=PLANE('',#4360);
#285=PLANE('',#4361);
#286=PLANE('',#4362);
#287=PLANE('',#4363);
#288=PLANE('',#4364);
#289=PLANE('',#4365);
#290=PLANE('',#4366);
#291=PLANE('',#4367);
#292=PLANE('',#4368);
#293=PLANE('',#4369);
#294=PLANE('',#4370);
#295=PLANE('',#4371);
#296=PLANE('',#4372);
#297=PLANE('',#4373);
#298=PLANE('',#4374);
#299=PLANE('',#4375);
#300=PLANE('',#4376);
#301=PLANE('',#4377);
#302=PLANE('',#4378);
#303=PLANE('',#4379);
#304=PLANE('',#4380);
#305=PLANE('',#4381);
#306=PLANE('',#4382);
#307=PLANE('',#4383);
#308=PLANE('',#4384);
#309=PLANE('',#4385);
#310=PLANE('',#4386);
#311=PLANE('',#4387);
#312=PLANE('',#4388);
#313=PLANE('',#4389);
#314=PLANE('',#4390);
#315=PLANE('',#4391);
#316=PLANE('',#4392);
#317=PLANE('',#4393);
#318=PLANE('',#4394);
#319=PLANE('',#4395);
#320=PLANE('',#4396);
#321=PLANE('',#4397);
#322=PLANE('',#4398);
#323=PLANE('',#4399);
#324=PLANE('',#4400);
#325=PLANE('',#4401);
#326=PLANE('',#4402);
#327=PLANE('',#4403);
#328=PLANE('',#4404);
#329=PLANE('',#4405);
#330=PLANE('',#4406);
#331=PLANE('',#4407);
#332=PLANE('',#4408);
#333=PLANE('',#4409);
#334=FACE_OUTER_BOUND('',#551,.T.);
#335=FACE_OUTER_BOUND('',#552,.T.);
#336=FACE_OUTER_BOUND('',#555,.T.);
#337=FACE_OUTER_BOUND('',#556,.T.);
#338=FACE_OUTER_BOUND('',#559,.T.);
#339=FACE_OUTER_BOUND('',#560,.T.);
#340=FACE_OUTER_BOUND('',#563,.T.);
#341=FACE_OUTER_BOUND('',#564,.T.);
#342=FACE_OUTER_BOUND('',#565,.T.);
#343=FACE_OUTER_BOUND('',#566,.T.);
#344=FACE_OUTER_BOUND('',#567,.T.);
#345=FACE_OUTER_BOUND('',#568,.T.);
#346=FACE_OUTER_BOUND('',#569,.T.);
#347=FACE_OUTER_BOUND('',#572,.T.);
#348=FACE_OUTER_BOUND('',#574,.T.);
#349=FACE_OUTER_BOUND('',#577,.T.);
#350=FACE_OUTER_BOUND('',#578,.T.);
#351=FACE_OUTER_BOUND('',#581,.T.);
#352=FACE_OUTER_BOUND('',#583,.T.);
#353=FACE_OUTER_BOUND('',#584,.T.);
#354=FACE_OUTER_BOUND('',#585,.T.);
#355=FACE_OUTER_BOUND('',#586,.T.);
#356=FACE_OUTER_BOUND('',#587,.T.);
#357=FACE_OUTER_BOUND('',#588,.T.);
#358=FACE_OUTER_BOUND('',#589,.T.);
#359=FACE_OUTER_BOUND('',#590,.T.);
#360=FACE_OUTER_BOUND('',#591,.T.);
#361=FACE_OUTER_BOUND('',#592,.T.);
#362=FACE_OUTER_BOUND('',#593,.T.);
#363=FACE_OUTER_BOUND('',#594,.T.);
#364=FACE_OUTER_BOUND('',#595,.T.);
#365=FACE_OUTER_BOUND('',#596,.T.);
#366=FACE_OUTER_BOUND('',#597,.T.);
#367=FACE_OUTER_BOUND('',#598,.T.);
#368=FACE_OUTER_BOUND('',#599,.T.);
#369=FACE_OUTER_BOUND('',#600,.T.);
#370=FACE_OUTER_BOUND('',#605,.T.);
#371=FACE_OUTER_BOUND('',#610,.T.);
#372=FACE_OUTER_BOUND('',#611,.T.);
#373=FACE_OUTER_BOUND('',#612,.T.);
#374=FACE_OUTER_BOUND('',#613,.T.);
#375=FACE_OUTER_BOUND('',#614,.T.);
#376=FACE_OUTER_BOUND('',#615,.T.);
#377=FACE_OUTER_BOUND('',#616,.T.);
#378=FACE_OUTER_BOUND('',#617,.T.);
#379=FACE_OUTER_BOUND('',#618,.T.);
#380=FACE_OUTER_BOUND('',#619,.T.);
#381=FACE_OUTER_BOUND('',#620,.T.);
#382=FACE_OUTER_BOUND('',#621,.T.);
#383=FACE_OUTER_BOUND('',#622,.T.);
#384=FACE_OUTER_BOUND('',#623,.T.);
#385=FACE_OUTER_BOUND('',#624,.T.);
#386=FACE_OUTER_BOUND('',#625,.T.);
#387=FACE_OUTER_BOUND('',#626,.T.);
#388=FACE_OUTER_BOUND('',#627,.T.);
#389=FACE_OUTER_BOUND('',#628,.T.);
#390=FACE_OUTER_BOUND('',#629,.T.);
#391=FACE_OUTER_BOUND('',#630,.T.);
#392=FACE_OUTER_BOUND('',#632,.T.);
#393=FACE_OUTER_BOUND('',#633,.T.);
#394=FACE_OUTER_BOUND('',#634,.T.);
#395=FACE_OUTER_BOUND('',#635,.T.);
#396=FACE_OUTER_BOUND('',#636,.T.);
#397=FACE_OUTER_BOUND('',#637,.T.);
#398=FACE_OUTER_BOUND('',#638,.T.);
#399=FACE_OUTER_BOUND('',#639,.T.);
#400=FACE_OUTER_BOUND('',#640,.T.);
#401=FACE_OUTER_BOUND('',#641,.T.);
#402=FACE_OUTER_BOUND('',#642,.T.);
#403=FACE_OUTER_BOUND('',#643,.T.);
#404=FACE_OUTER_BOUND('',#644,.T.);
#405=FACE_OUTER_BOUND('',#645,.T.);
#406=FACE_OUTER_BOUND('',#646,.T.);
#407=FACE_OUTER_BOUND('',#647,.T.);
#408=FACE_OUTER_BOUND('',#648,.T.);
#409=FACE_OUTER_BOUND('',#649,.T.);
#410=FACE_OUTER_BOUND('',#650,.T.);
#411=FACE_OUTER_BOUND('',#651,.T.);
#412=FACE_OUTER_BOUND('',#652,.T.);
#413=FACE_OUTER_BOUND('',#653,.T.);
#414=FACE_OUTER_BOUND('',#654,.T.);
#415=FACE_OUTER_BOUND('',#655,.T.);
#416=FACE_OUTER_BOUND('',#656,.T.);
#417=FACE_OUTER_BOUND('',#657,.T.);
#418=FACE_OUTER_BOUND('',#658,.T.);
#419=FACE_OUTER_BOUND('',#659,.T.);
#420=FACE_OUTER_BOUND('',#660,.T.);
#421=FACE_OUTER_BOUND('',#661,.T.);
#422=FACE_OUTER_BOUND('',#662,.T.);
#423=FACE_OUTER_BOUND('',#663,.T.);
#424=FACE_OUTER_BOUND('',#664,.T.);
#425=FACE_OUTER_BOUND('',#665,.T.);
#426=FACE_OUTER_BOUND('',#666,.T.);
#427=FACE_OUTER_BOUND('',#667,.T.);
#428=FACE_OUTER_BOUND('',#668,.T.);
#429=FACE_OUTER_BOUND('',#669,.T.);
#430=FACE_OUTER_BOUND('',#670,.T.);
#431=FACE_OUTER_BOUND('',#671,.T.);
#432=FACE_OUTER_BOUND('',#672,.T.);
#433=FACE_OUTER_BOUND('',#673,.T.);
#434=FACE_OUTER_BOUND('',#674,.T.);
#435=FACE_OUTER_BOUND('',#675,.T.);
#436=FACE_OUTER_BOUND('',#676,.T.);
#437=FACE_OUTER_BOUND('',#677,.T.);
#438=FACE_OUTER_BOUND('',#678,.T.);
#439=FACE_OUTER_BOUND('',#679,.T.);
#440=FACE_OUTER_BOUND('',#680,.T.);
#441=FACE_OUTER_BOUND('',#681,.T.);
#442=FACE_OUTER_BOUND('',#682,.T.);
#443=FACE_OUTER_BOUND('',#683,.T.);
#444=FACE_OUTER_BOUND('',#684,.T.);
#445=FACE_OUTER_BOUND('',#685,.T.);
#446=FACE_OUTER_BOUND('',#686,.T.);
#447=FACE_OUTER_BOUND('',#687,.T.);
#448=FACE_OUTER_BOUND('',#688,.T.);
#449=FACE_OUTER_BOUND('',#689,.T.);
#450=FACE_OUTER_BOUND('',#690,.T.);
#451=FACE_OUTER_BOUND('',#691,.T.);
#452=FACE_OUTER_BOUND('',#692,.T.);
#453=FACE_OUTER_BOUND('',#693,.T.);
#454=FACE_OUTER_BOUND('',#694,.T.);
#455=FACE_OUTER_BOUND('',#695,.T.);
#456=FACE_OUTER_BOUND('',#696,.T.);
#457=FACE_OUTER_BOUND('',#699,.T.);
#458=FACE_OUTER_BOUND('',#701,.T.);
#459=FACE_OUTER_BOUND('',#703,.T.);
#460=FACE_OUTER_BOUND('',#704,.T.);
#461=FACE_OUTER_BOUND('',#705,.T.);
#462=FACE_OUTER_BOUND('',#706,.T.);
#463=FACE_OUTER_BOUND('',#707,.T.);
#464=FACE_OUTER_BOUND('',#710,.T.);
#465=FACE_OUTER_BOUND('',#711,.T.);
#466=FACE_OUTER_BOUND('',#712,.T.);
#467=FACE_OUTER_BOUND('',#713,.T.);
#468=FACE_OUTER_BOUND('',#714,.T.);
#469=FACE_OUTER_BOUND('',#715,.T.);
#470=FACE_OUTER_BOUND('',#716,.T.);
#471=FACE_OUTER_BOUND('',#717,.T.);
#472=FACE_OUTER_BOUND('',#718,.T.);
#473=FACE_OUTER_BOUND('',#719,.T.);
#474=FACE_OUTER_BOUND('',#720,.T.);
#475=FACE_OUTER_BOUND('',#721,.T.);
#476=FACE_OUTER_BOUND('',#722,.T.);
#477=FACE_OUTER_BOUND('',#723,.T.);
#478=FACE_OUTER_BOUND('',#724,.T.);
#479=FACE_OUTER_BOUND('',#725,.T.);
#480=FACE_OUTER_BOUND('',#726,.T.);
#481=FACE_OUTER_BOUND('',#727,.T.);
#482=FACE_OUTER_BOUND('',#730,.T.);
#483=FACE_OUTER_BOUND('',#731,.T.);
#484=FACE_OUTER_BOUND('',#732,.T.);
#485=FACE_OUTER_BOUND('',#733,.T.);
#486=FACE_OUTER_BOUND('',#734,.T.);
#487=FACE_OUTER_BOUND('',#735,.T.);
#488=FACE_OUTER_BOUND('',#736,.T.);
#489=FACE_OUTER_BOUND('',#737,.T.);
#490=FACE_OUTER_BOUND('',#738,.T.);
#491=FACE_OUTER_BOUND('',#739,.T.);
#492=FACE_OUTER_BOUND('',#740,.T.);
#493=FACE_OUTER_BOUND('',#741,.T.);
#494=FACE_OUTER_BOUND('',#742,.T.);
#495=FACE_OUTER_BOUND('',#743,.T.);
#496=FACE_OUTER_BOUND('',#744,.T.);
#497=FACE_OUTER_BOUND('',#745,.T.);
#498=FACE_OUTER_BOUND('',#746,.T.);
#499=FACE_OUTER_BOUND('',#747,.T.);
#500=FACE_OUTER_BOUND('',#748,.T.);
#501=FACE_OUTER_BOUND('',#749,.T.);
#502=FACE_OUTER_BOUND('',#750,.T.);
#503=FACE_OUTER_BOUND('',#751,.T.);
#504=FACE_OUTER_BOUND('',#752,.T.);
#505=FACE_OUTER_BOUND('',#753,.T.);
#506=FACE_OUTER_BOUND('',#754,.T.);
#507=FACE_OUTER_BOUND('',#755,.T.);
#508=FACE_OUTER_BOUND('',#756,.T.);
#509=FACE_OUTER_BOUND('',#757,.T.);
#510=FACE_OUTER_BOUND('',#758,.T.);
#511=FACE_OUTER_BOUND('',#759,.T.);
#512=FACE_OUTER_BOUND('',#760,.T.);
#513=FACE_OUTER_BOUND('',#761,.T.);
#514=FACE_OUTER_BOUND('',#762,.T.);
#515=FACE_OUTER_BOUND('',#763,.T.);
#516=FACE_OUTER_BOUND('',#764,.T.);
#517=FACE_OUTER_BOUND('',#765,.T.);
#518=FACE_OUTER_BOUND('',#766,.T.);
#519=FACE_OUTER_BOUND('',#767,.T.);
#520=FACE_OUTER_BOUND('',#768,.T.);
#521=FACE_OUTER_BOUND('',#769,.T.);
#522=FACE_OUTER_BOUND('',#770,.T.);
#523=FACE_OUTER_BOUND('',#771,.T.);
#524=FACE_OUTER_BOUND('',#772,.T.);
#525=FACE_OUTER_BOUND('',#773,.T.);
#526=FACE_OUTER_BOUND('',#774,.T.);
#527=FACE_OUTER_BOUND('',#775,.T.);
#528=FACE_OUTER_BOUND('',#776,.T.);
#529=FACE_OUTER_BOUND('',#777,.T.);
#530=FACE_OUTER_BOUND('',#778,.T.);
#531=FACE_OUTER_BOUND('',#779,.T.);
#532=FACE_OUTER_BOUND('',#780,.T.);
#533=FACE_OUTER_BOUND('',#781,.T.);
#534=FACE_OUTER_BOUND('',#782,.T.);
#535=FACE_OUTER_BOUND('',#783,.T.);
#536=FACE_OUTER_BOUND('',#784,.T.);
#537=FACE_OUTER_BOUND('',#785,.T.);
#538=FACE_OUTER_BOUND('',#786,.T.);
#539=FACE_OUTER_BOUND('',#787,.T.);
#540=FACE_OUTER_BOUND('',#788,.T.);
#541=FACE_OUTER_BOUND('',#789,.T.);
#542=FACE_OUTER_BOUND('',#790,.T.);
#543=FACE_OUTER_BOUND('',#791,.T.);
#544=FACE_OUTER_BOUND('',#792,.T.);
#545=FACE_OUTER_BOUND('',#793,.T.);
#546=FACE_OUTER_BOUND('',#794,.T.);
#547=FACE_OUTER_BOUND('',#797,.T.);
#548=FACE_OUTER_BOUND('',#800,.T.);
#549=FACE_OUTER_BOUND('',#802,.T.);
#550=FACE_OUTER_BOUND('',#803,.T.);
#551=EDGE_LOOP('',(#2580,#2581,#2582,#2583));
#552=EDGE_LOOP('',(#2584,#2585,#2586,#2587));
#553=EDGE_LOOP('',(#2588));
#554=EDGE_LOOP('',(#2589));
#555=EDGE_LOOP('',(#2590,#2591,#2592,#2593));
#556=EDGE_LOOP('',(#2594,#2595,#2596,#2597,#2598,#2599));
#557=EDGE_LOOP('',(#2600));
#558=EDGE_LOOP('',(#2601));
#559=EDGE_LOOP('',(#2602,#2603,#2604,#2605,#2606,#2607));
#560=EDGE_LOOP('',(#2608,#2609,#2610,#2611,#2612,#2613,#2614,#2615));
#561=EDGE_LOOP('',(#2616));
#562=EDGE_LOOP('',(#2617));
#563=EDGE_LOOP('',(#2618,#2619,#2620,#2621));
#564=EDGE_LOOP('',(#2622,#2623,#2624,#2625));
#565=EDGE_LOOP('',(#2626,#2627,#2628,#2629));
#566=EDGE_LOOP('',(#2630,#2631,#2632,#2633));
#567=EDGE_LOOP('',(#2634,#2635,#2636,#2637));
#568=EDGE_LOOP('',(#2638,#2639,#2640,#2641));
#569=EDGE_LOOP('',(#2642,#2643,#2644,#2645,#2646,#2647));
#570=EDGE_LOOP('',(#2648));
#571=EDGE_LOOP('',(#2649));
#572=EDGE_LOOP('',(#2650,#2651,#2652,#2653,#2654,#2655,#2656,#2657,#2658,
#2659,#2660,#2661,#2662,#2663,#2664,#2665,#2666,#2667));
#573=EDGE_LOOP('',(#2668,#2669,#2670,#2671));
#574=EDGE_LOOP('',(#2672,#2673,#2674,#2675));
#575=EDGE_LOOP('',(#2676));
#576=EDGE_LOOP('',(#2677));
#577=EDGE_LOOP('',(#2678,#2679,#2680,#2681));
#578=EDGE_LOOP('',(#2682,#2683,#2684,#2685,#2686,#2687,#2688,#2689));
#579=EDGE_LOOP('',(#2690));
#580=EDGE_LOOP('',(#2691));
#581=EDGE_LOOP('',(#2692,#2693,#2694,#2695,#2696,#2697,#2698,#2699));
#582=EDGE_LOOP('',(#2700,#2701,#2702,#2703));
#583=EDGE_LOOP('',(#2704,#2705,#2706,#2707));
#584=EDGE_LOOP('',(#2708,#2709,#2710,#2711));
#585=EDGE_LOOP('',(#2712,#2713,#2714,#2715));
#586=EDGE_LOOP('',(#2716,#2717,#2718,#2719));
#587=EDGE_LOOP('',(#2720,#2721,#2722,#2723));
#588=EDGE_LOOP('',(#2724,#2725,#2726,#2727));
#589=EDGE_LOOP('',(#2728,#2729,#2730,#2731));
#590=EDGE_LOOP('',(#2732,#2733,#2734,#2735));
#591=EDGE_LOOP('',(#2736,#2737,#2738,#2739));
#592=EDGE_LOOP('',(#2740,#2741,#2742,#2743));
#593=EDGE_LOOP('',(#2744,#2745,#2746,#2747));
#594=EDGE_LOOP('',(#2748,#2749,#2750,#2751));
#595=EDGE_LOOP('',(#2752,#2753,#2754,#2755));
#596=EDGE_LOOP('',(#2756,#2757,#2758,#2759));
#597=EDGE_LOOP('',(#2760,#2761,#2762,#2763));
#598=EDGE_LOOP('',(#2764,#2765,#2766,#2767));
#599=EDGE_LOOP('',(#2768,#2769,#2770,#2771,#2772));
#600=EDGE_LOOP('',(#2773,#2774,#2775,#2776));
#601=EDGE_LOOP('',(#2777,#2778,#2779,#2780,#2781,#2782,#2783,#2784,#2785,
#2786,#2787,#2788,#2789,#2790,#2791,#2792));
#602=EDGE_LOOP('',(#2793));
#603=EDGE_LOOP('',(#2794));
#604=EDGE_LOOP('',(#2795));
#605=EDGE_LOOP('',(#2796));
#606=EDGE_LOOP('',(#2797));
#607=EDGE_LOOP('',(#2798,#2799,#2800,#2801,#2802,#2803,#2804,#2805,#2806,
#2807,#2808,#2809,#2810,#2811,#2812,#2813));
#608=EDGE_LOOP('',(#2814));
#609=EDGE_LOOP('',(#2815));
#610=EDGE_LOOP('',(#2816,#2817,#2818,#2819));
#611=EDGE_LOOP('',(#2820,#2821,#2822,#2823));
#612=EDGE_LOOP('',(#2824,#2825,#2826,#2827));
#613=EDGE_LOOP('',(#2828,#2829,#2830,#2831));
#614=EDGE_LOOP('',(#2832,#2833,#2834,#2835));
#615=EDGE_LOOP('',(#2836,#2837,#2838,#2839));
#616=EDGE_LOOP('',(#2840,#2841,#2842,#2843));
#617=EDGE_LOOP('',(#2844,#2845,#2846,#2847));
#618=EDGE_LOOP('',(#2848,#2849,#2850,#2851));
#619=EDGE_LOOP('',(#2852,#2853,#2854,#2855));
#620=EDGE_LOOP('',(#2856,#2857,#2858,#2859));
#621=EDGE_LOOP('',(#2860,#2861,#2862,#2863));
#622=EDGE_LOOP('',(#2864,#2865,#2866,#2867));
#623=EDGE_LOOP('',(#2868,#2869,#2870,#2871));
#624=EDGE_LOOP('',(#2872,#2873,#2874,#2875));
#625=EDGE_LOOP('',(#2876,#2877,#2878,#2879));
#626=EDGE_LOOP('',(#2880,#2881,#2882,#2883));
#627=EDGE_LOOP('',(#2884,#2885,#2886,#2887));
#628=EDGE_LOOP('',(#2888,#2889,#2890,#2891));
#629=EDGE_LOOP('',(#2892,#2893,#2894,#2895));
#630=EDGE_LOOP('',(#2896));
#631=EDGE_LOOP('',(#2897));
#632=EDGE_LOOP('',(#2898,#2899,#2900,#2901,#2902));
#633=EDGE_LOOP('',(#2903,#2904,#2905,#2906,#2907,#2908,#2909));
#634=EDGE_LOOP('',(#2910,#2911,#2912,#2913));
#635=EDGE_LOOP('',(#2914,#2915,#2916,#2917));
#636=EDGE_LOOP('',(#2918,#2919,#2920,#2921));
#637=EDGE_LOOP('',(#2922,#2923,#2924,#2925));
#638=EDGE_LOOP('',(#2926,#2927,#2928,#2929));
#639=EDGE_LOOP('',(#2930,#2931,#2932,#2933));
#640=EDGE_LOOP('',(#2934,#2935,#2936,#2937));
#641=EDGE_LOOP('',(#2938,#2939,#2940,#2941));
#642=EDGE_LOOP('',(#2942,#2943,#2944,#2945));
#643=EDGE_LOOP('',(#2946,#2947,#2948,#2949));
#644=EDGE_LOOP('',(#2950,#2951,#2952,#2953));
#645=EDGE_LOOP('',(#2954,#2955,#2956,#2957));
#646=EDGE_LOOP('',(#2958,#2959,#2960,#2961));
#647=EDGE_LOOP('',(#2962,#2963,#2964,#2965));
#648=EDGE_LOOP('',(#2966,#2967,#2968,#2969));
#649=EDGE_LOOP('',(#2970,#2971,#2972,#2973));
#650=EDGE_LOOP('',(#2974,#2975,#2976,#2977));
#651=EDGE_LOOP('',(#2978,#2979,#2980,#2981));
#652=EDGE_LOOP('',(#2982,#2983,#2984,#2985));
#653=EDGE_LOOP('',(#2986,#2987,#2988,#2989));
#654=EDGE_LOOP('',(#2990,#2991,#2992,#2993));
#655=EDGE_LOOP('',(#2994,#2995,#2996,#2997));
#656=EDGE_LOOP('',(#2998,#2999,#3000,#3001));
#657=EDGE_LOOP('',(#3002,#3003,#3004,#3005));
#658=EDGE_LOOP('',(#3006,#3007,#3008,#3009));
#659=EDGE_LOOP('',(#3010,#3011,#3012,#3013));
#660=EDGE_LOOP('',(#3014,#3015,#3016,#3017));
#661=EDGE_LOOP('',(#3018,#3019,#3020,#3021));
#662=EDGE_LOOP('',(#3022,#3023,#3024,#3025));
#663=EDGE_LOOP('',(#3026,#3027,#3028,#3029));
#664=EDGE_LOOP('',(#3030,#3031,#3032,#3033));
#665=EDGE_LOOP('',(#3034,#3035,#3036,#3037));
#666=EDGE_LOOP('',(#3038,#3039,#3040,#3041));
#667=EDGE_LOOP('',(#3042,#3043,#3044,#3045));
#668=EDGE_LOOP('',(#3046,#3047,#3048,#3049));
#669=EDGE_LOOP('',(#3050,#3051,#3052,#3053));
#670=EDGE_LOOP('',(#3054,#3055,#3056,#3057));
#671=EDGE_LOOP('',(#3058,#3059,#3060,#3061));
#672=EDGE_LOOP('',(#3062,#3063,#3064,#3065));
#673=EDGE_LOOP('',(#3066,#3067,#3068,#3069));
#674=EDGE_LOOP('',(#3070,#3071,#3072,#3073));
#675=EDGE_LOOP('',(#3074,#3075,#3076,#3077));
#676=EDGE_LOOP('',(#3078,#3079,#3080,#3081));
#677=EDGE_LOOP('',(#3082,#3083,#3084,#3085));
#678=EDGE_LOOP('',(#3086,#3087,#3088,#3089));
#679=EDGE_LOOP('',(#3090,#3091,#3092,#3093));
#680=EDGE_LOOP('',(#3094,#3095,#3096,#3097));
#681=EDGE_LOOP('',(#3098,#3099,#3100,#3101));
#682=EDGE_LOOP('',(#3102,#3103,#3104,#3105));
#683=EDGE_LOOP('',(#3106,#3107,#3108,#3109));
#684=EDGE_LOOP('',(#3110,#3111,#3112,#3113));
#685=EDGE_LOOP('',(#3114,#3115,#3116,#3117));
#686=EDGE_LOOP('',(#3118,#3119,#3120,#3121));
#687=EDGE_LOOP('',(#3122,#3123,#3124,#3125));
#688=EDGE_LOOP('',(#3126,#3127,#3128,#3129));
#689=EDGE_LOOP('',(#3130,#3131,#3132,#3133));
#690=EDGE_LOOP('',(#3134,#3135,#3136,#3137));
#691=EDGE_LOOP('',(#3138,#3139,#3140,#3141));
#692=EDGE_LOOP('',(#3142,#3143,#3144,#3145));
#693=EDGE_LOOP('',(#3146,#3147,#3148,#3149,#3150,#3151,#3152));
#694=EDGE_LOOP('',(#3153,#3154,#3155,#3156,#3157,#3158,#3159));
#695=EDGE_LOOP('',(#3160,#3161,#3162,#3163,#3164,#3165,#3166,#3167,#3168,
#3169,#3170,#3171));
#696=EDGE_LOOP('',(#3172,#3173,#3174,#3175));
#697=EDGE_LOOP('',(#3176,#3177,#3178));
#698=EDGE_LOOP('',(#3179,#3180,#3181));
#699=EDGE_LOOP('',(#3182));
#700=EDGE_LOOP('',(#3183));
#701=EDGE_LOOP('',(#3184));
#702=EDGE_LOOP('',(#3185));
#703=EDGE_LOOP('',(#3186,#3187,#3188,#3189));
#704=EDGE_LOOP('',(#3190,#3191,#3192,#3193));
#705=EDGE_LOOP('',(#3194,#3195,#3196,#3197));
#706=EDGE_LOOP('',(#3198,#3199,#3200,#3201));
#707=EDGE_LOOP('',(#3202,#3203,#3204,#3205,#3206,#3207,#3208,#3209));
#708=EDGE_LOOP('',(#3210));
#709=EDGE_LOOP('',(#3211));
#710=EDGE_LOOP('',(#3212,#3213,#3214,#3215));
#711=EDGE_LOOP('',(#3216,#3217,#3218,#3219));
#712=EDGE_LOOP('',(#3220,#3221,#3222,#3223));
#713=EDGE_LOOP('',(#3224,#3225,#3226,#3227));
#714=EDGE_LOOP('',(#3228,#3229,#3230,#3231));
#715=EDGE_LOOP('',(#3232,#3233,#3234,#3235,#3236,#3237,#3238));
#716=EDGE_LOOP('',(#3239,#3240,#3241,#3242,#3243,#3244,#3245,#3246,#3247,
#3248,#3249,#3250,#3251,#3252,#3253,#3254,#3255,#3256));
#717=EDGE_LOOP('',(#3257,#3258,#3259,#3260));
#718=EDGE_LOOP('',(#3261,#3262,#3263,#3264,#3265,#3266,#3267));
#719=EDGE_LOOP('',(#3268,#3269,#3270,#3271));
#720=EDGE_LOOP('',(#3272,#3273,#3274,#3275,#3276,#3277,#3278));
#721=EDGE_LOOP('',(#3279,#3280,#3281,#3282));
#722=EDGE_LOOP('',(#3283,#3284,#3285,#3286));
#723=EDGE_LOOP('',(#3287,#3288,#3289,#3290));
#724=EDGE_LOOP('',(#3291,#3292,#3293,#3294));
#725=EDGE_LOOP('',(#3295,#3296,#3297,#3298));
#726=EDGE_LOOP('',(#3299,#3300,#3301,#3302));
#727=EDGE_LOOP('',(#3303,#3304,#3305,#3306,#3307,#3308));
#728=EDGE_LOOP('',(#3309));
#729=EDGE_LOOP('',(#3310));
#730=EDGE_LOOP('',(#3311,#3312,#3313,#3314,#3315,#3316));
#731=EDGE_LOOP('',(#3317,#3318,#3319,#3320,#3321));
#732=EDGE_LOOP('',(#3322,#3323,#3324,#3325,#3326,#3327));
#733=EDGE_LOOP('',(#3328,#3329,#3330,#3331,#3332,#3333,#3334));
#734=EDGE_LOOP('',(#3335,#3336,#3337,#3338));
#735=EDGE_LOOP('',(#3339,#3340,#3341,#3342,#3343,#3344,#3345));
#736=EDGE_LOOP('',(#3346,#3347,#3348,#3349));
#737=EDGE_LOOP('',(#3350,#3351,#3352,#3353,#3354,#3355,#3356,#3357));
#738=EDGE_LOOP('',(#3358,#3359,#3360,#3361));
#739=EDGE_LOOP('',(#3362,#3363,#3364,#3365));
#740=EDGE_LOOP('',(#3366,#3367,#3368,#3369));
#741=EDGE_LOOP('',(#3370,#3371,#3372,#3373,#3374,#3375,#3376,#3377,#3378,
#3379,#3380,#3381,#3382,#3383));
#742=EDGE_LOOP('',(#3384,#3385,#3386,#3387,#3388,#3389,#3390,#3391,#3392,
#3393,#3394,#3395));
#743=EDGE_LOOP('',(#3396,#3397,#3398,#3399));
#744=EDGE_LOOP('',(#3400,#3401,#3402,#3403));
#745=EDGE_LOOP('',(#3404,#3405,#3406,#3407));
#746=EDGE_LOOP('',(#3408,#3409,#3410,#3411));
#747=EDGE_LOOP('',(#3412,#3413,#3414,#3415));
#748=EDGE_LOOP('',(#3416,#3417,#3418,#3419));
#749=EDGE_LOOP('',(#3420,#3421,#3422,#3423));
#750=EDGE_LOOP('',(#3424,#3425,#3426,#3427));
#751=EDGE_LOOP('',(#3428,#3429,#3430,#3431));
#752=EDGE_LOOP('',(#3432,#3433,#3434,#3435));
#753=EDGE_LOOP('',(#3436,#3437,#3438,#3439));
#754=EDGE_LOOP('',(#3440,#3441,#3442,#3443));
#755=EDGE_LOOP('',(#3444,#3445,#3446,#3447));
#756=EDGE_LOOP('',(#3448,#3449,#3450,#3451));
#757=EDGE_LOOP('',(#3452,#3453,#3454,#3455));
#758=EDGE_LOOP('',(#3456,#3457,#3458));
#759=EDGE_LOOP('',(#3459,#3460,#3461,#3462,#3463,#3464,#3465,#3466,#3467));
#760=EDGE_LOOP('',(#3468,#3469,#3470,#3471));
#761=EDGE_LOOP('',(#3472,#3473,#3474,#3475));
#762=EDGE_LOOP('',(#3476,#3477,#3478,#3479));
#763=EDGE_LOOP('',(#3480,#3481,#3482,#3483));
#764=EDGE_LOOP('',(#3484,#3485,#3486,#3487));
#765=EDGE_LOOP('',(#3488,#3489,#3490,#3491));
#766=EDGE_LOOP('',(#3492,#3493,#3494,#3495));
#767=EDGE_LOOP('',(#3496,#3497,#3498,#3499));
#768=EDGE_LOOP('',(#3500,#3501,#3502,#3503));
#769=EDGE_LOOP('',(#3504,#3505,#3506,#3507));
#770=EDGE_LOOP('',(#3508,#3509,#3510,#3511));
#771=EDGE_LOOP('',(#3512,#3513,#3514,#3515));
#772=EDGE_LOOP('',(#3516,#3517,#3518));
#773=EDGE_LOOP('',(#3519,#3520,#3521,#3522,#3523,#3524,#3525,#3526,#3527,
#3528));
#774=EDGE_LOOP('',(#3529,#3530,#3531,#3532));
#775=EDGE_LOOP('',(#3533,#3534,#3535,#3536));
#776=EDGE_LOOP('',(#3537,#3538,#3539,#3540));
#777=EDGE_LOOP('',(#3541,#3542,#3543,#3544));
#778=EDGE_LOOP('',(#3545,#3546,#3547,#3548));
#779=EDGE_LOOP('',(#3549,#3550,#3551,#3552));
#780=EDGE_LOOP('',(#3553,#3554,#3555,#3556));
#781=EDGE_LOOP('',(#3557,#3558,#3559,#3560));
#782=EDGE_LOOP('',(#3561,#3562,#3563,#3564));
#783=EDGE_LOOP('',(#3565,#3566,#3567,#3568));
#784=EDGE_LOOP('',(#3569,#3570,#3571,#3572));
#785=EDGE_LOOP('',(#3573,#3574,#3575,#3576));
#786=EDGE_LOOP('',(#3577,#3578,#3579,#3580));
#787=EDGE_LOOP('',(#3581,#3582,#3583));
#788=EDGE_LOOP('',(#3584,#3585,#3586,#3587));
#789=EDGE_LOOP('',(#3588,#3589,#3590,#3591));
#790=EDGE_LOOP('',(#3592,#3593,#3594,#3595));
#791=EDGE_LOOP('',(#3596,#3597,#3598,#3599));
#792=EDGE_LOOP('',(#3600,#3601,#3602,#3603));
#793=EDGE_LOOP('',(#3604,#3605,#3606,#3607));
#794=EDGE_LOOP('',(#3608,#3609,#3610,#3611));
#795=EDGE_LOOP('',(#3612,#3613,#3614,#3615,#3616,#3617,#3618,#3619,#3620,
#3621));
#796=EDGE_LOOP('',(#3622,#3623,#3624));
#797=EDGE_LOOP('',(#3625,#3626,#3627,#3628));
#798=EDGE_LOOP('',(#3629,#3630,#3631,#3632,#3633,#3634,#3635,#3636,#3637));
#799=EDGE_LOOP('',(#3638,#3639,#3640));
#800=EDGE_LOOP('',(#3641,#3642,#3643,#3644));
#801=EDGE_LOOP('',(#3645,#3646,#3647,#3648));
#802=EDGE_LOOP('',(#3649,#3650,#3651,#3652));
#803=EDGE_LOOP('',(#3653,#3654,#3655,#3656));
#804=EDGE_LOOP('',(#3657,#3658,#3659,#3660,#3661,#3662,#3663,#3664,#3665,
#3666,#3667,#3668));
#805=EDGE_LOOP('',(#3669,#3670,#3671));
#806=LINE('',#5616,#1153);
#807=LINE('',#5619,#1154);
#808=LINE('',#5622,#1155);
#809=LINE('',#5624,#1156);
#810=LINE('',#5625,#1157);
#811=LINE('',#5635,#1158);
#812=LINE('',#5638,#1159);
#813=LINE('',#5640,#1160);
#814=LINE('',#5642,#1161);
#815=LINE('',#5644,#1162);
#816=LINE('',#5645,#1163);
#817=LINE('',#5652,#1164);
#818=LINE('',#5653,#1165);
#819=LINE('',#5657,#1166);
#820=LINE('',#5658,#1167);
#821=LINE('',#5660,#1168);
#822=LINE('',#5662,#1169);
#823=LINE('',#5664,#1170);
#824=LINE('',#5665,#1171);
#825=LINE('',#5671,#1172);
#826=LINE('',#5673,#1173);
#827=LINE('',#5677,#1174);
#828=LINE('',#5682,#1175);
#829=LINE('',#5687,#1176);
#830=LINE('',#5692,#1177);
#831=LINE('',#5697,#1178);
#832=LINE('',#5698,#1179);
#833=LINE('',#5699,#1180);
#834=LINE('',#5702,#1181);
#835=LINE('',#5704,#1182);
#836=LINE('',#5708,#1183);
#837=LINE('',#5712,#1184);
#838=LINE('',#5716,#1185);
#839=LINE('',#5719,#1186);
#840=LINE('',#5721,#1187);
#841=LINE('',#5722,#1188);
#842=LINE('',#5727,#1189);
#843=LINE('',#5730,#1190);
#844=LINE('',#5733,#1191);
#845=LINE('',#5734,#1192);
#846=LINE('',#5737,#1193);
#847=LINE('',#5738,#1194);
#848=LINE('',#5741,#1195);
#849=LINE('',#5742,#1196);
#850=LINE('',#5744,#1197);
#851=LINE('',#5745,#1198);
#852=LINE('',#5749,#1199);
#853=LINE('',#5753,#1200);
#854=LINE('',#5757,#1201);
#855=LINE('',#5762,#1202);
#856=LINE('',#5766,#1203);
#857=LINE('',#5769,#1204);
#858=LINE('',#5771,#1205);
#859=LINE('',#5772,#1206);
#860=LINE('',#5774,#1207);
#861=LINE('',#5776,#1208);
#862=LINE('',#5779,#1209);
#863=LINE('',#5780,#1210);
#864=LINE('',#5782,#1211);
#865=LINE('',#5784,#1212);
#866=LINE('',#5786,#1213);
#867=LINE('',#5788,#1214);
#868=LINE('',#5797,#1215);
#869=LINE('',#5799,#1216);
#870=LINE('',#5801,#1217);
#871=LINE('',#5802,#1218);
#872=LINE('',#5806,#1219);
#873=LINE('',#5808,#1220);
#874=LINE('',#5810,#1221);
#875=LINE('',#5811,#1222);
#876=LINE('',#5814,#1223);
#877=LINE('',#5815,#1224);
#878=LINE('',#5816,#1225);
#879=LINE('',#5823,#1226);
#880=LINE('',#5831,#1227);
#881=LINE('',#5839,#1228);
#882=LINE('',#5847,#1229);
#883=LINE('',#5868,#1230);
#884=LINE('',#5876,#1231);
#885=LINE('',#5884,#1232);
#886=LINE('',#5892,#1233);
#887=LINE('',#5899,#1234);
#888=LINE('',#5900,#1235);
#889=LINE('',#5902,#1236);
#890=LINE('',#5904,#1237);
#891=LINE('',#5906,#1238);
#892=LINE('',#5908,#1239);
#893=LINE('',#5909,#1240);
#894=LINE('',#5911,#1241);
#895=LINE('',#5913,#1242);
#896=LINE('',#5915,#1243);
#897=LINE('',#5918,#1244);
#898=LINE('',#5919,#1245);
#899=LINE('',#5921,#1246);
#900=LINE('',#5923,#1247);
#901=LINE('',#5925,#1248);
#902=LINE('',#5926,#1249);
#903=LINE('',#5928,#1250);
#904=LINE('',#5930,#1251);
#905=LINE('',#5932,#1252);
#906=LINE('',#5939,#1253);
#907=LINE('',#5947,#1254);
#908=LINE('',#6217,#1255);
#909=LINE('',#6264,#1256);
#910=LINE('',#6281,#1257);
#911=LINE('',#6282,#1258);
#912=LINE('',#6284,#1259);
#913=LINE('',#6290,#1260);
#914=LINE('',#6302,#1261);
#915=LINE('',#6304,#1262);
#916=LINE('',#6306,#1263);
#917=LINE('',#6307,#1264);
#918=LINE('',#6311,#1265);
#919=LINE('',#6313,#1266);
#920=LINE('',#6315,#1267);
#921=LINE('',#6316,#1268);
#922=LINE('',#6320,#1269);
#923=LINE('',#6322,#1270);
#924=LINE('',#6324,#1271);
#925=LINE('',#6325,#1272);
#926=LINE('',#6329,#1273);
#927=LINE('',#6331,#1274);
#928=LINE('',#6333,#1275);
#929=LINE('',#6334,#1276);
#930=LINE('',#6338,#1277);
#931=LINE('',#6340,#1278);
#932=LINE('',#6342,#1279);
#933=LINE('',#6344,#1280);
#934=LINE('',#6346,#1281);
#935=LINE('',#6348,#1282);
#936=LINE('',#6350,#1283);
#937=LINE('',#6351,#1284);
#938=LINE('',#6358,#1285);
#939=LINE('',#6360,#1286);
#940=LINE('',#6361,#1287);
#941=LINE('',#6365,#1288);
#942=LINE('',#6367,#1289);
#943=LINE('',#6369,#1290);
#944=LINE('',#6370,#1291);
#945=LINE('',#6372,#1292);
#946=LINE('',#6373,#1293);
#947=LINE('',#6375,#1294);
#948=LINE('',#6379,#1295);
#949=LINE('',#6381,#1296);
#950=LINE('',#6383,#1297);
#951=LINE('',#6384,#1298);
#952=LINE('',#6387,#1299);
#953=LINE('',#6389,#1300);
#954=LINE('',#6391,#1301);
#955=LINE('',#6392,#1302);
#956=LINE('',#6393,#1303);
#957=LINE('',#6396,#1304);
#958=LINE('',#6398,#1305);
#959=LINE('',#6399,#1306);
#960=LINE('',#6400,#1307);
#961=LINE('',#6402,#1308);
#962=LINE('',#6404,#1309);
#963=LINE('',#6406,#1310);
#964=LINE('',#6408,#1311);
#965=LINE('',#6410,#1312);
#966=LINE('',#6412,#1313);
#967=LINE('',#6413,#1314);
#968=LINE('',#6416,#1315);
#969=LINE('',#6418,#1316);
#970=LINE('',#6419,#1317);
#971=LINE('',#6422,#1318);
#972=LINE('',#6424,#1319);
#973=LINE('',#6425,#1320);
#974=LINE('',#6426,#1321);
#975=LINE('',#6429,#1322);
#976=LINE('',#6431,#1323);
#977=LINE('',#6432,#1324);
#978=LINE('',#6435,#1325);
#979=LINE('',#6437,#1326);
#980=LINE('',#6438,#1327);
#981=LINE('',#6439,#1328);
#982=LINE('',#6443,#1329);
#983=LINE('',#6444,#1330);
#984=LINE('',#6447,#1331);
#985=LINE('',#6448,#1332);
#986=LINE('',#6452,#1333);
#987=LINE('',#6453,#1334);
#988=LINE('',#6454,#1335);
#989=LINE('',#6458,#1336);
#990=LINE('',#6459,#1337);
#991=LINE('',#6460,#1338);
#992=LINE('',#6462,#1339);
#993=LINE('',#6465,#1340);
#994=LINE('',#6466,#1341);
#995=LINE('',#6467,#1342);
#996=LINE('',#6474,#1343);
#997=LINE('',#6475,#1344);
#998=LINE('',#6478,#1345);
#999=LINE('',#6479,#1346);
#1000=LINE('',#6481,#1347);
#1001=LINE('',#6483,#1348);
#1002=LINE('',#6484,#1349);
#1003=LINE('',#6487,#1350);
#1004=LINE('',#6488,#1351);
#1005=LINE('',#6491,#1352);
#1006=LINE('',#6492,#1353);
#1007=LINE('',#6494,#1354);
#1008=LINE('',#6496,#1355);
#1009=LINE('',#6503,#1356);
#1010=LINE('',#6505,#1357);
#1011=LINE('',#6507,#1358);
#1012=LINE('',#6509,#1359);
#1013=LINE('',#6511,#1360);
#1014=LINE('',#6513,#1361);
#1015=LINE('',#6515,#1362);
#1016=LINE('',#6517,#1363);
#1017=LINE('',#6519,#1364);
#1018=LINE('',#6521,#1365);
#1019=LINE('',#6523,#1366);
#1020=LINE('',#6524,#1367);
#1021=LINE('',#6527,#1368);
#1022=LINE('',#6529,#1369);
#1023=LINE('',#6530,#1370);
#1024=LINE('',#6533,#1371);
#1025=LINE('',#6534,#1372);
#1026=LINE('',#6537,#1373);
#1027=LINE('',#6538,#1374);
#1028=LINE('',#6541,#1375);
#1029=LINE('',#6542,#1376);
#1030=LINE('',#6545,#1377);
#1031=LINE('',#6546,#1378);
#1032=LINE('',#6549,#1379);
#1033=LINE('',#6550,#1380);
#1034=LINE('',#6553,#1381);
#1035=LINE('',#6554,#1382);
#1036=LINE('',#6557,#1383);
#1037=LINE('',#6558,#1384);
#1038=LINE('',#6561,#1385);
#1039=LINE('',#6562,#1386);
#1040=LINE('',#6565,#1387);
#1041=LINE('',#6566,#1388);
#1042=LINE('',#6569,#1389);
#1043=LINE('',#6570,#1390);
#1044=LINE('',#6572,#1391);
#1045=LINE('',#6576,#1392);
#1046=LINE('',#6578,#1393);
#1047=LINE('',#6580,#1394);
#1048=LINE('',#6581,#1395);
#1049=LINE('',#6584,#1396);
#1050=LINE('',#6586,#1397);
#1051=LINE('',#6587,#1398);
#1052=LINE('',#6589,#1399);
#1053=LINE('',#6590,#1400);
#1054=LINE('',#6595,#1401);
#1055=LINE('',#6597,#1402);
#1056=LINE('',#6599,#1403);
#1057=LINE('',#6601,#1404);
#1058=LINE('',#6603,#1405);
#1059=LINE('',#6605,#1406);
#1060=LINE('',#6607,#1407);
#1061=LINE('',#6609,#1408);
#1062=LINE('',#6610,#1409);
#1063=LINE('',#6613,#1410);
#1064=LINE('',#6615,#1411);
#1065=LINE('',#6616,#1412);
#1066=LINE('',#6619,#1413);
#1067=LINE('',#6620,#1414);
#1068=LINE('',#6623,#1415);
#1069=LINE('',#6624,#1416);
#1070=LINE('',#6627,#1417);
#1071=LINE('',#6628,#1418);
#1072=LINE('',#6631,#1419);
#1073=LINE('',#6632,#1420);
#1074=LINE('',#6635,#1421);
#1075=LINE('',#6636,#1422);
#1076=LINE('',#6639,#1423);
#1077=LINE('',#6640,#1424);
#1078=LINE('',#6643,#1425);
#1079=LINE('',#6644,#1426);
#1080=LINE('',#6646,#1427);
#1081=LINE('',#6650,#1428);
#1082=LINE('',#6652,#1429);
#1083=LINE('',#6654,#1430);
#1084=LINE('',#6655,#1431);
#1085=LINE('',#6658,#1432);
#1086=LINE('',#6660,#1433);
#1087=LINE('',#6661,#1434);
#1088=LINE('',#6663,#1435);
#1089=LINE('',#6664,#1436);
#1090=LINE('',#6669,#1437);
#1091=LINE('',#6671,#1438);
#1092=LINE('',#6673,#1439);
#1093=LINE('',#6675,#1440);
#1094=LINE('',#6677,#1441);
#1095=LINE('',#6679,#1442);
#1096=LINE('',#6681,#1443);
#1097=LINE('',#6683,#1444);
#1098=LINE('',#6685,#1445);
#1099=LINE('',#6686,#1446);
#1100=LINE('',#6689,#1447);
#1101=LINE('',#6691,#1448);
#1102=LINE('',#6692,#1449);
#1103=LINE('',#6695,#1450);
#1104=LINE('',#6696,#1451);
#1105=LINE('',#6699,#1452);
#1106=LINE('',#6700,#1453);
#1107=LINE('',#6703,#1454);
#1108=LINE('',#6704,#1455);
#1109=LINE('',#6707,#1456);
#1110=LINE('',#6708,#1457);
#1111=LINE('',#6711,#1458);
#1112=LINE('',#6712,#1459);
#1113=LINE('',#6715,#1460);
#1114=LINE('',#6716,#1461);
#1115=LINE('',#6719,#1462);
#1116=LINE('',#6720,#1463);
#1117=LINE('',#6723,#1464);
#1118=LINE('',#6724,#1465);
#1119=LINE('',#6726,#1466);
#1120=LINE('',#6730,#1467);
#1121=LINE('',#6732,#1468);
#1122=LINE('',#6734,#1469);
#1123=LINE('',#6735,#1470);
#1124=LINE('',#6738,#1471);
#1125=LINE('',#6740,#1472);
#1126=LINE('',#6741,#1473);
#1127=LINE('',#6743,#1474);
#1128=LINE('',#6744,#1475);
#1129=LINE('',#6749,#1476);
#1130=LINE('',#6751,#1477);
#1131=LINE('',#6753,#1478);
#1132=LINE('',#6754,#1479);
#1133=LINE('',#6757,#1480);
#1134=LINE('',#6759,#1481);
#1135=LINE('',#6760,#1482);
#1136=LINE('',#6763,#1483);
#1137=LINE('',#6765,#1484);
#1138=LINE('',#6766,#1485);
#1139=LINE('',#6768,#1486);
#1140=LINE('',#6769,#1487);
#1141=LINE('',#6774,#1488);
#1142=LINE('',#6776,#1489);
#1143=LINE('',#6778,#1490);
#1144=LINE('',#6779,#1491);
#1145=LINE('',#6782,#1492);
#1146=LINE('',#6784,#1493);
#1147=LINE('',#6785,#1494);
#1148=LINE('',#6788,#1495);
#1149=LINE('',#6790,#1496);
#1150=LINE('',#6791,#1497);
#1151=LINE('',#6793,#1498);
#1152=LINE('',#6794,#1499);
#1153=VECTOR('',#4423,10.);
#1154=VECTOR('',#4426,10.);
#1155=VECTOR('',#4429,10.);
#1156=VECTOR('',#4430,10.);
#1157=VECTOR('',#4431,10.);
#1158=VECTOR('',#4442,10.);
#1159=VECTOR('',#4445,10.);
#1160=VECTOR('',#4446,10.);
#1161=VECTOR('',#4447,10.);
#1162=VECTOR('',#4448,10.);
#1163=VECTOR('',#4449,10.);
#1164=VECTOR('',#4456,10.);
#1165=VECTOR('',#4457,10.);
#1166=VECTOR('',#4460,10.);
#1167=VECTOR('',#4461,10.);
#1168=VECTOR('',#4462,10.);
#1169=VECTOR('',#4463,10.);
#1170=VECTOR('',#4464,10.);
#1171=VECTOR('',#4465,10.);
#1172=VECTOR('',#4472,1.25);
#1173=VECTOR('',#4475,1.25);
#1174=VECTOR('',#4480,1.25);
#1175=VECTOR('',#4485,1.25);
#1176=VECTOR('',#4492,1.25);
#1177=VECTOR('',#4497,1.25);
#1178=VECTOR('',#4502,10.);
#1179=VECTOR('',#4503,10.);
#1180=VECTOR('',#4504,10.);
#1181=VECTOR('',#4507,10.);
#1182=VECTOR('',#4508,10.);
#1183=VECTOR('',#4511,10.);
#1184=VECTOR('',#4514,10.);
#1185=VECTOR('',#4517,10.);
#1186=VECTOR('',#4520,10.);
#1187=VECTOR('',#4521,10.);
#1188=VECTOR('',#4522,10.);
#1189=VECTOR('',#4525,10.);
#1190=VECTOR('',#4528,10.);
#1191=VECTOR('',#4531,10.);
#1192=VECTOR('',#4532,10.);
#1193=VECTOR('',#4535,10.);
#1194=VECTOR('',#4536,10.);
#1195=VECTOR('',#4539,10.);
#1196=VECTOR('',#4540,10.);
#1197=VECTOR('',#4541,10.);
#1198=VECTOR('',#4542,10.);
#1199=VECTOR('',#4545,10.);
#1200=VECTOR('',#4548,10.);
#1201=VECTOR('',#4551,10.);
#1202=VECTOR('',#4556,10.);
#1203=VECTOR('',#4559,10.);
#1204=VECTOR('',#4564,10.);
#1205=VECTOR('',#4567,10.);
#1206=VECTOR('',#4568,10.);
#1207=VECTOR('',#4571,10.);
#1208=VECTOR('',#4574,10.);
#1209=VECTOR('',#4579,10.);
#1210=VECTOR('',#4580,10.);
#1211=VECTOR('',#4583,10.);
#1212=VECTOR('',#4586,10.);
#1213=VECTOR('',#4589,10.);
#1214=VECTOR('',#4592,10.);
#1215=VECTOR('',#4605,10.);
#1216=VECTOR('',#4606,10.);
#1217=VECTOR('',#4607,10.);
#1218=VECTOR('',#4608,10.);
#1219=VECTOR('',#4611,10.);
#1220=VECTOR('',#4612,10.);
#1221=VECTOR('',#4613,10.);
#1222=VECTOR('',#4614,10.);
#1223=VECTOR('',#4617,10.);
#1224=VECTOR('',#4618,10.);
#1225=VECTOR('',#4619,10.);
#1226=VECTOR('',#4626,10.);
#1227=VECTOR('',#4633,10.);
#1228=VECTOR('',#4640,10.);
#1229=VECTOR('',#4647,10.);
#1230=VECTOR('',#4668,10.);
#1231=VECTOR('',#4675,10.);
#1232=VECTOR('',#4682,10.);
#1233=VECTOR('',#4689,10.);
#1234=VECTOR('',#4698,10.);
#1235=VECTOR('',#4699,10.);
#1236=VECTOR('',#4702,10.);
#1237=VECTOR('',#4705,1.7);
#1238=VECTOR('',#4708,1.7);
#1239=VECTOR('',#4711,10.);
#1240=VECTOR('',#4712,10.);
#1241=VECTOR('',#4715,10.);
#1242=VECTOR('',#4718,10.);
#1243=VECTOR('',#4721,10.);
#1244=VECTOR('',#4726,10.);
#1245=VECTOR('',#4727,10.);
#1246=VECTOR('',#4730,10.);
#1247=VECTOR('',#4733,1.7);
#1248=VECTOR('',#4736,10.);
#1249=VECTOR('',#4737,10.);
#1250=VECTOR('',#4740,10.);
#1251=VECTOR('',#4743,10.);
#1252=VECTOR('',#4746,10.);
#1253=VECTOR('',#4757,34.);
#1254=VECTOR('',#4768,33.);
#1255=VECTOR('',#5127,1.25);
#1256=VECTOR('',#5134,1.25);
#1257=VECTOR('',#5143,1.25);
#1258=VECTOR('',#5144,1.25);
#1259=VECTOR('',#5145,1.25);
#1260=VECTOR('',#5152,2.5);
#1261=VECTOR('',#5171,10.);
#1262=VECTOR('',#5172,10.);
#1263=VECTOR('',#5173,10.);
#1264=VECTOR('',#5174,10.);
#1265=VECTOR('',#5177,10.);
#1266=VECTOR('',#5178,10.);
#1267=VECTOR('',#5179,10.);
#1268=VECTOR('',#5180,10.);
#1269=VECTOR('',#5183,10.);
#1270=VECTOR('',#5184,10.);
#1271=VECTOR('',#5185,10.);
#1272=VECTOR('',#5186,10.);
#1273=VECTOR('',#5189,10.);
#1274=VECTOR('',#5190,10.);
#1275=VECTOR('',#5191,10.);
#1276=VECTOR('',#5192,10.);
#1277=VECTOR('',#5195,10.);
#1278=VECTOR('',#5196,10.);
#1279=VECTOR('',#5197,10.);
#1280=VECTOR('',#5198,10.);
#1281=VECTOR('',#5199,10.);
#1282=VECTOR('',#5200,10.);
#1283=VECTOR('',#5201,10.);
#1284=VECTOR('',#5202,10.);
#1285=VECTOR('',#5209,10.);
#1286=VECTOR('',#5210,10.);
#1287=VECTOR('',#5211,10.);
#1288=VECTOR('',#5214,10.);
#1289=VECTOR('',#5215,10.);
#1290=VECTOR('',#5216,10.);
#1291=VECTOR('',#5217,10.);
#1292=VECTOR('',#5220,10.);
#1293=VECTOR('',#5221,10.);
#1294=VECTOR('',#5224,10.);
#1295=VECTOR('',#5227,10.);
#1296=VECTOR('',#5228,10.);
#1297=VECTOR('',#5229,10.);
#1298=VECTOR('',#5230,10.);
#1299=VECTOR('',#5233,10.);
#1300=VECTOR('',#5234,10.);
#1301=VECTOR('',#5235,10.);
#1302=VECTOR('',#5236,10.);
#1303=VECTOR('',#5237,10.);
#1304=VECTOR('',#5240,10.);
#1305=VECTOR('',#5241,10.);
#1306=VECTOR('',#5242,10.);
#1307=VECTOR('',#5243,10.);
#1308=VECTOR('',#5244,10.);
#1309=VECTOR('',#5245,10.);
#1310=VECTOR('',#5246,10.);
#1311=VECTOR('',#5247,10.);
#1312=VECTOR('',#5248,10.);
#1313=VECTOR('',#5249,10.);
#1314=VECTOR('',#5250,10.);
#1315=VECTOR('',#5253,10.);
#1316=VECTOR('',#5254,10.);
#1317=VECTOR('',#5255,10.);
#1318=VECTOR('',#5258,10.);
#1319=VECTOR('',#5259,10.);
#1320=VECTOR('',#5260,10.);
#1321=VECTOR('',#5261,10.);
#1322=VECTOR('',#5264,10.);
#1323=VECTOR('',#5265,10.);
#1324=VECTOR('',#5266,10.);
#1325=VECTOR('',#5269,10.);
#1326=VECTOR('',#5270,10.);
#1327=VECTOR('',#5271,10.);
#1328=VECTOR('',#5272,10.);
#1329=VECTOR('',#5277,10.);
#1330=VECTOR('',#5278,10.);
#1331=VECTOR('',#5281,10.);
#1332=VECTOR('',#5282,10.);
#1333=VECTOR('',#5285,10.);
#1334=VECTOR('',#5286,10.);
#1335=VECTOR('',#5287,10.);
#1336=VECTOR('',#5290,10.);
#1337=VECTOR('',#5291,10.);
#1338=VECTOR('',#5292,10.);
#1339=VECTOR('',#5295,10.);
#1340=VECTOR('',#5298,10.);
#1341=VECTOR('',#5299,10.);
#1342=VECTOR('',#5300,10.);
#1343=VECTOR('',#5307,10.);
#1344=VECTOR('',#5308,10.);
#1345=VECTOR('',#5311,10.);
#1346=VECTOR('',#5312,10.);
#1347=VECTOR('',#5315,10.);
#1348=VECTOR('',#5318,10.);
#1349=VECTOR('',#5319,10.);
#1350=VECTOR('',#5324,10.);
#1351=VECTOR('',#5325,10.);
#1352=VECTOR('',#5330,10.);
#1353=VECTOR('',#5331,10.);
#1354=VECTOR('',#5334,1.7);
#1355=VECTOR('',#5337,1.7);
#1356=VECTOR('',#5346,10.);
#1357=VECTOR('',#5347,10.);
#1358=VECTOR('',#5348,10.);
#1359=VECTOR('',#5349,10.);
#1360=VECTOR('',#5350,10.);
#1361=VECTOR('',#5351,10.);
#1362=VECTOR('',#5352,10.);
#1363=VECTOR('',#5353,10.);
#1364=VECTOR('',#5354,10.);
#1365=VECTOR('',#5355,10.);
#1366=VECTOR('',#5356,10.);
#1367=VECTOR('',#5357,10.);
#1368=VECTOR('',#5360,10.);
#1369=VECTOR('',#5361,10.);
#1370=VECTOR('',#5362,10.);
#1371=VECTOR('',#5365,10.);
#1372=VECTOR('',#5366,10.);
#1373=VECTOR('',#5369,10.);
#1374=VECTOR('',#5370,10.);
#1375=VECTOR('',#5373,10.);
#1376=VECTOR('',#5374,10.);
#1377=VECTOR('',#5377,10.);
#1378=VECTOR('',#5378,10.);
#1379=VECTOR('',#5381,10.);
#1380=VECTOR('',#5382,10.);
#1381=VECTOR('',#5385,10.);
#1382=VECTOR('',#5386,10.);
#1383=VECTOR('',#5389,10.);
#1384=VECTOR('',#5390,10.);
#1385=VECTOR('',#5393,10.);
#1386=VECTOR('',#5394,10.);
#1387=VECTOR('',#5397,10.);
#1388=VECTOR('',#5398,10.);
#1389=VECTOR('',#5401,10.);
#1390=VECTOR('',#5402,10.);
#1391=VECTOR('',#5405,10.);
#1392=VECTOR('',#5408,10.);
#1393=VECTOR('',#5409,10.);
#1394=VECTOR('',#5410,10.);
#1395=VECTOR('',#5411,10.);
#1396=VECTOR('',#5414,10.);
#1397=VECTOR('',#5415,10.);
#1398=VECTOR('',#5416,10.);
#1399=VECTOR('',#5419,10.);
#1400=VECTOR('',#5420,10.);
#1401=VECTOR('',#5425,10.);
#1402=VECTOR('',#5426,10.);
#1403=VECTOR('',#5427,10.);
#1404=VECTOR('',#5428,10.);
#1405=VECTOR('',#5429,10.);
#1406=VECTOR('',#5430,10.);
#1407=VECTOR('',#5431,10.);
#1408=VECTOR('',#5432,10.);
#1409=VECTOR('',#5433,10.);
#1410=VECTOR('',#5436,10.);
#1411=VECTOR('',#5437,10.);
#1412=VECTOR('',#5438,10.);
#1413=VECTOR('',#5441,10.);
#1414=VECTOR('',#5442,10.);
#1415=VECTOR('',#5445,10.);
#1416=VECTOR('',#5446,10.);
#1417=VECTOR('',#5449,10.);
#1418=VECTOR('',#5450,10.);
#1419=VECTOR('',#5453,10.);
#1420=VECTOR('',#5454,10.);
#1421=VECTOR('',#5457,10.);
#1422=VECTOR('',#5458,10.);
#1423=VECTOR('',#5461,10.);
#1424=VECTOR('',#5462,10.);
#1425=VECTOR('',#5465,10.);
#1426=VECTOR('',#5466,10.);
#1427=VECTOR('',#5469,10.);
#1428=VECTOR('',#5472,10.);
#1429=VECTOR('',#5473,10.);
#1430=VECTOR('',#5474,10.);
#1431=VECTOR('',#5475,10.);
#1432=VECTOR('',#5478,10.);
#1433=VECTOR('',#5479,10.);
#1434=VECTOR('',#5480,10.);
#1435=VECTOR('',#5483,10.);
#1436=VECTOR('',#5484,10.);
#1437=VECTOR('',#5489,10.);
#1438=VECTOR('',#5490,10.);
#1439=VECTOR('',#5491,10.);
#1440=VECTOR('',#5492,10.);
#1441=VECTOR('',#5493,10.);
#1442=VECTOR('',#5494,10.);
#1443=VECTOR('',#5495,10.);
#1444=VECTOR('',#5496,10.);
#1445=VECTOR('',#5497,10.);
#1446=VECTOR('',#5498,10.);
#1447=VECTOR('',#5501,10.);
#1448=VECTOR('',#5502,10.);
#1449=VECTOR('',#5503,10.);
#1450=VECTOR('',#5506,10.);
#1451=VECTOR('',#5507,10.);
#1452=VECTOR('',#5510,10.);
#1453=VECTOR('',#5511,10.);
#1454=VECTOR('',#5514,10.);
#1455=VECTOR('',#5515,10.);
#1456=VECTOR('',#5518,10.);
#1457=VECTOR('',#5519,10.);
#1458=VECTOR('',#5522,10.);
#1459=VECTOR('',#5523,10.);
#1460=VECTOR('',#5526,10.);
#1461=VECTOR('',#5527,10.);
#1462=VECTOR('',#5530,10.);
#1463=VECTOR('',#5531,10.);
#1464=VECTOR('',#5534,10.);
#1465=VECTOR('',#5535,10.);
#1466=VECTOR('',#5538,10.);
#1467=VECTOR('',#5541,10.);
#1468=VECTOR('',#5542,10.);
#1469=VECTOR('',#5543,10.);
#1470=VECTOR('',#5544,10.);
#1471=VECTOR('',#5547,10.);
#1472=VECTOR('',#5548,10.);
#1473=VECTOR('',#5549,10.);
#1474=VECTOR('',#5552,10.);
#1475=VECTOR('',#5553,10.);
#1476=VECTOR('',#5558,10.);
#1477=VECTOR('',#5559,10.);
#1478=VECTOR('',#5560,10.);
#1479=VECTOR('',#5561,10.);
#1480=VECTOR('',#5564,10.);
#1481=VECTOR('',#5565,10.);
#1482=VECTOR('',#5566,10.);
#1483=VECTOR('',#5569,10.);
#1484=VECTOR('',#5570,10.);
#1485=VECTOR('',#5571,10.);
#1486=VECTOR('',#5574,10.);
#1487=VECTOR('',#5575,10.);
#1488=VECTOR('',#5580,10.);
#1489=VECTOR('',#5581,10.);
#1490=VECTOR('',#5582,10.);
#1491=VECTOR('',#5583,10.);
#1492=VECTOR('',#5586,10.);
#1493=VECTOR('',#5587,10.);
#1494=VECTOR('',#5588,10.);
#1495=VECTOR('',#5591,10.);
#1496=VECTOR('',#5592,10.);
#1497=VECTOR('',#5593,10.);
#1498=VECTOR('',#5596,10.);
#1499=VECTOR('',#5597,10.);
#1500=CIRCLE('',#3993,2.00000000000018);
#1501=CIRCLE('',#3994,2.00000000000018);
#1502=CIRCLE('',#3996,1.2645);
#1503=CIRCLE('',#3997,1.2645);
#1504=CIRCLE('',#3999,2.00000000000009);
#1505=CIRCLE('',#4000,2.00000000000009);
#1506=CIRCLE('',#4002,1.2645);
#1507=CIRCLE('',#4003,1.2645);
#1508=CIRCLE('',#4006,1.2645);
#1509=CIRCLE('',#4007,1.2645);
#1510=CIRCLE('',#4011,1.2645);
#1511=CIRCLE('',#4013,1.2645);
#1512=CIRCLE('',#4014,1.2645);
#1513=CIRCLE('',#4016,1.2645);
#1514=CIRCLE('',#4018,1.2645);
#1515=CIRCLE('',#4019,1.2645);
#1516=CIRCLE('',#4022,2.);
#1517=CIRCLE('',#4023,4.);
#1518=CIRCLE('',#4024,4.);
#1519=CIRCLE('',#4025,2.);
#1520=CIRCLE('',#4026,2.25);
#1521=CIRCLE('',#4027,2.25);
#1522=CIRCLE('',#4032,4.);
#1523=CIRCLE('',#4033,4.);
#1524=CIRCLE('',#4034,2.);
#1525=CIRCLE('',#4035,2.);
#1526=CIRCLE('',#4036,2.25);
#1527=CIRCLE('',#4037,2.25);
#1528=CIRCLE('',#4057,34.);
#1529=CIRCLE('',#4058,2.);
#1530=CIRCLE('',#4059,2.);
#1531=CIRCLE('',#4060,26.5790769599745);
#1532=CIRCLE('',#4061,2.);
#1533=CIRCLE('',#4062,2.);
#1534=CIRCLE('',#4063,30.5);
#1535=CIRCLE('',#4064,2.);
#1536=CIRCLE('',#4065,2.);
#1537=CIRCLE('',#4066,26.6);
#1538=CIRCLE('',#4067,2.);
#1539=CIRCLE('',#4068,2.);
#1540=CIRCLE('',#4069,30.5);
#1541=CIRCLE('',#4070,1.7);
#1542=CIRCLE('',#4071,1.7);
#1543=CIRCLE('',#4072,1.7);
#1544=CIRCLE('',#4074,34.);
#1545=CIRCLE('',#4075,1.7);
#1546=CIRCLE('',#4076,30.5);
#1547=CIRCLE('',#4077,2.);
#1548=CIRCLE('',#4078,2.);
#1549=CIRCLE('',#4079,26.6);
#1550=CIRCLE('',#4080,2.);
#1551=CIRCLE('',#4081,2.);
#1552=CIRCLE('',#4082,30.5);
#1553=CIRCLE('',#4083,2.);
#1554=CIRCLE('',#4084,2.);
#1555=CIRCLE('',#4085,26.5790769599745);
#1556=CIRCLE('',#4086,2.);
#1557=CIRCLE('',#4087,2.);
#1558=CIRCLE('',#4088,1.7);
#1559=CIRCLE('',#4089,1.7);
#1560=CIRCLE('',#4110,34.);
#1561=CIRCLE('',#4112,33.);
#1562=CIRCLE('',#4114,33.);
#1563=CIRCLE('',#4115,33.);
#1564=CIRCLE('',#4117,34.);
#1565=CIRCLE('',#4120,33.4857194330284);
#1566=CIRCLE('',#4121,0.0599999999999978);
#1567=CIRCLE('',#4122,33.4857194330284);
#1568=CIRCLE('',#4124,33.4857194330284);
#1569=CIRCLE('',#4125,0.0599999999999978);
#1570=CIRCLE('',#4127,33.4857194330284);
#1571=CIRCLE('',#4128,0.0599999999999978);
#1572=CIRCLE('',#4130,33.4857194330284);
#1573=CIRCLE('',#4131,0.0599999999999978);
#1574=CIRCLE('',#4133,33.4857194330284);
#1575=CIRCLE('',#4134,0.0599999999999978);
#1576=CIRCLE('',#4136,33.4857194330284);
#1577=CIRCLE('',#4137,0.0599999999999978);
#1578=CIRCLE('',#4139,33.4857194330284);
#1579=CIRCLE('',#4140,0.0599999999999978);
#1580=CIRCLE('',#4142,33.4857194330284);
#1581=CIRCLE('',#4143,0.0599999999999978);
#1582=CIRCLE('',#4145,33.4857194330284);
#1583=CIRCLE('',#4146,0.0599999999999978);
#1584=CIRCLE('',#4148,33.4857194330284);
#1585=CIRCLE('',#4149,0.0599999999999978);
#1586=CIRCLE('',#4151,33.4857194330284);
#1587=CIRCLE('',#4152,0.0599999999999978);
#1588=CIRCLE('',#4154,33.4857194330284);
#1589=CIRCLE('',#4155,0.0599999999999978);
#1590=CIRCLE('',#4157,33.4857194330284);
#1591=CIRCLE('',#4158,0.0599999999999978);
#1592=CIRCLE('',#4160,33.4857194330284);
#1593=CIRCLE('',#4161,0.0599999999999978);
#1594=CIRCLE('',#4163,33.4857194330284);
#1595=CIRCLE('',#4164,0.0599999999999978);
#1596=CIRCLE('',#4166,33.4857194330284);
#1597=CIRCLE('',#4167,0.0599999999999978);
#1598=CIRCLE('',#4169,33.4857194330284);
#1599=CIRCLE('',#4170,0.0599999999999978);
#1600=CIRCLE('',#4172,33.4857194330284);
#1601=CIRCLE('',#4173,0.0599999999999978);
#1602=CIRCLE('',#4175,33.4857194330284);
#1603=CIRCLE('',#4176,0.0599999999999978);
#1604=CIRCLE('',#4178,33.4857194330284);
#1605=CIRCLE('',#4179,0.0599999999999978);
#1606=CIRCLE('',#4181,33.4857194330284);
#1607=CIRCLE('',#4182,0.0599999999999978);
#1608=CIRCLE('',#4184,33.4857194330284);
#1609=CIRCLE('',#4185,0.0599999999999978);
#1610=CIRCLE('',#4187,33.4857194330284);
#1611=CIRCLE('',#4188,0.0599999999999978);
#1612=CIRCLE('',#4190,33.4857194330284);
#1613=CIRCLE('',#4191,0.0599999999999978);
#1614=CIRCLE('',#4193,33.4857194330284);
#1615=CIRCLE('',#4194,0.0599999999999978);
#1616=CIRCLE('',#4196,33.4857194330284);
#1617=CIRCLE('',#4197,0.0599999999999978);
#1618=CIRCLE('',#4199,33.4857194330284);
#1619=CIRCLE('',#4200,0.0599999999999978);
#1620=CIRCLE('',#4202,33.4857194330284);
#1621=CIRCLE('',#4203,0.0599999999999978);
#1622=CIRCLE('',#4205,33.5142798181882);
#1623=CIRCLE('',#4206,0.0599999999999978);
#1624=CIRCLE('',#4208,33.5142798181882);
#1625=CIRCLE('',#4209,0.0599999999999978);
#1626=CIRCLE('',#4211,33.5142798181882);
#1627=CIRCLE('',#4212,0.0599999999999978);
#1628=CIRCLE('',#4214,33.5142798181882);
#1629=CIRCLE('',#4215,0.0599999999999978);
#1630=CIRCLE('',#4217,33.5142798181882);
#1631=CIRCLE('',#4218,0.0599999999999978);
#1632=CIRCLE('',#4220,33.5142798181882);
#1633=CIRCLE('',#4221,0.0599999999999978);
#1634=CIRCLE('',#4223,33.5142798181882);
#1635=CIRCLE('',#4224,0.0599999999999978);
#1636=CIRCLE('',#4226,33.5142798181882);
#1637=CIRCLE('',#4227,0.0599999999999978);
#1638=CIRCLE('',#4229,33.5142798181882);
#1639=CIRCLE('',#4230,0.0599999999999978);
#1640=CIRCLE('',#4232,33.5142798181882);
#1641=CIRCLE('',#4233,0.0599999999999978);
#1642=CIRCLE('',#4235,33.5142798181882);
#1643=CIRCLE('',#4236,0.0599999999999978);
#1644=CIRCLE('',#4238,33.5142798181882);
#1645=CIRCLE('',#4239,0.0599999999999978);
#1646=CIRCLE('',#4241,33.5142798181882);
#1647=CIRCLE('',#4242,0.0599999999999978);
#1648=CIRCLE('',#4244,33.5142798181882);
#1649=CIRCLE('',#4245,0.0599999999999978);
#1650=CIRCLE('',#4247,33.5142798181882);
#1651=CIRCLE('',#4248,0.0599999999999978);
#1652=CIRCLE('',#4250,33.5142798181882);
#1653=CIRCLE('',#4251,0.0599999999999978);
#1654=CIRCLE('',#4253,33.5142798181882);
#1655=CIRCLE('',#4254,0.0599999999999978);
#1656=CIRCLE('',#4256,33.5142798181882);
#1657=CIRCLE('',#4257,0.0599999999999978);
#1658=CIRCLE('',#4259,33.5142798181882);
#1659=CIRCLE('',#4260,0.0599999999999978);
#1660=CIRCLE('',#4262,33.5142798181882);
#1661=CIRCLE('',#4263,0.0599999999999978);
#1662=CIRCLE('',#4265,33.5142798181882);
#1663=CIRCLE('',#4266,0.0599999999999978);
#1664=CIRCLE('',#4268,33.5142798181882);
#1665=CIRCLE('',#4269,0.0599999999999978);
#1666=CIRCLE('',#4271,33.5142798181882);
#1667=CIRCLE('',#4272,0.0599999999999978);
#1668=CIRCLE('',#4274,33.5142798181882);
#1669=CIRCLE('',#4275,0.0599999999999978);
#1670=CIRCLE('',#4277,33.5142798181882);
#1671=CIRCLE('',#4278,0.0599999999999978);
#1672=CIRCLE('',#4280,33.5142798181882);
#1673=CIRCLE('',#4281,0.0599999999999978);
#1674=CIRCLE('',#4283,33.5142798181882);
#1675=CIRCLE('',#4284,0.0599999999999978);
#1676=CIRCLE('',#4286,33.5142798181882);
#1677=CIRCLE('',#4287,0.0599999999999978);
#1678=CIRCLE('',#4289,33.5142798181882);
#1679=CIRCLE('',#4290,0.0599999999999978);
#1680=CIRCLE('',#4292,0.0599999999999978);
#1681=CIRCLE('',#4301,1.25);
#1682=CIRCLE('',#4302,1.25);
#1683=CIRCLE('',#4304,2.5);
#1684=CIRCLE('',#4305,2.5);
#1685=CIRCLE('',#4318,1.7);
#1686=CIRCLE('',#4319,1.7);
#1687=CIRCLE('',#4338,1.7);
#1688=CIRCLE('',#4339,1.7);
#1689=VERTEX_POINT('',#5612);
#1690=VERTEX_POINT('',#5613);
#1691=VERTEX_POINT('',#5615);
#1692=VERTEX_POINT('',#5617);
#1693=VERTEX_POINT('',#5621);
#1694=VERTEX_POINT('',#5623);
#1695=VERTEX_POINT('',#5626);
#1696=VERTEX_POINT('',#5628);
#1697=VERTEX_POINT('',#5631);
#1698=VERTEX_POINT('',#5633);
#1699=VERTEX_POINT('',#5637);
#1700=VERTEX_POINT('',#5639);
#1701=VERTEX_POINT('',#5641);
#1702=VERTEX_POINT('',#5643);
#1703=VERTEX_POINT('',#5646);
#1704=VERTEX_POINT('',#5648);
#1705=VERTEX_POINT('',#5651);
#1706=VERTEX_POINT('',#5655);
#1707=VERTEX_POINT('',#5656);
#1708=VERTEX_POINT('',#5659);
#1709=VERTEX_POINT('',#5661);
#1710=VERTEX_POINT('',#5663);
#1711=VERTEX_POINT('',#5666);
#1712=VERTEX_POINT('',#5668);
#1713=VERTEX_POINT('',#5675);
#1714=VERTEX_POINT('',#5679);
#1715=VERTEX_POINT('',#5681);
#1716=VERTEX_POINT('',#5685);
#1717=VERTEX_POINT('',#5689);
#1718=VERTEX_POINT('',#5691);
#1719=VERTEX_POINT('',#5695);
#1720=VERTEX_POINT('',#5696);
#1721=VERTEX_POINT('',#5701);
#1722=VERTEX_POINT('',#5703);
#1723=VERTEX_POINT('',#5705);
#1724=VERTEX_POINT('',#5707);
#1725=VERTEX_POINT('',#5709);
#1726=VERTEX_POINT('',#5711);
#1727=VERTEX_POINT('',#5713);
#1728=VERTEX_POINT('',#5715);
#1729=VERTEX_POINT('',#5717);
#1730=VERTEX_POINT('',#5720);
#1731=VERTEX_POINT('',#5723);
#1732=VERTEX_POINT('',#5724);
#1733=VERTEX_POINT('',#5726);
#1734=VERTEX_POINT('',#5728);
#1735=VERTEX_POINT('',#5732);
#1736=VERTEX_POINT('',#5736);
#1737=VERTEX_POINT('',#5740);
#1738=VERTEX_POINT('',#5743);
#1739=VERTEX_POINT('',#5747);
#1740=VERTEX_POINT('',#5748);
#1741=VERTEX_POINT('',#5750);
#1742=VERTEX_POINT('',#5752);
#1743=VERTEX_POINT('',#5754);
#1744=VERTEX_POINT('',#5756);
#1745=VERTEX_POINT('',#5760);
#1746=VERTEX_POINT('',#5761);
#1747=VERTEX_POINT('',#5763);
#1748=VERTEX_POINT('',#5765);
#1749=VERTEX_POINT('',#5795);
#1750=VERTEX_POINT('',#5796);
#1751=VERTEX_POINT('',#5798);
#1752=VERTEX_POINT('',#5800);
#1753=VERTEX_POINT('',#5804);
#1754=VERTEX_POINT('',#5805);
#1755=VERTEX_POINT('',#5807);
#1756=VERTEX_POINT('',#5809);
#1757=VERTEX_POINT('',#5813);
#1758=VERTEX_POINT('',#5819);
#1759=VERTEX_POINT('',#5820);
#1760=VERTEX_POINT('',#5822);
#1761=VERTEX_POINT('',#5824);
#1762=VERTEX_POINT('',#5826);
#1763=VERTEX_POINT('',#5828);
#1764=VERTEX_POINT('',#5830);
#1765=VERTEX_POINT('',#5832);
#1766=VERTEX_POINT('',#5834);
#1767=VERTEX_POINT('',#5836);
#1768=VERTEX_POINT('',#5838);
#1769=VERTEX_POINT('',#5840);
#1770=VERTEX_POINT('',#5842);
#1771=VERTEX_POINT('',#5844);
#1772=VERTEX_POINT('',#5846);
#1773=VERTEX_POINT('',#5848);
#1774=VERTEX_POINT('',#5851);
#1775=VERTEX_POINT('',#5853);
#1776=VERTEX_POINT('',#5855);
#1777=VERTEX_POINT('',#5858);
#1778=VERTEX_POINT('',#5860);
#1779=VERTEX_POINT('',#5862);
#1780=VERTEX_POINT('',#5863);
#1781=VERTEX_POINT('',#5865);
#1782=VERTEX_POINT('',#5867);
#1783=VERTEX_POINT('',#5869);
#1784=VERTEX_POINT('',#5871);
#1785=VERTEX_POINT('',#5873);
#1786=VERTEX_POINT('',#5875);
#1787=VERTEX_POINT('',#5877);
#1788=VERTEX_POINT('',#5879);
#1789=VERTEX_POINT('',#5881);
#1790=VERTEX_POINT('',#5883);
#1791=VERTEX_POINT('',#5885);
#1792=VERTEX_POINT('',#5887);
#1793=VERTEX_POINT('',#5889);
#1794=VERTEX_POINT('',#5891);
#1795=VERTEX_POINT('',#5894);
#1796=VERTEX_POINT('',#5896);
#1797=VERTEX_POINT('',#5937);
#1798=VERTEX_POINT('',#5941);
#1799=VERTEX_POINT('',#5944);
#1800=VERTEX_POINT('',#5952);
#1801=VERTEX_POINT('',#5954);
#1802=VERTEX_POINT('',#5958);
#1803=VERTEX_POINT('',#5962);
#1804=VERTEX_POINT('',#5966);
#1805=VERTEX_POINT('',#5970);
#1806=VERTEX_POINT('',#5974);
#1807=VERTEX_POINT('',#5978);
#1808=VERTEX_POINT('',#5982);
#1809=VERTEX_POINT('',#5986);
#1810=VERTEX_POINT('',#5990);
#1811=VERTEX_POINT('',#5994);
#1812=VERTEX_POINT('',#5998);
#1813=VERTEX_POINT('',#6002);
#1814=VERTEX_POINT('',#6006);
#1815=VERTEX_POINT('',#6010);
#1816=VERTEX_POINT('',#6014);
#1817=VERTEX_POINT('',#6018);
#1818=VERTEX_POINT('',#6022);
#1819=VERTEX_POINT('',#6026);
#1820=VERTEX_POINT('',#6030);
#1821=VERTEX_POINT('',#6034);
#1822=VERTEX_POINT('',#6038);
#1823=VERTEX_POINT('',#6042);
#1824=VERTEX_POINT('',#6046);
#1825=VERTEX_POINT('',#6050);
#1826=VERTEX_POINT('',#6054);
#1827=VERTEX_POINT('',#6058);
#1828=VERTEX_POINT('',#6062);
#1829=VERTEX_POINT('',#6066);
#1830=VERTEX_POINT('',#6070);
#1831=VERTEX_POINT('',#6074);
#1832=VERTEX_POINT('',#6078);
#1833=VERTEX_POINT('',#6082);
#1834=VERTEX_POINT('',#6086);
#1835=VERTEX_POINT('',#6090);
#1836=VERTEX_POINT('',#6094);
#1837=VERTEX_POINT('',#6098);
#1838=VERTEX_POINT('',#6102);
#1839=VERTEX_POINT('',#6106);
#1840=VERTEX_POINT('',#6110);
#1841=VERTEX_POINT('',#6114);
#1842=VERTEX_POINT('',#6118);
#1843=VERTEX_POINT('',#6122);
#1844=VERTEX_POINT('',#6126);
#1845=VERTEX_POINT('',#6130);
#1846=VERTEX_POINT('',#6134);
#1847=VERTEX_POINT('',#6138);
#1848=VERTEX_POINT('',#6142);
#1849=VERTEX_POINT('',#6146);
#1850=VERTEX_POINT('',#6150);
#1851=VERTEX_POINT('',#6154);
#1852=VERTEX_POINT('',#6158);
#1853=VERTEX_POINT('',#6162);
#1854=VERTEX_POINT('',#6166);
#1855=VERTEX_POINT('',#6170);
#1856=VERTEX_POINT('',#6174);
#1857=VERTEX_POINT('',#6178);
#1858=VERTEX_POINT('',#6185);
#1859=VERTEX_POINT('',#6186);
#1860=VERTEX_POINT('',#6205);
#1861=VERTEX_POINT('',#6216);
#1862=VERTEX_POINT('',#6218);
#1863=VERTEX_POINT('',#6232);
#1864=VERTEX_POINT('',#6233);
#1865=VERTEX_POINT('',#6252);
#1866=VERTEX_POINT('',#6263);
#1867=VERTEX_POINT('',#6265);
#1868=VERTEX_POINT('',#6279);
#1869=VERTEX_POINT('',#6283);
#1870=VERTEX_POINT('',#6287);
#1871=VERTEX_POINT('',#6289);
#1872=VERTEX_POINT('',#6300);
#1873=VERTEX_POINT('',#6301);
#1874=VERTEX_POINT('',#6303);
#1875=VERTEX_POINT('',#6305);
#1876=VERTEX_POINT('',#6309);
#1877=VERTEX_POINT('',#6310);
#1878=VERTEX_POINT('',#6312);
#1879=VERTEX_POINT('',#6314);
#1880=VERTEX_POINT('',#6318);
#1881=VERTEX_POINT('',#6319);
#1882=VERTEX_POINT('',#6321);
#1883=VERTEX_POINT('',#6323);
#1884=VERTEX_POINT('',#6327);
#1885=VERTEX_POINT('',#6328);
#1886=VERTEX_POINT('',#6330);
#1887=VERTEX_POINT('',#6332);
#1888=VERTEX_POINT('',#6336);
#1889=VERTEX_POINT('',#6337);
#1890=VERTEX_POINT('',#6339);
#1891=VERTEX_POINT('',#6341);
#1892=VERTEX_POINT('',#6343);
#1893=VERTEX_POINT('',#6345);
#1894=VERTEX_POINT('',#6347);
#1895=VERTEX_POINT('',#6349);
#1896=VERTEX_POINT('',#6352);
#1897=VERTEX_POINT('',#6354);
#1898=VERTEX_POINT('',#6357);
#1899=VERTEX_POINT('',#6359);
#1900=VERTEX_POINT('',#6363);
#1901=VERTEX_POINT('',#6364);
#1902=VERTEX_POINT('',#6366);
#1903=VERTEX_POINT('',#6368);
#1904=VERTEX_POINT('',#6377);
#1905=VERTEX_POINT('',#6378);
#1906=VERTEX_POINT('',#6380);
#1907=VERTEX_POINT('',#6382);
#1908=VERTEX_POINT('',#6386);
#1909=VERTEX_POINT('',#6388);
#1910=VERTEX_POINT('',#6390);
#1911=VERTEX_POINT('',#6395);
#1912=VERTEX_POINT('',#6397);
#1913=VERTEX_POINT('',#6401);
#1914=VERTEX_POINT('',#6403);
#1915=VERTEX_POINT('',#6405);
#1916=VERTEX_POINT('',#6407);
#1917=VERTEX_POINT('',#6409);
#1918=VERTEX_POINT('',#6411);
#1919=VERTEX_POINT('',#6415);
#1920=VERTEX_POINT('',#6417);
#1921=VERTEX_POINT('',#6421);
#1922=VERTEX_POINT('',#6423);
#1923=VERTEX_POINT('',#6428);
#1924=VERTEX_POINT('',#6430);
#1925=VERTEX_POINT('',#6434);
#1926=VERTEX_POINT('',#6436);
#1927=VERTEX_POINT('',#6442);
#1928=VERTEX_POINT('',#6446);
#1929=VERTEX_POINT('',#6450);
#1930=VERTEX_POINT('',#6451);
#1931=VERTEX_POINT('',#6456);
#1932=VERTEX_POINT('',#6457);
#1933=VERTEX_POINT('',#6464);
#1934=VERTEX_POINT('',#6468);
#1935=VERTEX_POINT('',#6470);
#1936=VERTEX_POINT('',#6473);
#1937=VERTEX_POINT('',#6477);
#1938=VERTEX_POINT('',#6501);
#1939=VERTEX_POINT('',#6502);
#1940=VERTEX_POINT('',#6504);
#1941=VERTEX_POINT('',#6506);
#1942=VERTEX_POINT('',#6508);
#1943=VERTEX_POINT('',#6510);
#1944=VERTEX_POINT('',#6512);
#1945=VERTEX_POINT('',#6514);
#1946=VERTEX_POINT('',#6516);
#1947=VERTEX_POINT('',#6518);
#1948=VERTEX_POINT('',#6520);
#1949=VERTEX_POINT('',#6522);
#1950=VERTEX_POINT('',#6526);
#1951=VERTEX_POINT('',#6528);
#1952=VERTEX_POINT('',#6532);
#1953=VERTEX_POINT('',#6536);
#1954=VERTEX_POINT('',#6540);
#1955=VERTEX_POINT('',#6544);
#1956=VERTEX_POINT('',#6548);
#1957=VERTEX_POINT('',#6552);
#1958=VERTEX_POINT('',#6556);
#1959=VERTEX_POINT('',#6560);
#1960=VERTEX_POINT('',#6564);
#1961=VERTEX_POINT('',#6568);
#1962=VERTEX_POINT('',#6574);
#1963=VERTEX_POINT('',#6575);
#1964=VERTEX_POINT('',#6577);
#1965=VERTEX_POINT('',#6579);
#1966=VERTEX_POINT('',#6583);
#1967=VERTEX_POINT('',#6585);
#1968=VERTEX_POINT('',#6593);
#1969=VERTEX_POINT('',#6594);
#1970=VERTEX_POINT('',#6596);
#1971=VERTEX_POINT('',#6598);
#1972=VERTEX_POINT('',#6600);
#1973=VERTEX_POINT('',#6602);
#1974=VERTEX_POINT('',#6604);
#1975=VERTEX_POINT('',#6606);
#1976=VERTEX_POINT('',#6608);
#1977=VERTEX_POINT('',#6612);
#1978=VERTEX_POINT('',#6614);
#1979=VERTEX_POINT('',#6618);
#1980=VERTEX_POINT('',#6622);
#1981=VERTEX_POINT('',#6626);
#1982=VERTEX_POINT('',#6630);
#1983=VERTEX_POINT('',#6634);
#1984=VERTEX_POINT('',#6638);
#1985=VERTEX_POINT('',#6642);
#1986=VERTEX_POINT('',#6648);
#1987=VERTEX_POINT('',#6649);
#1988=VERTEX_POINT('',#6651);
#1989=VERTEX_POINT('',#6653);
#1990=VERTEX_POINT('',#6657);
#1991=VERTEX_POINT('',#6659);
#1992=VERTEX_POINT('',#6667);
#1993=VERTEX_POINT('',#6668);
#1994=VERTEX_POINT('',#6670);
#1995=VERTEX_POINT('',#6672);
#1996=VERTEX_POINT('',#6674);
#1997=VERTEX_POINT('',#6676);
#1998=VERTEX_POINT('',#6678);
#1999=VERTEX_POINT('',#6680);
#2000=VERTEX_POINT('',#6682);
#2001=VERTEX_POINT('',#6684);
#2002=VERTEX_POINT('',#6688);
#2003=VERTEX_POINT('',#6690);
#2004=VERTEX_POINT('',#6694);
#2005=VERTEX_POINT('',#6698);
#2006=VERTEX_POINT('',#6702);
#2007=VERTEX_POINT('',#6706);
#2008=VERTEX_POINT('',#6710);
#2009=VERTEX_POINT('',#6714);
#2010=VERTEX_POINT('',#6718);
#2011=VERTEX_POINT('',#6722);
#2012=VERTEX_POINT('',#6728);
#2013=VERTEX_POINT('',#6729);
#2014=VERTEX_POINT('',#6731);
#2015=VERTEX_POINT('',#6733);
#2016=VERTEX_POINT('',#6737);
#2017=VERTEX_POINT('',#6739);
#2018=VERTEX_POINT('',#6747);
#2019=VERTEX_POINT('',#6748);
#2020=VERTEX_POINT('',#6750);
#2021=VERTEX_POINT('',#6752);
#2022=VERTEX_POINT('',#6756);
#2023=VERTEX_POINT('',#6758);
#2024=VERTEX_POINT('',#6762);
#2025=VERTEX_POINT('',#6764);
#2026=VERTEX_POINT('',#6772);
#2027=VERTEX_POINT('',#6773);
#2028=VERTEX_POINT('',#6775);
#2029=VERTEX_POINT('',#6777);
#2030=VERTEX_POINT('',#6781);
#2031=VERTEX_POINT('',#6783);
#2032=VERTEX_POINT('',#6787);
#2033=VERTEX_POINT('',#6789);
#2034=EDGE_CURVE('',#1689,#1690,#1500,.T.);
#2035=EDGE_CURVE('',#1691,#1689,#806,.T.);
#2036=EDGE_CURVE('',#1692,#1691,#1501,.T.);
#2037=EDGE_CURVE('',#1692,#1690,#807,.T.);
#2038=EDGE_CURVE('',#1690,#1693,#808,.T.);
#2039=EDGE_CURVE('',#1694,#1692,#809,.T.);
#2040=EDGE_CURVE('',#1694,#1693,#810,.T.);
#2041=EDGE_CURVE('',#1695,#1695,#1502,.T.);
#2042=EDGE_CURVE('',#1696,#1696,#1503,.T.);
#2043=EDGE_CURVE('',#1693,#1697,#1504,.T.);
#2044=EDGE_CURVE('',#1698,#1694,#1505,.T.);
#2045=EDGE_CURVE('',#1698,#1697,#811,.T.);
#2046=EDGE_CURVE('',#1697,#1699,#812,.T.);
#2047=EDGE_CURVE('',#1698,#1700,#813,.T.);
#2048=EDGE_CURVE('',#1701,#1700,#814,.T.);
#2049=EDGE_CURVE('',#1702,#1701,#815,.T.);
#2050=EDGE_CURVE('',#1699,#1702,#816,.T.);
#2051=EDGE_CURVE('',#1703,#1703,#1506,.T.);
#2052=EDGE_CURVE('',#1704,#1704,#1507,.T.);
#2053=EDGE_CURVE('',#1705,#1691,#817,.T.);
#2054=EDGE_CURVE('',#1700,#1705,#818,.T.);
#2055=EDGE_CURVE('',#1706,#1707,#819,.T.);
#2056=EDGE_CURVE('',#1707,#1701,#820,.T.);
#2057=EDGE_CURVE('',#1705,#1708,#821,.T.);
#2058=EDGE_CURVE('',#1708,#1709,#822,.T.);
#2059=EDGE_CURVE('',#1709,#1710,#823,.T.);
#2060=EDGE_CURVE('',#1710,#1706,#824,.T.);
#2061=EDGE_CURVE('',#1711,#1711,#1508,.T.);
#2062=EDGE_CURVE('',#1712,#1712,#1509,.T.);
#2063=EDGE_CURVE('',#1695,#1711,#825,.T.);
#2064=EDGE_CURVE('',#1696,#1712,#826,.T.);
#2065=EDGE_CURVE('',#1713,#1713,#1510,.T.);
#2066=EDGE_CURVE('',#1713,#1704,#827,.T.);
#2067=EDGE_CURVE('',#1714,#1714,#1511,.T.);
#2068=EDGE_CURVE('',#1714,#1715,#828,.T.);
#2069=EDGE_CURVE('',#1715,#1715,#1512,.T.);
#2070=EDGE_CURVE('',#1716,#1716,#1513,.T.);
#2071=EDGE_CURVE('',#1716,#1703,#829,.T.);
#2072=EDGE_CURVE('',#1717,#1717,#1514,.T.);
#2073=EDGE_CURVE('',#1717,#1718,#830,.T.);
#2074=EDGE_CURVE('',#1718,#1718,#1515,.T.);
#2075=EDGE_CURVE('',#1719,#1720,#831,.T.);
#2076=EDGE_CURVE('',#1720,#1708,#832,.T.);
#2077=EDGE_CURVE('',#1689,#1719,#833,.T.);
#2078=EDGE_CURVE('',#1721,#1699,#834,.T.);
#2079=EDGE_CURVE('',#1722,#1721,#835,.T.);
#2080=EDGE_CURVE('',#1723,#1722,#1516,.T.);
#2081=EDGE_CURVE('',#1724,#1723,#836,.T.);
#2082=EDGE_CURVE('',#1725,#1724,#1517,.T.);
#2083=EDGE_CURVE('',#1726,#1725,#837,.T.);
#2084=EDGE_CURVE('',#1727,#1726,#1518,.T.);
#2085=EDGE_CURVE('',#1728,#1727,#838,.T.);
#2086=EDGE_CURVE('',#1729,#1728,#1519,.T.);
#2087=EDGE_CURVE('',#1729,#1706,#839,.T.);
#2088=EDGE_CURVE('',#1730,#1710,#840,.T.);
#2089=EDGE_CURVE('',#1719,#1730,#841,.T.);
#2090=EDGE_CURVE('',#1731,#1732,#1520,.T.);
#2091=EDGE_CURVE('',#1733,#1731,#842,.T.);
#2092=EDGE_CURVE('',#1734,#1733,#1521,.T.);
#2093=EDGE_CURVE('',#1732,#1734,#843,.T.);
#2094=EDGE_CURVE('',#1709,#1735,#844,.T.);
#2095=EDGE_CURVE('',#1730,#1735,#845,.T.);
#2096=EDGE_CURVE('',#1721,#1736,#846,.T.);
#2097=EDGE_CURVE('',#1702,#1736,#847,.T.);
#2098=EDGE_CURVE('',#1722,#1737,#848,.T.);
#2099=EDGE_CURVE('',#1736,#1707,#849,.T.);
#2100=EDGE_CURVE('',#1729,#1738,#850,.T.);
#2101=EDGE_CURVE('',#1737,#1738,#851,.T.);
#2102=EDGE_CURVE('',#1739,#1740,#852,.T.);
#2103=EDGE_CURVE('',#1740,#1741,#1522,.T.);
#2104=EDGE_CURVE('',#1741,#1742,#853,.T.);
#2105=EDGE_CURVE('',#1742,#1743,#1523,.T.);
#2106=EDGE_CURVE('',#1743,#1744,#854,.T.);
#2107=EDGE_CURVE('',#1744,#1737,#1524,.T.);
#2108=EDGE_CURVE('',#1738,#1739,#1525,.T.);
#2109=EDGE_CURVE('',#1745,#1746,#855,.T.);
#2110=EDGE_CURVE('',#1746,#1747,#1526,.T.);
#2111=EDGE_CURVE('',#1747,#1748,#856,.T.);
#2112=EDGE_CURVE('',#1748,#1745,#1527,.T.);
#2113=EDGE_CURVE('',#1735,#1720,#857,.T.);
#2114=EDGE_CURVE('',#1731,#1748,#858,.T.);
#2115=EDGE_CURVE('',#1733,#1747,#859,.T.);
#2116=EDGE_CURVE('',#1734,#1746,#860,.T.);
#2117=EDGE_CURVE('',#1732,#1745,#861,.T.);
#2118=EDGE_CURVE('',#1723,#1744,#862,.T.);
#2119=EDGE_CURVE('',#1724,#1743,#863,.T.);
#2120=EDGE_CURVE('',#1725,#1742,#864,.T.);
#2121=EDGE_CURVE('',#1726,#1741,#865,.T.);
#2122=EDGE_CURVE('',#1727,#1740,#866,.T.);
#2123=EDGE_CURVE('',#1728,#1739,#867,.T.);
#2124=EDGE_CURVE('',#1749,#1750,#868,.T.);
#2125=EDGE_CURVE('',#1751,#1749,#869,.T.);
#2126=EDGE_CURVE('',#1752,#1751,#870,.T.);
#2127=EDGE_CURVE('',#1750,#1752,#871,.T.);
#2128=EDGE_CURVE('',#1753,#1754,#872,.T.);
#2129=EDGE_CURVE('',#1755,#1753,#873,.T.);
#2130=EDGE_CURVE('',#1756,#1755,#874,.T.);
#2131=EDGE_CURVE('',#1754,#1756,#875,.T.);
#2132=EDGE_CURVE('',#1757,#1755,#876,.T.);
#2133=EDGE_CURVE('',#1752,#1757,#877,.T.);
#2134=EDGE_CURVE('',#1756,#1751,#878,.T.);
#2135=EDGE_CURVE('',#1749,#1754,#1528,.T.);
#2136=EDGE_CURVE('',#1758,#1759,#1529,.T.);
#2137=EDGE_CURVE('',#1760,#1758,#879,.T.);
#2138=EDGE_CURVE('',#1761,#1760,#1530,.T.);
#2139=EDGE_CURVE('',#1762,#1761,#1531,.T.);
#2140=EDGE_CURVE('',#1763,#1762,#1532,.T.);
#2141=EDGE_CURVE('',#1764,#1763,#880,.T.);
#2142=EDGE_CURVE('',#1765,#1764,#1533,.T.);
#2143=EDGE_CURVE('',#1766,#1765,#1534,.T.);
#2144=EDGE_CURVE('',#1767,#1766,#1535,.T.);
#2145=EDGE_CURVE('',#1768,#1767,#881,.T.);
#2146=EDGE_CURVE('',#1769,#1768,#1536,.T.);
#2147=EDGE_CURVE('',#1770,#1769,#1537,.T.);
#2148=EDGE_CURVE('',#1771,#1770,#1538,.T.);
#2149=EDGE_CURVE('',#1772,#1771,#882,.T.);
#2150=EDGE_CURVE('',#1773,#1772,#1539,.T.);
#2151=EDGE_CURVE('',#1759,#1773,#1540,.T.);
#2152=EDGE_CURVE('',#1774,#1774,#1541,.T.);
#2153=EDGE_CURVE('',#1775,#1775,#1542,.T.);
#2154=EDGE_CURVE('',#1776,#1776,#1543,.T.);
#2155=EDGE_CURVE('',#1777,#1777,#1544,.T.);
#2156=EDGE_CURVE('',#1778,#1778,#1545,.T.);
#2157=EDGE_CURVE('',#1779,#1780,#1546,.T.);
#2158=EDGE_CURVE('',#1780,#1781,#1547,.T.);
#2159=EDGE_CURVE('',#1781,#1782,#883,.T.);
#2160=EDGE_CURVE('',#1782,#1783,#1548,.T.);
#2161=EDGE_CURVE('',#1783,#1784,#1549,.T.);
#2162=EDGE_CURVE('',#1784,#1785,#1550,.T.);
#2163=EDGE_CURVE('',#1785,#1786,#884,.T.);
#2164=EDGE_CURVE('',#1786,#1787,#1551,.T.);
#2165=EDGE_CURVE('',#1787,#1788,#1552,.T.);
#2166=EDGE_CURVE('',#1788,#1789,#1553,.T.);
#2167=EDGE_CURVE('',#1789,#1790,#885,.T.);
#2168=EDGE_CURVE('',#1790,#1791,#1554,.T.);
#2169=EDGE_CURVE('',#1791,#1792,#1555,.T.);
#2170=EDGE_CURVE('',#1792,#1793,#1556,.T.);
#2171=EDGE_CURVE('',#1793,#1794,#886,.T.);
#2172=EDGE_CURVE('',#1794,#1779,#1557,.T.);
#2173=EDGE_CURVE('',#1795,#1795,#1558,.T.);
#2174=EDGE_CURVE('',#1796,#1796,#1559,.T.);
#2175=EDGE_CURVE('',#1794,#1758,#887,.T.);
#2176=EDGE_CURVE('',#1793,#1760,#888,.T.);
#2177=EDGE_CURVE('',#1779,#1759,#889,.T.);
#2178=EDGE_CURVE('',#1778,#1774,#890,.T.);
#2179=EDGE_CURVE('',#1796,#1776,#891,.T.);
#2180=EDGE_CURVE('',#1789,#1764,#892,.T.);
#2181=EDGE_CURVE('',#1788,#1765,#893,.T.);
#2182=EDGE_CURVE('',#1790,#1763,#894,.T.);
#2183=EDGE_CURVE('',#1791,#1762,#895,.T.);
#2184=EDGE_CURVE('',#1792,#1761,#896,.T.);
#2185=EDGE_CURVE('',#1782,#1771,#897,.T.);
#2186=EDGE_CURVE('',#1781,#1772,#898,.T.);
#2187=EDGE_CURVE('',#1780,#1773,#899,.T.);
#2188=EDGE_CURVE('',#1795,#1775,#900,.T.);
#2189=EDGE_CURVE('',#1787,#1766,#901,.T.);
#2190=EDGE_CURVE('',#1786,#1767,#902,.T.);
#2191=EDGE_CURVE('',#1785,#1768,#903,.T.);
#2192=EDGE_CURVE('',#1784,#1769,#904,.T.);
#2193=EDGE_CURVE('',#1783,#1770,#905,.T.);
#2194=EDGE_CURVE('',#1797,#1797,#1560,.T.);
#2195=EDGE_CURVE('',#1797,#1777,#906,.T.);
#2196=EDGE_CURVE('',#1798,#1798,#1561,.T.);
#2197=EDGE_CURVE('',#1757,#1799,#1562,.T.);
#2198=EDGE_CURVE('',#1799,#1757,#1563,.T.);
#2199=EDGE_CURVE('',#1799,#1798,#907,.T.);
#2200=EDGE_CURVE('',#1750,#1753,#1564,.T.);
#2201=EDGE_CURVE('',#1800,#1800,#1565,.T.);
#2202=EDGE_CURVE('',#1800,#1801,#1566,.T.);
#2203=EDGE_CURVE('',#1801,#1801,#1567,.T.);
#2204=EDGE_CURVE('',#1802,#1802,#1568,.T.);
#2205=EDGE_CURVE('',#1802,#1800,#1569,.T.);
#2206=EDGE_CURVE('',#1803,#1803,#1570,.T.);
#2207=EDGE_CURVE('',#1803,#1802,#1571,.T.);
#2208=EDGE_CURVE('',#1804,#1804,#1572,.T.);
#2209=EDGE_CURVE('',#1804,#1803,#1573,.T.);
#2210=EDGE_CURVE('',#1805,#1805,#1574,.T.);
#2211=EDGE_CURVE('',#1805,#1804,#1575,.T.);
#2212=EDGE_CURVE('',#1806,#1806,#1576,.T.);
#2213=EDGE_CURVE('',#1806,#1805,#1577,.T.);
#2214=EDGE_CURVE('',#1807,#1807,#1578,.T.);
#2215=EDGE_CURVE('',#1807,#1806,#1579,.T.);
#2216=EDGE_CURVE('',#1808,#1808,#1580,.T.);
#2217=EDGE_CURVE('',#1808,#1807,#1581,.T.);
#2218=EDGE_CURVE('',#1809,#1809,#1582,.T.);
#2219=EDGE_CURVE('',#1809,#1808,#1583,.T.);
#2220=EDGE_CURVE('',#1810,#1810,#1584,.T.);
#2221=EDGE_CURVE('',#1810,#1809,#1585,.T.);
#2222=EDGE_CURVE('',#1811,#1811,#1586,.T.);
#2223=EDGE_CURVE('',#1811,#1810,#1587,.T.);
#2224=EDGE_CURVE('',#1812,#1812,#1588,.T.);
#2225=EDGE_CURVE('',#1812,#1811,#1589,.T.);
#2226=EDGE_CURVE('',#1813,#1813,#1590,.T.);
#2227=EDGE_CURVE('',#1813,#1812,#1591,.T.);
#2228=EDGE_CURVE('',#1814,#1814,#1592,.T.);
#2229=EDGE_CURVE('',#1814,#1813,#1593,.T.);
#2230=EDGE_CURVE('',#1815,#1815,#1594,.T.);
#2231=EDGE_CURVE('',#1815,#1814,#1595,.T.);
#2232=EDGE_CURVE('',#1816,#1816,#1596,.T.);
#2233=EDGE_CURVE('',#1816,#1815,#1597,.T.);
#2234=EDGE_CURVE('',#1817,#1817,#1598,.T.);
#2235=EDGE_CURVE('',#1817,#1816,#1599,.T.);
#2236=EDGE_CURVE('',#1818,#1818,#1600,.T.);
#2237=EDGE_CURVE('',#1818,#1817,#1601,.T.);
#2238=EDGE_CURVE('',#1819,#1819,#1602,.T.);
#2239=EDGE_CURVE('',#1819,#1818,#1603,.T.);
#2240=EDGE_CURVE('',#1820,#1820,#1604,.T.);
#2241=EDGE_CURVE('',#1820,#1819,#1605,.T.);
#2242=EDGE_CURVE('',#1821,#1821,#1606,.T.);
#2243=EDGE_CURVE('',#1821,#1820,#1607,.T.);
#2244=EDGE_CURVE('',#1822,#1822,#1608,.T.);
#2245=EDGE_CURVE('',#1822,#1821,#1609,.T.);
#2246=EDGE_CURVE('',#1823,#1823,#1610,.T.);
#2247=EDGE_CURVE('',#1823,#1822,#1611,.T.);
#2248=EDGE_CURVE('',#1824,#1824,#1612,.T.);
#2249=EDGE_CURVE('',#1824,#1823,#1613,.T.);
#2250=EDGE_CURVE('',#1825,#1825,#1614,.T.);
#2251=EDGE_CURVE('',#1825,#1824,#1615,.T.);
#2252=EDGE_CURVE('',#1826,#1826,#1616,.T.);
#2253=EDGE_CURVE('',#1826,#1825,#1617,.T.);
#2254=EDGE_CURVE('',#1827,#1827,#1618,.T.);
#2255=EDGE_CURVE('',#1827,#1826,#1619,.T.);
#2256=EDGE_CURVE('',#1828,#1828,#1620,.T.);
#2257=EDGE_CURVE('',#1828,#1827,#1621,.T.);
#2258=EDGE_CURVE('',#1829,#1829,#1622,.T.);
#2259=EDGE_CURVE('',#1829,#1828,#1623,.T.);
#2260=EDGE_CURVE('',#1830,#1830,#1624,.T.);
#2261=EDGE_CURVE('',#1830,#1829,#1625,.T.);
#2262=EDGE_CURVE('',#1831,#1831,#1626,.T.);
#2263=EDGE_CURVE('',#1831,#1830,#1627,.T.);
#2264=EDGE_CURVE('',#1832,#1832,#1628,.T.);
#2265=EDGE_CURVE('',#1832,#1831,#1629,.T.);
#2266=EDGE_CURVE('',#1833,#1833,#1630,.T.);
#2267=EDGE_CURVE('',#1833,#1832,#1631,.T.);
#2268=EDGE_CURVE('',#1834,#1834,#1632,.T.);
#2269=EDGE_CURVE('',#1834,#1833,#1633,.T.);
#2270=EDGE_CURVE('',#1835,#1835,#1634,.T.);
#2271=EDGE_CURVE('',#1835,#1834,#1635,.T.);
#2272=EDGE_CURVE('',#1836,#1836,#1636,.T.);
#2273=EDGE_CURVE('',#1836,#1835,#1637,.T.);
#2274=EDGE_CURVE('',#1837,#1837,#1638,.T.);
#2275=EDGE_CURVE('',#1837,#1836,#1639,.T.);
#2276=EDGE_CURVE('',#1838,#1838,#1640,.T.);
#2277=EDGE_CURVE('',#1838,#1837,#1641,.T.);
#2278=EDGE_CURVE('',#1839,#1839,#1642,.T.);
#2279=EDGE_CURVE('',#1839,#1838,#1643,.T.);
#2280=EDGE_CURVE('',#1840,#1840,#1644,.T.);
#2281=EDGE_CURVE('',#1840,#1839,#1645,.T.);
#2282=EDGE_CURVE('',#1841,#1841,#1646,.T.);
#2283=EDGE_CURVE('',#1841,#1840,#1647,.T.);
#2284=EDGE_CURVE('',#1842,#1842,#1648,.T.);
#2285=EDGE_CURVE('',#1842,#1841,#1649,.T.);
#2286=EDGE_CURVE('',#1843,#1843,#1650,.T.);
#2287=EDGE_CURVE('',#1843,#1842,#1651,.T.);
#2288=EDGE_CURVE('',#1844,#1844,#1652,.T.);
#2289=EDGE_CURVE('',#1844,#1843,#1653,.T.);
#2290=EDGE_CURVE('',#1845,#1845,#1654,.T.);
#2291=EDGE_CURVE('',#1845,#1844,#1655,.T.);
#2292=EDGE_CURVE('',#1846,#1846,#1656,.T.);
#2293=EDGE_CURVE('',#1846,#1845,#1657,.T.);
#2294=EDGE_CURVE('',#1847,#1847,#1658,.T.);
#2295=EDGE_CURVE('',#1847,#1846,#1659,.T.);
#2296=EDGE_CURVE('',#1848,#1848,#1660,.T.);
#2297=EDGE_CURVE('',#1848,#1847,#1661,.T.);
#2298=EDGE_CURVE('',#1849,#1849,#1662,.T.);
#2299=EDGE_CURVE('',#1849,#1848,#1663,.T.);
#2300=EDGE_CURVE('',#1850,#1850,#1664,.T.);
#2301=EDGE_CURVE('',#1850,#1849,#1665,.T.);
#2302=EDGE_CURVE('',#1851,#1851,#1666,.T.);
#2303=EDGE_CURVE('',#1851,#1850,#1667,.T.);
#2304=EDGE_CURVE('',#1852,#1852,#1668,.T.);
#2305=EDGE_CURVE('',#1852,#1851,#1669,.T.);
#2306=EDGE_CURVE('',#1853,#1853,#1670,.T.);
#2307=EDGE_CURVE('',#1853,#1852,#1671,.T.);
#2308=EDGE_CURVE('',#1854,#1854,#1672,.T.);
#2309=EDGE_CURVE('',#1854,#1853,#1673,.T.);
#2310=EDGE_CURVE('',#1855,#1855,#1674,.T.);
#2311=EDGE_CURVE('',#1855,#1854,#1675,.T.);
#2312=EDGE_CURVE('',#1856,#1856,#1676,.T.);
#2313=EDGE_CURVE('',#1856,#1855,#1677,.T.);
#2314=EDGE_CURVE('',#1857,#1857,#1678,.T.);
#2315=EDGE_CURVE('',#1857,#1856,#1679,.T.);
#2316=EDGE_CURVE('',#1801,#1857,#1680,.T.);
#2317=EDGE_CURVE('',#1858,#1859,#43,.T.);
#2318=EDGE_CURVE('',#1860,#1858,#44,.T.);
#2319=EDGE_CURVE('',#1860,#1861,#908,.T.);
#2320=EDGE_CURVE('',#1862,#1861,#39,.T.);
#2321=EDGE_CURVE('',#1861,#1862,#40,.T.);
#2322=EDGE_CURVE('',#1859,#1860,#45,.T.);
#2323=EDGE_CURVE('',#1863,#1864,#46,.T.);
#2324=EDGE_CURVE('',#1865,#1863,#47,.T.);
#2325=EDGE_CURVE('',#1865,#1866,#909,.T.);
#2326=EDGE_CURVE('',#1867,#1866,#41,.T.);
#2327=EDGE_CURVE('',#1866,#1867,#42,.T.);
#2328=EDGE_CURVE('',#1864,#1865,#48,.T.);
#2329=EDGE_CURVE('',#1868,#1868,#1681,.T.);
#2330=EDGE_CURVE('',#1868,#1866,#910,.T.);
#2331=EDGE_CURVE('',#1866,#1861,#911,.T.);
#2332=EDGE_CURVE('',#1861,#1869,#912,.T.);
#2333=EDGE_CURVE('',#1869,#1869,#1682,.T.);
#2334=EDGE_CURVE('',#1870,#1870,#1683,.T.);
#2335=EDGE_CURVE('',#1870,#1871,#913,.T.);
#2336=EDGE_CURVE('',#1871,#1871,#1684,.T.);
#2337=EDGE_CURVE('',#1872,#1873,#914,.T.);
#2338=EDGE_CURVE('',#1873,#1874,#915,.T.);
#2339=EDGE_CURVE('',#1874,#1875,#916,.T.);
#2340=EDGE_CURVE('',#1875,#1872,#917,.T.);
#2341=EDGE_CURVE('',#1876,#1877,#918,.T.);
#2342=EDGE_CURVE('',#1877,#1878,#919,.T.);
#2343=EDGE_CURVE('',#1878,#1879,#920,.T.);
#2344=EDGE_CURVE('',#1879,#1876,#921,.T.);
#2345=EDGE_CURVE('',#1880,#1881,#922,.T.);
#2346=EDGE_CURVE('',#1881,#1882,#923,.T.);
#2347=EDGE_CURVE('',#1882,#1883,#924,.T.);
#2348=EDGE_CURVE('',#1883,#1880,#925,.T.);
#2349=EDGE_CURVE('',#1884,#1885,#926,.T.);
#2350=EDGE_CURVE('',#1885,#1886,#927,.T.);
#2351=EDGE_CURVE('',#1886,#1887,#928,.T.);
#2352=EDGE_CURVE('',#1887,#1884,#929,.T.);
#2353=EDGE_CURVE('',#1888,#1889,#930,.T.);
#2354=EDGE_CURVE('',#1890,#1888,#931,.T.);
#2355=EDGE_CURVE('',#1891,#1890,#932,.T.);
#2356=EDGE_CURVE('',#1892,#1891,#933,.T.);
#2357=EDGE_CURVE('',#1893,#1892,#934,.T.);
#2358=EDGE_CURVE('',#1894,#1893,#935,.T.);
#2359=EDGE_CURVE('',#1895,#1894,#936,.T.);
#2360=EDGE_CURVE('',#1889,#1895,#937,.T.);
#2361=EDGE_CURVE('',#1896,#1896,#1685,.T.);
#2362=EDGE_CURVE('',#1897,#1897,#1686,.T.);
#2363=EDGE_CURVE('',#1892,#1898,#938,.T.);
#2364=EDGE_CURVE('',#1898,#1899,#939,.T.);
#2365=EDGE_CURVE('',#1893,#1899,#940,.T.);
#2366=EDGE_CURVE('',#1900,#1901,#941,.T.);
#2367=EDGE_CURVE('',#1902,#1901,#942,.T.);
#2368=EDGE_CURVE('',#1902,#1903,#943,.T.);
#2369=EDGE_CURVE('',#1903,#1900,#944,.T.);
#2370=EDGE_CURVE('',#1888,#1900,#945,.T.);
#2371=EDGE_CURVE('',#1901,#1889,#946,.T.);
#2372=EDGE_CURVE('',#1903,#1890,#947,.T.);
#2373=EDGE_CURVE('',#1904,#1905,#948,.T.);
#2374=EDGE_CURVE('',#1905,#1906,#949,.T.);
#2375=EDGE_CURVE('',#1906,#1907,#950,.T.);
#2376=EDGE_CURVE('',#1907,#1904,#951,.T.);
#2377=EDGE_CURVE('',#1908,#1906,#952,.T.);
#2378=EDGE_CURVE('',#1909,#1908,#953,.T.);
#2379=EDGE_CURVE('',#1910,#1909,#954,.T.);
#2380=EDGE_CURVE('',#1910,#1874,#955,.T.);
#2381=EDGE_CURVE('',#1907,#1873,#956,.T.);
#2382=EDGE_CURVE('',#1905,#1911,#957,.T.);
#2383=EDGE_CURVE('',#1911,#1912,#958,.T.);
#2384=EDGE_CURVE('',#1912,#1898,#959,.T.);
#2385=EDGE_CURVE('',#1891,#1902,#960,.T.);
#2386=EDGE_CURVE('',#1913,#1895,#961,.T.);
#2387=EDGE_CURVE('',#1913,#1914,#962,.T.);
#2388=EDGE_CURVE('',#1915,#1914,#963,.T.);
#2389=EDGE_CURVE('',#1915,#1916,#964,.T.);
#2390=EDGE_CURVE('',#1916,#1917,#965,.T.);
#2391=EDGE_CURVE('',#1918,#1917,#966,.T.);
#2392=EDGE_CURVE('',#1918,#1908,#967,.T.);
#2393=EDGE_CURVE('',#1919,#1918,#968,.T.);
#2394=EDGE_CURVE('',#1917,#1920,#969,.T.);
#2395=EDGE_CURVE('',#1920,#1919,#970,.T.);
#2396=EDGE_CURVE('',#1921,#1916,#971,.T.);
#2397=EDGE_CURVE('',#1922,#1921,#972,.T.);
#2398=EDGE_CURVE('',#1922,#1886,#973,.T.);
#2399=EDGE_CURVE('',#1920,#1885,#974,.T.);
#2400=EDGE_CURVE('',#1923,#1915,#975,.T.);
#2401=EDGE_CURVE('',#1914,#1924,#976,.T.);
#2402=EDGE_CURVE('',#1924,#1923,#977,.T.);
#2403=EDGE_CURVE('',#1925,#1913,#978,.T.);
#2404=EDGE_CURVE('',#1926,#1925,#979,.T.);
#2405=EDGE_CURVE('',#1926,#1878,#980,.T.);
#2406=EDGE_CURVE('',#1924,#1877,#981,.T.);
#2407=EDGE_CURVE('',#1927,#1926,#982,.T.);
#2408=EDGE_CURVE('',#1927,#1879,#983,.T.);
#2409=EDGE_CURVE('',#1928,#1922,#984,.T.);
#2410=EDGE_CURVE('',#1928,#1887,#985,.T.);
#2411=EDGE_CURVE('',#1929,#1930,#986,.T.);
#2412=EDGE_CURVE('',#1929,#1882,#987,.T.);
#2413=EDGE_CURVE('',#1930,#1881,#988,.T.);
#2414=EDGE_CURVE('',#1931,#1932,#989,.T.);
#2415=EDGE_CURVE('',#1931,#1872,#990,.T.);
#2416=EDGE_CURVE('',#1932,#1875,#991,.T.);
#2417=EDGE_CURVE('',#1932,#1910,#992,.T.);
#2418=EDGE_CURVE('',#1933,#1883,#993,.T.);
#2419=EDGE_CURVE('',#1899,#1933,#994,.T.);
#2420=EDGE_CURVE('',#1912,#1880,#995,.T.);
#2421=EDGE_CURVE('',#1934,#1934,#1687,.T.);
#2422=EDGE_CURVE('',#1935,#1935,#1688,.T.);
#2423=EDGE_CURVE('',#1936,#1911,#996,.T.);
#2424=EDGE_CURVE('',#1930,#1936,#997,.T.);
#2425=EDGE_CURVE('',#1937,#1904,#998,.T.);
#2426=EDGE_CURVE('',#1936,#1937,#999,.T.);
#2427=EDGE_CURVE('',#1937,#1931,#1000,.T.);
#2428=EDGE_CURVE('',#1919,#1884,#1001,.T.);
#2429=EDGE_CURVE('',#1909,#1928,#1002,.T.);
#2430=EDGE_CURVE('',#1923,#1876,#1003,.T.);
#2431=EDGE_CURVE('',#1921,#1927,#1004,.T.);
#2432=EDGE_CURVE('',#1894,#1933,#1005,.T.);
#2433=EDGE_CURVE('',#1925,#1929,#1006,.T.);
#2434=EDGE_CURVE('',#1935,#1897,#1007,.T.);
#2435=EDGE_CURVE('',#1934,#1896,#1008,.T.);
#2436=EDGE_CURVE('',#1938,#1939,#1009,.T.);
#2437=EDGE_CURVE('',#1939,#1940,#1010,.T.);
#2438=EDGE_CURVE('',#1940,#1941,#1011,.T.);
#2439=EDGE_CURVE('',#1941,#1942,#1012,.T.);
#2440=EDGE_CURVE('',#1942,#1943,#1013,.T.);
#2441=EDGE_CURVE('',#1943,#1944,#1014,.T.);
#2442=EDGE_CURVE('',#1944,#1945,#1015,.T.);
#2443=EDGE_CURVE('',#1945,#1946,#1016,.T.);
#2444=EDGE_CURVE('',#1946,#1947,#1017,.T.);
#2445=EDGE_CURVE('',#1947,#1948,#1018,.T.);
#2446=EDGE_CURVE('',#1948,#1949,#1019,.T.);
#2447=EDGE_CURVE('',#1949,#1938,#1020,.T.);
#2448=EDGE_CURVE('',#1950,#1943,#1021,.T.);
#2449=EDGE_CURVE('',#1951,#1950,#1022,.T.);
#2450=EDGE_CURVE('',#1951,#1944,#1023,.T.);
#2451=EDGE_CURVE('',#1952,#1942,#1024,.T.);
#2452=EDGE_CURVE('',#1950,#1952,#1025,.T.);
#2453=EDGE_CURVE('',#1953,#1941,#1026,.T.);
#2454=EDGE_CURVE('',#1952,#1953,#1027,.T.);
#2455=EDGE_CURVE('',#1954,#1940,#1028,.T.);
#2456=EDGE_CURVE('',#1953,#1954,#1029,.T.);
#2457=EDGE_CURVE('',#1955,#1939,#1030,.T.);
#2458=EDGE_CURVE('',#1954,#1955,#1031,.T.);
#2459=EDGE_CURVE('',#1956,#1938,#1032,.T.);
#2460=EDGE_CURVE('',#1955,#1956,#1033,.T.);
#2461=EDGE_CURVE('',#1957,#1949,#1034,.T.);
#2462=EDGE_CURVE('',#1956,#1957,#1035,.T.);
#2463=EDGE_CURVE('',#1958,#1948,#1036,.T.);
#2464=EDGE_CURVE('',#1957,#1958,#1037,.T.);
#2465=EDGE_CURVE('',#1959,#1947,#1038,.T.);
#2466=EDGE_CURVE('',#1958,#1959,#1039,.T.);
#2467=EDGE_CURVE('',#1960,#1946,#1040,.T.);
#2468=EDGE_CURVE('',#1959,#1960,#1041,.T.);
#2469=EDGE_CURVE('',#1961,#1945,#1042,.T.);
#2470=EDGE_CURVE('',#1960,#1961,#1043,.T.);
#2471=EDGE_CURVE('',#1961,#1951,#1044,.T.);
#2472=EDGE_CURVE('',#1962,#1963,#1045,.T.);
#2473=EDGE_CURVE('',#1962,#1964,#1046,.T.);
#2474=EDGE_CURVE('',#1965,#1964,#1047,.T.);
#2475=EDGE_CURVE('',#1963,#1965,#1048,.T.);
#2476=EDGE_CURVE('',#1963,#1966,#1049,.T.);
#2477=EDGE_CURVE('',#1967,#1965,#1050,.T.);
#2478=EDGE_CURVE('',#1966,#1967,#1051,.T.);
#2479=EDGE_CURVE('',#1966,#1962,#1052,.T.);
#2480=EDGE_CURVE('',#1964,#1967,#1053,.T.);
#2481=EDGE_CURVE('',#1968,#1969,#1054,.T.);
#2482=EDGE_CURVE('',#1969,#1970,#1055,.T.);
#2483=EDGE_CURVE('',#1970,#1971,#1056,.T.);
#2484=EDGE_CURVE('',#1971,#1972,#1057,.T.);
#2485=EDGE_CURVE('',#1972,#1973,#1058,.T.);
#2486=EDGE_CURVE('',#1973,#1974,#1059,.T.);
#2487=EDGE_CURVE('',#1974,#1975,#1060,.T.);
#2488=EDGE_CURVE('',#1975,#1976,#1061,.T.);
#2489=EDGE_CURVE('',#1976,#1968,#1062,.T.);
#2490=EDGE_CURVE('',#1977,#1972,#1063,.T.);
#2491=EDGE_CURVE('',#1978,#1977,#1064,.T.);
#2492=EDGE_CURVE('',#1978,#1973,#1065,.T.);
#2493=EDGE_CURVE('',#1979,#1971,#1066,.T.);
#2494=EDGE_CURVE('',#1977,#1979,#1067,.T.);
#2495=EDGE_CURVE('',#1980,#1970,#1068,.T.);
#2496=EDGE_CURVE('',#1979,#1980,#1069,.T.);
#2497=EDGE_CURVE('',#1981,#1969,#1070,.T.);
#2498=EDGE_CURVE('',#1980,#1981,#1071,.T.);
#2499=EDGE_CURVE('',#1982,#1968,#1072,.T.);
#2500=EDGE_CURVE('',#1981,#1982,#1073,.T.);
#2501=EDGE_CURVE('',#1983,#1976,#1074,.T.);
#2502=EDGE_CURVE('',#1982,#1983,#1075,.T.);
#2503=EDGE_CURVE('',#1984,#1975,#1076,.T.);
#2504=EDGE_CURVE('',#1983,#1984,#1077,.T.);
#2505=EDGE_CURVE('',#1985,#1974,#1078,.T.);
#2506=EDGE_CURVE('',#1984,#1985,#1079,.T.);
#2507=EDGE_CURVE('',#1985,#1978,#1080,.T.);
#2508=EDGE_CURVE('',#1986,#1987,#1081,.T.);
#2509=EDGE_CURVE('',#1986,#1988,#1082,.T.);
#2510=EDGE_CURVE('',#1989,#1988,#1083,.T.);
#2511=EDGE_CURVE('',#1987,#1989,#1084,.T.);
#2512=EDGE_CURVE('',#1987,#1990,#1085,.T.);
#2513=EDGE_CURVE('',#1991,#1989,#1086,.T.);
#2514=EDGE_CURVE('',#1990,#1991,#1087,.T.);
#2515=EDGE_CURVE('',#1990,#1986,#1088,.T.);
#2516=EDGE_CURVE('',#1988,#1991,#1089,.T.);
#2517=EDGE_CURVE('',#1992,#1993,#1090,.T.);
#2518=EDGE_CURVE('',#1993,#1994,#1091,.T.);
#2519=EDGE_CURVE('',#1994,#1995,#1092,.T.);
#2520=EDGE_CURVE('',#1995,#1996,#1093,.T.);
#2521=EDGE_CURVE('',#1996,#1997,#1094,.T.);
#2522=EDGE_CURVE('',#1997,#1998,#1095,.T.);
#2523=EDGE_CURVE('',#1998,#1999,#1096,.T.);
#2524=EDGE_CURVE('',#1999,#2000,#1097,.T.);
#2525=EDGE_CURVE('',#2000,#2001,#1098,.T.);
#2526=EDGE_CURVE('',#2001,#1992,#1099,.T.);
#2527=EDGE_CURVE('',#2002,#1996,#1100,.T.);
#2528=EDGE_CURVE('',#2003,#2002,#1101,.T.);
#2529=EDGE_CURVE('',#2003,#1997,#1102,.T.);
#2530=EDGE_CURVE('',#2004,#1995,#1103,.T.);
#2531=EDGE_CURVE('',#2002,#2004,#1104,.T.);
#2532=EDGE_CURVE('',#2005,#1994,#1105,.T.);
#2533=EDGE_CURVE('',#2004,#2005,#1106,.T.);
#2534=EDGE_CURVE('',#2006,#1993,#1107,.T.);
#2535=EDGE_CURVE('',#2005,#2006,#1108,.T.);
#2536=EDGE_CURVE('',#2007,#1992,#1109,.T.);
#2537=EDGE_CURVE('',#2006,#2007,#1110,.T.);
#2538=EDGE_CURVE('',#2008,#2001,#1111,.T.);
#2539=EDGE_CURVE('',#2007,#2008,#1112,.T.);
#2540=EDGE_CURVE('',#2009,#2000,#1113,.T.);
#2541=EDGE_CURVE('',#2008,#2009,#1114,.T.);
#2542=EDGE_CURVE('',#2010,#1999,#1115,.T.);
#2543=EDGE_CURVE('',#2009,#2010,#1116,.T.);
#2544=EDGE_CURVE('',#2011,#1998,#1117,.T.);
#2545=EDGE_CURVE('',#2010,#2011,#1118,.T.);
#2546=EDGE_CURVE('',#2011,#2003,#1119,.T.);
#2547=EDGE_CURVE('',#2012,#2013,#1120,.T.);
#2548=EDGE_CURVE('',#2012,#2014,#1121,.T.);
#2549=EDGE_CURVE('',#2015,#2014,#1122,.T.);
#2550=EDGE_CURVE('',#2013,#2015,#1123,.T.);
#2551=EDGE_CURVE('',#2013,#2016,#1124,.T.);
#2552=EDGE_CURVE('',#2017,#2015,#1125,.T.);
#2553=EDGE_CURVE('',#2016,#2017,#1126,.T.);
#2554=EDGE_CURVE('',#2016,#2012,#1127,.T.);
#2555=EDGE_CURVE('',#2014,#2017,#1128,.T.);
#2556=EDGE_CURVE('',#2018,#2019,#1129,.T.);
#2557=EDGE_CURVE('',#2018,#2020,#1130,.T.);
#2558=EDGE_CURVE('',#2020,#2021,#1131,.T.);
#2559=EDGE_CURVE('',#2019,#2021,#1132,.T.);
#2560=EDGE_CURVE('',#2022,#2018,#1133,.T.);
#2561=EDGE_CURVE('',#2022,#2023,#1134,.T.);
#2562=EDGE_CURVE('',#2023,#2020,#1135,.T.);
#2563=EDGE_CURVE('',#2024,#2022,#1136,.T.);
#2564=EDGE_CURVE('',#2024,#2025,#1137,.T.);
#2565=EDGE_CURVE('',#2025,#2023,#1138,.T.);
#2566=EDGE_CURVE('',#2019,#2024,#1139,.T.);
#2567=EDGE_CURVE('',#2021,#2025,#1140,.T.);
#2568=EDGE_CURVE('',#2026,#2027,#1141,.T.);
#2569=EDGE_CURVE('',#2027,#2028,#1142,.T.);
#2570=EDGE_CURVE('',#2029,#2028,#1143,.T.);
#2571=EDGE_CURVE('',#2026,#2029,#1144,.T.);
#2572=EDGE_CURVE('',#2030,#2026,#1145,.T.);
#2573=EDGE_CURVE('',#2031,#2029,#1146,.T.);
#2574=EDGE_CURVE('',#2030,#2031,#1147,.T.);
#2575=EDGE_CURVE('',#2032,#2030,#1148,.T.);
#2576=EDGE_CURVE('',#2033,#2031,#1149,.T.);
#2577=EDGE_CURVE('',#2032,#2033,#1150,.T.);
#2578=EDGE_CURVE('',#2027,#2032,#1151,.T.);
#2579=EDGE_CURVE('',#2028,#2033,#1152,.T.);
#2580=ORIENTED_EDGE('',*,*,#2034,.F.);
#2581=ORIENTED_EDGE('',*,*,#2035,.F.);
#2582=ORIENTED_EDGE('',*,*,#2036,.F.);
#2583=ORIENTED_EDGE('',*,*,#2037,.T.);
#2584=ORIENTED_EDGE('',*,*,#2038,.F.);
#2585=ORIENTED_EDGE('',*,*,#2037,.F.);
#2586=ORIENTED_EDGE('',*,*,#2039,.F.);
#2587=ORIENTED_EDGE('',*,*,#2040,.T.);
#2588=ORIENTED_EDGE('',*,*,#2041,.F.);
#2589=ORIENTED_EDGE('',*,*,#2042,.F.);
#2590=ORIENTED_EDGE('',*,*,#2043,.F.);
#2591=ORIENTED_EDGE('',*,*,#2040,.F.);
#2592=ORIENTED_EDGE('',*,*,#2044,.F.);
#2593=ORIENTED_EDGE('',*,*,#2045,.T.);
#2594=ORIENTED_EDGE('',*,*,#2046,.F.);
#2595=ORIENTED_EDGE('',*,*,#2045,.F.);
#2596=ORIENTED_EDGE('',*,*,#2047,.T.);
#2597=ORIENTED_EDGE('',*,*,#2048,.F.);
#2598=ORIENTED_EDGE('',*,*,#2049,.F.);
#2599=ORIENTED_EDGE('',*,*,#2050,.F.);
#2600=ORIENTED_EDGE('',*,*,#2051,.T.);
#2601=ORIENTED_EDGE('',*,*,#2052,.T.);
#2602=ORIENTED_EDGE('',*,*,#2044,.T.);
#2603=ORIENTED_EDGE('',*,*,#2039,.T.);
#2604=ORIENTED_EDGE('',*,*,#2036,.T.);
#2605=ORIENTED_EDGE('',*,*,#2053,.F.);
#2606=ORIENTED_EDGE('',*,*,#2054,.F.);
#2607=ORIENTED_EDGE('',*,*,#2047,.F.);
#2608=ORIENTED_EDGE('',*,*,#2055,.T.);
#2609=ORIENTED_EDGE('',*,*,#2056,.T.);
#2610=ORIENTED_EDGE('',*,*,#2048,.T.);
#2611=ORIENTED_EDGE('',*,*,#2054,.T.);
#2612=ORIENTED_EDGE('',*,*,#2057,.T.);
#2613=ORIENTED_EDGE('',*,*,#2058,.T.);
#2614=ORIENTED_EDGE('',*,*,#2059,.T.);
#2615=ORIENTED_EDGE('',*,*,#2060,.T.);
#2616=ORIENTED_EDGE('',*,*,#2061,.T.);
#2617=ORIENTED_EDGE('',*,*,#2062,.T.);
#2618=ORIENTED_EDGE('',*,*,#2041,.T.);
#2619=ORIENTED_EDGE('',*,*,#2063,.T.);
#2620=ORIENTED_EDGE('',*,*,#2061,.F.);
#2621=ORIENTED_EDGE('',*,*,#2063,.F.);
#2622=ORIENTED_EDGE('',*,*,#2042,.T.);
#2623=ORIENTED_EDGE('',*,*,#2064,.T.);
#2624=ORIENTED_EDGE('',*,*,#2062,.F.);
#2625=ORIENTED_EDGE('',*,*,#2064,.F.);
#2626=ORIENTED_EDGE('',*,*,#2065,.F.);
#2627=ORIENTED_EDGE('',*,*,#2066,.T.);
#2628=ORIENTED_EDGE('',*,*,#2052,.F.);
#2629=ORIENTED_EDGE('',*,*,#2066,.F.);
#2630=ORIENTED_EDGE('',*,*,#2067,.F.);
#2631=ORIENTED_EDGE('',*,*,#2068,.T.);
#2632=ORIENTED_EDGE('',*,*,#2069,.F.);
#2633=ORIENTED_EDGE('',*,*,#2068,.F.);
#2634=ORIENTED_EDGE('',*,*,#2070,.F.);
#2635=ORIENTED_EDGE('',*,*,#2071,.T.);
#2636=ORIENTED_EDGE('',*,*,#2051,.F.);
#2637=ORIENTED_EDGE('',*,*,#2071,.F.);
#2638=ORIENTED_EDGE('',*,*,#2072,.F.);
#2639=ORIENTED_EDGE('',*,*,#2073,.T.);
#2640=ORIENTED_EDGE('',*,*,#2074,.F.);
#2641=ORIENTED_EDGE('',*,*,#2073,.F.);
#2642=ORIENTED_EDGE('',*,*,#2075,.T.);
#2643=ORIENTED_EDGE('',*,*,#2076,.T.);
#2644=ORIENTED_EDGE('',*,*,#2057,.F.);
#2645=ORIENTED_EDGE('',*,*,#2053,.T.);
#2646=ORIENTED_EDGE('',*,*,#2035,.T.);
#2647=ORIENTED_EDGE('',*,*,#2077,.T.);
#2648=ORIENTED_EDGE('',*,*,#2067,.T.);
#2649=ORIENTED_EDGE('',*,*,#2072,.T.);
#2650=ORIENTED_EDGE('',*,*,#2046,.T.);
#2651=ORIENTED_EDGE('',*,*,#2078,.F.);
#2652=ORIENTED_EDGE('',*,*,#2079,.F.);
#2653=ORIENTED_EDGE('',*,*,#2080,.F.);
#2654=ORIENTED_EDGE('',*,*,#2081,.F.);
#2655=ORIENTED_EDGE('',*,*,#2082,.F.);
#2656=ORIENTED_EDGE('',*,*,#2083,.F.);
#2657=ORIENTED_EDGE('',*,*,#2084,.F.);
#2658=ORIENTED_EDGE('',*,*,#2085,.F.);
#2659=ORIENTED_EDGE('',*,*,#2086,.F.);
#2660=ORIENTED_EDGE('',*,*,#2087,.T.);
#2661=ORIENTED_EDGE('',*,*,#2060,.F.);
#2662=ORIENTED_EDGE('',*,*,#2088,.F.);
#2663=ORIENTED_EDGE('',*,*,#2089,.F.);
#2664=ORIENTED_EDGE('',*,*,#2077,.F.);
#2665=ORIENTED_EDGE('',*,*,#2034,.T.);
#2666=ORIENTED_EDGE('',*,*,#2038,.T.);
#2667=ORIENTED_EDGE('',*,*,#2043,.T.);
#2668=ORIENTED_EDGE('',*,*,#2090,.F.);
#2669=ORIENTED_EDGE('',*,*,#2091,.F.);
#2670=ORIENTED_EDGE('',*,*,#2092,.F.);
#2671=ORIENTED_EDGE('',*,*,#2093,.F.);
#2672=ORIENTED_EDGE('',*,*,#2094,.T.);
#2673=ORIENTED_EDGE('',*,*,#2095,.F.);
#2674=ORIENTED_EDGE('',*,*,#2088,.T.);
#2675=ORIENTED_EDGE('',*,*,#2059,.F.);
#2676=ORIENTED_EDGE('',*,*,#2069,.T.);
#2677=ORIENTED_EDGE('',*,*,#2074,.T.);
#2678=ORIENTED_EDGE('',*,*,#2096,.F.);
#2679=ORIENTED_EDGE('',*,*,#2078,.T.);
#2680=ORIENTED_EDGE('',*,*,#2050,.T.);
#2681=ORIENTED_EDGE('',*,*,#2097,.T.);
#2682=ORIENTED_EDGE('',*,*,#2098,.F.);
#2683=ORIENTED_EDGE('',*,*,#2079,.T.);
#2684=ORIENTED_EDGE('',*,*,#2096,.T.);
#2685=ORIENTED_EDGE('',*,*,#2099,.T.);
#2686=ORIENTED_EDGE('',*,*,#2055,.F.);
#2687=ORIENTED_EDGE('',*,*,#2087,.F.);
#2688=ORIENTED_EDGE('',*,*,#2100,.T.);
#2689=ORIENTED_EDGE('',*,*,#2101,.F.);
#2690=ORIENTED_EDGE('',*,*,#2065,.T.);
#2691=ORIENTED_EDGE('',*,*,#2070,.T.);
#2692=ORIENTED_EDGE('',*,*,#2102,.T.);
#2693=ORIENTED_EDGE('',*,*,#2103,.T.);
#2694=ORIENTED_EDGE('',*,*,#2104,.T.);
#2695=ORIENTED_EDGE('',*,*,#2105,.T.);
#2696=ORIENTED_EDGE('',*,*,#2106,.T.);
#2697=ORIENTED_EDGE('',*,*,#2107,.T.);
#2698=ORIENTED_EDGE('',*,*,#2101,.T.);
#2699=ORIENTED_EDGE('',*,*,#2108,.T.);
#2700=ORIENTED_EDGE('',*,*,#2109,.T.);
#2701=ORIENTED_EDGE('',*,*,#2110,.T.);
#2702=ORIENTED_EDGE('',*,*,#2111,.T.);
#2703=ORIENTED_EDGE('',*,*,#2112,.T.);
#2704=ORIENTED_EDGE('',*,*,#2095,.T.);
#2705=ORIENTED_EDGE('',*,*,#2113,.T.);
#2706=ORIENTED_EDGE('',*,*,#2075,.F.);
#2707=ORIENTED_EDGE('',*,*,#2089,.T.);
#2708=ORIENTED_EDGE('',*,*,#2091,.T.);
#2709=ORIENTED_EDGE('',*,*,#2114,.T.);
#2710=ORIENTED_EDGE('',*,*,#2111,.F.);
#2711=ORIENTED_EDGE('',*,*,#2115,.F.);
#2712=ORIENTED_EDGE('',*,*,#2092,.T.);
#2713=ORIENTED_EDGE('',*,*,#2115,.T.);
#2714=ORIENTED_EDGE('',*,*,#2110,.F.);
#2715=ORIENTED_EDGE('',*,*,#2116,.F.);
#2716=ORIENTED_EDGE('',*,*,#2093,.T.);
#2717=ORIENTED_EDGE('',*,*,#2116,.T.);
#2718=ORIENTED_EDGE('',*,*,#2109,.F.);
#2719=ORIENTED_EDGE('',*,*,#2117,.F.);
#2720=ORIENTED_EDGE('',*,*,#2090,.T.);
#2721=ORIENTED_EDGE('',*,*,#2117,.T.);
#2722=ORIENTED_EDGE('',*,*,#2112,.F.);
#2723=ORIENTED_EDGE('',*,*,#2114,.F.);
#2724=ORIENTED_EDGE('',*,*,#2081,.T.);
#2725=ORIENTED_EDGE('',*,*,#2118,.T.);
#2726=ORIENTED_EDGE('',*,*,#2106,.F.);
#2727=ORIENTED_EDGE('',*,*,#2119,.F.);
#2728=ORIENTED_EDGE('',*,*,#2082,.T.);
#2729=ORIENTED_EDGE('',*,*,#2119,.T.);
#2730=ORIENTED_EDGE('',*,*,#2105,.F.);
#2731=ORIENTED_EDGE('',*,*,#2120,.F.);
#2732=ORIENTED_EDGE('',*,*,#2083,.T.);
#2733=ORIENTED_EDGE('',*,*,#2120,.T.);
#2734=ORIENTED_EDGE('',*,*,#2104,.F.);
#2735=ORIENTED_EDGE('',*,*,#2121,.F.);
#2736=ORIENTED_EDGE('',*,*,#2084,.T.);
#2737=ORIENTED_EDGE('',*,*,#2121,.T.);
#2738=ORIENTED_EDGE('',*,*,#2103,.F.);
#2739=ORIENTED_EDGE('',*,*,#2122,.F.);
#2740=ORIENTED_EDGE('',*,*,#2085,.T.);
#2741=ORIENTED_EDGE('',*,*,#2122,.T.);
#2742=ORIENTED_EDGE('',*,*,#2102,.F.);
#2743=ORIENTED_EDGE('',*,*,#2123,.F.);
#2744=ORIENTED_EDGE('',*,*,#2086,.T.);
#2745=ORIENTED_EDGE('',*,*,#2123,.T.);
#2746=ORIENTED_EDGE('',*,*,#2108,.F.);
#2747=ORIENTED_EDGE('',*,*,#2100,.F.);
#2748=ORIENTED_EDGE('',*,*,#2080,.T.);
#2749=ORIENTED_EDGE('',*,*,#2098,.T.);
#2750=ORIENTED_EDGE('',*,*,#2107,.F.);
#2751=ORIENTED_EDGE('',*,*,#2118,.F.);
#2752=ORIENTED_EDGE('',*,*,#2094,.F.);
#2753=ORIENTED_EDGE('',*,*,#2058,.F.);
#2754=ORIENTED_EDGE('',*,*,#2076,.F.);
#2755=ORIENTED_EDGE('',*,*,#2113,.F.);
#2756=ORIENTED_EDGE('',*,*,#2097,.F.);
#2757=ORIENTED_EDGE('',*,*,#2049,.T.);
#2758=ORIENTED_EDGE('',*,*,#2056,.F.);
#2759=ORIENTED_EDGE('',*,*,#2099,.F.);
#2760=ORIENTED_EDGE('',*,*,#2124,.F.);
#2761=ORIENTED_EDGE('',*,*,#2125,.F.);
#2762=ORIENTED_EDGE('',*,*,#2126,.F.);
#2763=ORIENTED_EDGE('',*,*,#2127,.F.);
#2764=ORIENTED_EDGE('',*,*,#2128,.F.);
#2765=ORIENTED_EDGE('',*,*,#2129,.F.);
#2766=ORIENTED_EDGE('',*,*,#2130,.F.);
#2767=ORIENTED_EDGE('',*,*,#2131,.F.);
#2768=ORIENTED_EDGE('',*,*,#2132,.F.);
#2769=ORIENTED_EDGE('',*,*,#2133,.F.);
#2770=ORIENTED_EDGE('',*,*,#2126,.T.);
#2771=ORIENTED_EDGE('',*,*,#2134,.F.);
#2772=ORIENTED_EDGE('',*,*,#2130,.T.);
#2773=ORIENTED_EDGE('',*,*,#2125,.T.);
#2774=ORIENTED_EDGE('',*,*,#2135,.T.);
#2775=ORIENTED_EDGE('',*,*,#2131,.T.);
#2776=ORIENTED_EDGE('',*,*,#2134,.T.);
#2777=ORIENTED_EDGE('',*,*,#2136,.F.);
#2778=ORIENTED_EDGE('',*,*,#2137,.F.);
#2779=ORIENTED_EDGE('',*,*,#2138,.F.);
#2780=ORIENTED_EDGE('',*,*,#2139,.F.);
#2781=ORIENTED_EDGE('',*,*,#2140,.F.);
#2782=ORIENTED_EDGE('',*,*,#2141,.F.);
#2783=ORIENTED_EDGE('',*,*,#2142,.F.);
#2784=ORIENTED_EDGE('',*,*,#2143,.F.);
#2785=ORIENTED_EDGE('',*,*,#2144,.F.);
#2786=ORIENTED_EDGE('',*,*,#2145,.F.);
#2787=ORIENTED_EDGE('',*,*,#2146,.F.);
#2788=ORIENTED_EDGE('',*,*,#2147,.F.);
#2789=ORIENTED_EDGE('',*,*,#2148,.F.);
#2790=ORIENTED_EDGE('',*,*,#2149,.F.);
#2791=ORIENTED_EDGE('',*,*,#2150,.F.);
#2792=ORIENTED_EDGE('',*,*,#2151,.F.);
#2793=ORIENTED_EDGE('',*,*,#2152,.T.);
#2794=ORIENTED_EDGE('',*,*,#2153,.T.);
#2795=ORIENTED_EDGE('',*,*,#2154,.T.);
#2796=ORIENTED_EDGE('',*,*,#2155,.F.);
#2797=ORIENTED_EDGE('',*,*,#2156,.T.);
#2798=ORIENTED_EDGE('',*,*,#2157,.T.);
#2799=ORIENTED_EDGE('',*,*,#2158,.T.);
#2800=ORIENTED_EDGE('',*,*,#2159,.T.);
#2801=ORIENTED_EDGE('',*,*,#2160,.T.);
#2802=ORIENTED_EDGE('',*,*,#2161,.T.);
#2803=ORIENTED_EDGE('',*,*,#2162,.T.);
#2804=ORIENTED_EDGE('',*,*,#2163,.T.);
#2805=ORIENTED_EDGE('',*,*,#2164,.T.);
#2806=ORIENTED_EDGE('',*,*,#2165,.T.);
#2807=ORIENTED_EDGE('',*,*,#2166,.T.);
#2808=ORIENTED_EDGE('',*,*,#2167,.T.);
#2809=ORIENTED_EDGE('',*,*,#2168,.T.);
#2810=ORIENTED_EDGE('',*,*,#2169,.T.);
#2811=ORIENTED_EDGE('',*,*,#2170,.T.);
#2812=ORIENTED_EDGE('',*,*,#2171,.T.);
#2813=ORIENTED_EDGE('',*,*,#2172,.T.);
#2814=ORIENTED_EDGE('',*,*,#2173,.T.);
#2815=ORIENTED_EDGE('',*,*,#2174,.T.);
#2816=ORIENTED_EDGE('',*,*,#2137,.T.);
#2817=ORIENTED_EDGE('',*,*,#2175,.F.);
#2818=ORIENTED_EDGE('',*,*,#2171,.F.);
#2819=ORIENTED_EDGE('',*,*,#2176,.T.);
#2820=ORIENTED_EDGE('',*,*,#2136,.T.);
#2821=ORIENTED_EDGE('',*,*,#2177,.F.);
#2822=ORIENTED_EDGE('',*,*,#2172,.F.);
#2823=ORIENTED_EDGE('',*,*,#2175,.T.);
#2824=ORIENTED_EDGE('',*,*,#2156,.F.);
#2825=ORIENTED_EDGE('',*,*,#2178,.T.);
#2826=ORIENTED_EDGE('',*,*,#2152,.F.);
#2827=ORIENTED_EDGE('',*,*,#2178,.F.);
#2828=ORIENTED_EDGE('',*,*,#2174,.F.);
#2829=ORIENTED_EDGE('',*,*,#2179,.T.);
#2830=ORIENTED_EDGE('',*,*,#2154,.F.);
#2831=ORIENTED_EDGE('',*,*,#2179,.F.);
#2832=ORIENTED_EDGE('',*,*,#2142,.T.);
#2833=ORIENTED_EDGE('',*,*,#2180,.F.);
#2834=ORIENTED_EDGE('',*,*,#2166,.F.);
#2835=ORIENTED_EDGE('',*,*,#2181,.T.);
#2836=ORIENTED_EDGE('',*,*,#2141,.T.);
#2837=ORIENTED_EDGE('',*,*,#2182,.F.);
#2838=ORIENTED_EDGE('',*,*,#2167,.F.);
#2839=ORIENTED_EDGE('',*,*,#2180,.T.);
#2840=ORIENTED_EDGE('',*,*,#2140,.T.);
#2841=ORIENTED_EDGE('',*,*,#2183,.F.);
#2842=ORIENTED_EDGE('',*,*,#2168,.F.);
#2843=ORIENTED_EDGE('',*,*,#2182,.T.);
#2844=ORIENTED_EDGE('',*,*,#2139,.T.);
#2845=ORIENTED_EDGE('',*,*,#2184,.F.);
#2846=ORIENTED_EDGE('',*,*,#2169,.F.);
#2847=ORIENTED_EDGE('',*,*,#2183,.T.);
#2848=ORIENTED_EDGE('',*,*,#2138,.T.);
#2849=ORIENTED_EDGE('',*,*,#2176,.F.);
#2850=ORIENTED_EDGE('',*,*,#2170,.F.);
#2851=ORIENTED_EDGE('',*,*,#2184,.T.);
#2852=ORIENTED_EDGE('',*,*,#2149,.T.);
#2853=ORIENTED_EDGE('',*,*,#2185,.F.);
#2854=ORIENTED_EDGE('',*,*,#2159,.F.);
#2855=ORIENTED_EDGE('',*,*,#2186,.T.);
#2856=ORIENTED_EDGE('',*,*,#2150,.T.);
#2857=ORIENTED_EDGE('',*,*,#2186,.F.);
#2858=ORIENTED_EDGE('',*,*,#2158,.F.);
#2859=ORIENTED_EDGE('',*,*,#2187,.T.);
#2860=ORIENTED_EDGE('',*,*,#2173,.F.);
#2861=ORIENTED_EDGE('',*,*,#2188,.T.);
#2862=ORIENTED_EDGE('',*,*,#2153,.F.);
#2863=ORIENTED_EDGE('',*,*,#2188,.F.);
#2864=ORIENTED_EDGE('',*,*,#2144,.T.);
#2865=ORIENTED_EDGE('',*,*,#2189,.F.);
#2866=ORIENTED_EDGE('',*,*,#2164,.F.);
#2867=ORIENTED_EDGE('',*,*,#2190,.T.);
#2868=ORIENTED_EDGE('',*,*,#2145,.T.);
#2869=ORIENTED_EDGE('',*,*,#2190,.F.);
#2870=ORIENTED_EDGE('',*,*,#2163,.F.);
#2871=ORIENTED_EDGE('',*,*,#2191,.T.);
#2872=ORIENTED_EDGE('',*,*,#2146,.T.);
#2873=ORIENTED_EDGE('',*,*,#2191,.F.);
#2874=ORIENTED_EDGE('',*,*,#2162,.F.);
#2875=ORIENTED_EDGE('',*,*,#2192,.T.);
#2876=ORIENTED_EDGE('',*,*,#2147,.T.);
#2877=ORIENTED_EDGE('',*,*,#2192,.F.);
#2878=ORIENTED_EDGE('',*,*,#2161,.F.);
#2879=ORIENTED_EDGE('',*,*,#2193,.T.);
#2880=ORIENTED_EDGE('',*,*,#2148,.T.);
#2881=ORIENTED_EDGE('',*,*,#2193,.F.);
#2882=ORIENTED_EDGE('',*,*,#2160,.F.);
#2883=ORIENTED_EDGE('',*,*,#2185,.T.);
#2884=ORIENTED_EDGE('',*,*,#2181,.F.);
#2885=ORIENTED_EDGE('',*,*,#2165,.F.);
#2886=ORIENTED_EDGE('',*,*,#2189,.T.);
#2887=ORIENTED_EDGE('',*,*,#2143,.T.);
#2888=ORIENTED_EDGE('',*,*,#2177,.T.);
#2889=ORIENTED_EDGE('',*,*,#2151,.T.);
#2890=ORIENTED_EDGE('',*,*,#2187,.F.);
#2891=ORIENTED_EDGE('',*,*,#2157,.F.);
#2892=ORIENTED_EDGE('',*,*,#2194,.F.);
#2893=ORIENTED_EDGE('',*,*,#2195,.T.);
#2894=ORIENTED_EDGE('',*,*,#2155,.T.);
#2895=ORIENTED_EDGE('',*,*,#2195,.F.);
#2896=ORIENTED_EDGE('',*,*,#2194,.T.);
#2897=ORIENTED_EDGE('',*,*,#2196,.F.);
#2898=ORIENTED_EDGE('',*,*,#2197,.F.);
#2899=ORIENTED_EDGE('',*,*,#2198,.F.);
#2900=ORIENTED_EDGE('',*,*,#2199,.T.);
#2901=ORIENTED_EDGE('',*,*,#2196,.T.);
#2902=ORIENTED_EDGE('',*,*,#2199,.F.);
#2903=ORIENTED_EDGE('',*,*,#2127,.T.);
#2904=ORIENTED_EDGE('',*,*,#2133,.T.);
#2905=ORIENTED_EDGE('',*,*,#2197,.T.);
#2906=ORIENTED_EDGE('',*,*,#2198,.T.);
#2907=ORIENTED_EDGE('',*,*,#2132,.T.);
#2908=ORIENTED_EDGE('',*,*,#2129,.T.);
#2909=ORIENTED_EDGE('',*,*,#2200,.F.);
#2910=ORIENTED_EDGE('',*,*,#2124,.T.);
#2911=ORIENTED_EDGE('',*,*,#2200,.T.);
#2912=ORIENTED_EDGE('',*,*,#2128,.T.);
#2913=ORIENTED_EDGE('',*,*,#2135,.F.);
#2914=ORIENTED_EDGE('',*,*,#2201,.F.);
#2915=ORIENTED_EDGE('',*,*,#2202,.T.);
#2916=ORIENTED_EDGE('',*,*,#2203,.T.);
#2917=ORIENTED_EDGE('',*,*,#2202,.F.);
#2918=ORIENTED_EDGE('',*,*,#2204,.F.);
#2919=ORIENTED_EDGE('',*,*,#2205,.T.);
#2920=ORIENTED_EDGE('',*,*,#2201,.T.);
#2921=ORIENTED_EDGE('',*,*,#2205,.F.);
#2922=ORIENTED_EDGE('',*,*,#2206,.F.);
#2923=ORIENTED_EDGE('',*,*,#2207,.T.);
#2924=ORIENTED_EDGE('',*,*,#2204,.T.);
#2925=ORIENTED_EDGE('',*,*,#2207,.F.);
#2926=ORIENTED_EDGE('',*,*,#2208,.F.);
#2927=ORIENTED_EDGE('',*,*,#2209,.T.);
#2928=ORIENTED_EDGE('',*,*,#2206,.T.);
#2929=ORIENTED_EDGE('',*,*,#2209,.F.);
#2930=ORIENTED_EDGE('',*,*,#2210,.F.);
#2931=ORIENTED_EDGE('',*,*,#2211,.T.);
#2932=ORIENTED_EDGE('',*,*,#2208,.T.);
#2933=ORIENTED_EDGE('',*,*,#2211,.F.);
#2934=ORIENTED_EDGE('',*,*,#2212,.F.);
#2935=ORIENTED_EDGE('',*,*,#2213,.T.);
#2936=ORIENTED_EDGE('',*,*,#2210,.T.);
#2937=ORIENTED_EDGE('',*,*,#2213,.F.);
#2938=ORIENTED_EDGE('',*,*,#2214,.F.);
#2939=ORIENTED_EDGE('',*,*,#2215,.T.);
#2940=ORIENTED_EDGE('',*,*,#2212,.T.);
#2941=ORIENTED_EDGE('',*,*,#2215,.F.);
#2942=ORIENTED_EDGE('',*,*,#2216,.F.);
#2943=ORIENTED_EDGE('',*,*,#2217,.T.);
#2944=ORIENTED_EDGE('',*,*,#2214,.T.);
#2945=ORIENTED_EDGE('',*,*,#2217,.F.);
#2946=ORIENTED_EDGE('',*,*,#2218,.F.);
#2947=ORIENTED_EDGE('',*,*,#2219,.T.);
#2948=ORIENTED_EDGE('',*,*,#2216,.T.);
#2949=ORIENTED_EDGE('',*,*,#2219,.F.);
#2950=ORIENTED_EDGE('',*,*,#2220,.F.);
#2951=ORIENTED_EDGE('',*,*,#2221,.T.);
#2952=ORIENTED_EDGE('',*,*,#2218,.T.);
#2953=ORIENTED_EDGE('',*,*,#2221,.F.);
#2954=ORIENTED_EDGE('',*,*,#2222,.F.);
#2955=ORIENTED_EDGE('',*,*,#2223,.T.);
#2956=ORIENTED_EDGE('',*,*,#2220,.T.);
#2957=ORIENTED_EDGE('',*,*,#2223,.F.);
#2958=ORIENTED_EDGE('',*,*,#2224,.F.);
#2959=ORIENTED_EDGE('',*,*,#2225,.T.);
#2960=ORIENTED_EDGE('',*,*,#2222,.T.);
#2961=ORIENTED_EDGE('',*,*,#2225,.F.);
#2962=ORIENTED_EDGE('',*,*,#2226,.F.);
#2963=ORIENTED_EDGE('',*,*,#2227,.T.);
#2964=ORIENTED_EDGE('',*,*,#2224,.T.);
#2965=ORIENTED_EDGE('',*,*,#2227,.F.);
#2966=ORIENTED_EDGE('',*,*,#2228,.F.);
#2967=ORIENTED_EDGE('',*,*,#2229,.T.);
#2968=ORIENTED_EDGE('',*,*,#2226,.T.);
#2969=ORIENTED_EDGE('',*,*,#2229,.F.);
#2970=ORIENTED_EDGE('',*,*,#2230,.F.);
#2971=ORIENTED_EDGE('',*,*,#2231,.T.);
#2972=ORIENTED_EDGE('',*,*,#2228,.T.);
#2973=ORIENTED_EDGE('',*,*,#2231,.F.);
#2974=ORIENTED_EDGE('',*,*,#2232,.F.);
#2975=ORIENTED_EDGE('',*,*,#2233,.T.);
#2976=ORIENTED_EDGE('',*,*,#2230,.T.);
#2977=ORIENTED_EDGE('',*,*,#2233,.F.);
#2978=ORIENTED_EDGE('',*,*,#2234,.F.);
#2979=ORIENTED_EDGE('',*,*,#2235,.T.);
#2980=ORIENTED_EDGE('',*,*,#2232,.T.);
#2981=ORIENTED_EDGE('',*,*,#2235,.F.);
#2982=ORIENTED_EDGE('',*,*,#2236,.F.);
#2983=ORIENTED_EDGE('',*,*,#2237,.T.);
#2984=ORIENTED_EDGE('',*,*,#2234,.T.);
#2985=ORIENTED_EDGE('',*,*,#2237,.F.);
#2986=ORIENTED_EDGE('',*,*,#2238,.F.);
#2987=ORIENTED_EDGE('',*,*,#2239,.T.);
#2988=ORIENTED_EDGE('',*,*,#2236,.T.);
#2989=ORIENTED_EDGE('',*,*,#2239,.F.);
#2990=ORIENTED_EDGE('',*,*,#2240,.F.);
#2991=ORIENTED_EDGE('',*,*,#2241,.T.);
#2992=ORIENTED_EDGE('',*,*,#2238,.T.);
#2993=ORIENTED_EDGE('',*,*,#2241,.F.);
#2994=ORIENTED_EDGE('',*,*,#2242,.F.);
#2995=ORIENTED_EDGE('',*,*,#2243,.T.);
#2996=ORIENTED_EDGE('',*,*,#2240,.T.);
#2997=ORIENTED_EDGE('',*,*,#2243,.F.);
#2998=ORIENTED_EDGE('',*,*,#2244,.F.);
#2999=ORIENTED_EDGE('',*,*,#2245,.T.);
#3000=ORIENTED_EDGE('',*,*,#2242,.T.);
#3001=ORIENTED_EDGE('',*,*,#2245,.F.);
#3002=ORIENTED_EDGE('',*,*,#2246,.F.);
#3003=ORIENTED_EDGE('',*,*,#2247,.T.);
#3004=ORIENTED_EDGE('',*,*,#2244,.T.);
#3005=ORIENTED_EDGE('',*,*,#2247,.F.);
#3006=ORIENTED_EDGE('',*,*,#2248,.F.);
#3007=ORIENTED_EDGE('',*,*,#2249,.T.);
#3008=ORIENTED_EDGE('',*,*,#2246,.T.);
#3009=ORIENTED_EDGE('',*,*,#2249,.F.);
#3010=ORIENTED_EDGE('',*,*,#2250,.F.);
#3011=ORIENTED_EDGE('',*,*,#2251,.T.);
#3012=ORIENTED_EDGE('',*,*,#2248,.T.);
#3013=ORIENTED_EDGE('',*,*,#2251,.F.);
#3014=ORIENTED_EDGE('',*,*,#2252,.F.);
#3015=ORIENTED_EDGE('',*,*,#2253,.T.);
#3016=ORIENTED_EDGE('',*,*,#2250,.T.);
#3017=ORIENTED_EDGE('',*,*,#2253,.F.);
#3018=ORIENTED_EDGE('',*,*,#2254,.F.);
#3019=ORIENTED_EDGE('',*,*,#2255,.T.);
#3020=ORIENTED_EDGE('',*,*,#2252,.T.);
#3021=ORIENTED_EDGE('',*,*,#2255,.F.);
#3022=ORIENTED_EDGE('',*,*,#2256,.F.);
#3023=ORIENTED_EDGE('',*,*,#2257,.T.);
#3024=ORIENTED_EDGE('',*,*,#2254,.T.);
#3025=ORIENTED_EDGE('',*,*,#2257,.F.);
#3026=ORIENTED_EDGE('',*,*,#2258,.F.);
#3027=ORIENTED_EDGE('',*,*,#2259,.T.);
#3028=ORIENTED_EDGE('',*,*,#2256,.T.);
#3029=ORIENTED_EDGE('',*,*,#2259,.F.);
#3030=ORIENTED_EDGE('',*,*,#2260,.F.);
#3031=ORIENTED_EDGE('',*,*,#2261,.T.);
#3032=ORIENTED_EDGE('',*,*,#2258,.T.);
#3033=ORIENTED_EDGE('',*,*,#2261,.F.);
#3034=ORIENTED_EDGE('',*,*,#2262,.F.);
#3035=ORIENTED_EDGE('',*,*,#2263,.T.);
#3036=ORIENTED_EDGE('',*,*,#2260,.T.);
#3037=ORIENTED_EDGE('',*,*,#2263,.F.);
#3038=ORIENTED_EDGE('',*,*,#2264,.F.);
#3039=ORIENTED_EDGE('',*,*,#2265,.T.);
#3040=ORIENTED_EDGE('',*,*,#2262,.T.);
#3041=ORIENTED_EDGE('',*,*,#2265,.F.);
#3042=ORIENTED_EDGE('',*,*,#2266,.F.);
#3043=ORIENTED_EDGE('',*,*,#2267,.T.);
#3044=ORIENTED_EDGE('',*,*,#2264,.T.);
#3045=ORIENTED_EDGE('',*,*,#2267,.F.);
#3046=ORIENTED_EDGE('',*,*,#2268,.F.);
#3047=ORIENTED_EDGE('',*,*,#2269,.T.);
#3048=ORIENTED_EDGE('',*,*,#2266,.T.);
#3049=ORIENTED_EDGE('',*,*,#2269,.F.);
#3050=ORIENTED_EDGE('',*,*,#2270,.F.);
#3051=ORIENTED_EDGE('',*,*,#2271,.T.);
#3052=ORIENTED_EDGE('',*,*,#2268,.T.);
#3053=ORIENTED_EDGE('',*,*,#2271,.F.);
#3054=ORIENTED_EDGE('',*,*,#2272,.F.);
#3055=ORIENTED_EDGE('',*,*,#2273,.T.);
#3056=ORIENTED_EDGE('',*,*,#2270,.T.);
#3057=ORIENTED_EDGE('',*,*,#2273,.F.);
#3058=ORIENTED_EDGE('',*,*,#2274,.F.);
#3059=ORIENTED_EDGE('',*,*,#2275,.T.);
#3060=ORIENTED_EDGE('',*,*,#2272,.T.);
#3061=ORIENTED_EDGE('',*,*,#2275,.F.);
#3062=ORIENTED_EDGE('',*,*,#2276,.F.);
#3063=ORIENTED_EDGE('',*,*,#2277,.T.);
#3064=ORIENTED_EDGE('',*,*,#2274,.T.);
#3065=ORIENTED_EDGE('',*,*,#2277,.F.);
#3066=ORIENTED_EDGE('',*,*,#2278,.F.);
#3067=ORIENTED_EDGE('',*,*,#2279,.T.);
#3068=ORIENTED_EDGE('',*,*,#2276,.T.);
#3069=ORIENTED_EDGE('',*,*,#2279,.F.);
#3070=ORIENTED_EDGE('',*,*,#2280,.F.);
#3071=ORIENTED_EDGE('',*,*,#2281,.T.);
#3072=ORIENTED_EDGE('',*,*,#2278,.T.);
#3073=ORIENTED_EDGE('',*,*,#2281,.F.);
#3074=ORIENTED_EDGE('',*,*,#2282,.F.);
#3075=ORIENTED_EDGE('',*,*,#2283,.T.);
#3076=ORIENTED_EDGE('',*,*,#2280,.T.);
#3077=ORIENTED_EDGE('',*,*,#2283,.F.);
#3078=ORIENTED_EDGE('',*,*,#2284,.F.);
#3079=ORIENTED_EDGE('',*,*,#2285,.T.);
#3080=ORIENTED_EDGE('',*,*,#2282,.T.);
#3081=ORIENTED_EDGE('',*,*,#2285,.F.);
#3082=ORIENTED_EDGE('',*,*,#2286,.F.);
#3083=ORIENTED_EDGE('',*,*,#2287,.T.);
#3084=ORIENTED_EDGE('',*,*,#2284,.T.);
#3085=ORIENTED_EDGE('',*,*,#2287,.F.);
#3086=ORIENTED_EDGE('',*,*,#2288,.F.);
#3087=ORIENTED_EDGE('',*,*,#2289,.T.);
#3088=ORIENTED_EDGE('',*,*,#2286,.T.);
#3089=ORIENTED_EDGE('',*,*,#2289,.F.);
#3090=ORIENTED_EDGE('',*,*,#2290,.F.);
#3091=ORIENTED_EDGE('',*,*,#2291,.T.);
#3092=ORIENTED_EDGE('',*,*,#2288,.T.);
#3093=ORIENTED_EDGE('',*,*,#2291,.F.);
#3094=ORIENTED_EDGE('',*,*,#2292,.F.);
#3095=ORIENTED_EDGE('',*,*,#2293,.T.);
#3096=ORIENTED_EDGE('',*,*,#2290,.T.);
#3097=ORIENTED_EDGE('',*,*,#2293,.F.);
#3098=ORIENTED_EDGE('',*,*,#2294,.F.);
#3099=ORIENTED_EDGE('',*,*,#2295,.T.);
#3100=ORIENTED_EDGE('',*,*,#2292,.T.);
#3101=ORIENTED_EDGE('',*,*,#2295,.F.);
#3102=ORIENTED_EDGE('',*,*,#2296,.F.);
#3103=ORIENTED_EDGE('',*,*,#2297,.T.);
#3104=ORIENTED_EDGE('',*,*,#2294,.T.);
#3105=ORIENTED_EDGE('',*,*,#2297,.F.);
#3106=ORIENTED_EDGE('',*,*,#2298,.F.);
#3107=ORIENTED_EDGE('',*,*,#2299,.T.);
#3108=ORIENTED_EDGE('',*,*,#2296,.T.);
#3109=ORIENTED_EDGE('',*,*,#2299,.F.);
#3110=ORIENTED_EDGE('',*,*,#2300,.F.);
#3111=ORIENTED_EDGE('',*,*,#2301,.T.);
#3112=ORIENTED_EDGE('',*,*,#2298,.T.);
#3113=ORIENTED_EDGE('',*,*,#2301,.F.);
#3114=ORIENTED_EDGE('',*,*,#2302,.F.);
#3115=ORIENTED_EDGE('',*,*,#2303,.T.);
#3116=ORIENTED_EDGE('',*,*,#2300,.T.);
#3117=ORIENTED_EDGE('',*,*,#2303,.F.);
#3118=ORIENTED_EDGE('',*,*,#2304,.F.);
#3119=ORIENTED_EDGE('',*,*,#2305,.T.);
#3120=ORIENTED_EDGE('',*,*,#2302,.T.);
#3121=ORIENTED_EDGE('',*,*,#2305,.F.);
#3122=ORIENTED_EDGE('',*,*,#2306,.F.);
#3123=ORIENTED_EDGE('',*,*,#2307,.T.);
#3124=ORIENTED_EDGE('',*,*,#2304,.T.);
#3125=ORIENTED_EDGE('',*,*,#2307,.F.);
#3126=ORIENTED_EDGE('',*,*,#2308,.F.);
#3127=ORIENTED_EDGE('',*,*,#2309,.T.);
#3128=ORIENTED_EDGE('',*,*,#2306,.T.);
#3129=ORIENTED_EDGE('',*,*,#2309,.F.);
#3130=ORIENTED_EDGE('',*,*,#2310,.F.);
#3131=ORIENTED_EDGE('',*,*,#2311,.T.);
#3132=ORIENTED_EDGE('',*,*,#2308,.T.);
#3133=ORIENTED_EDGE('',*,*,#2311,.F.);
#3134=ORIENTED_EDGE('',*,*,#2312,.F.);
#3135=ORIENTED_EDGE('',*,*,#2313,.T.);
#3136=ORIENTED_EDGE('',*,*,#2310,.T.);
#3137=ORIENTED_EDGE('',*,*,#2313,.F.);
#3138=ORIENTED_EDGE('',*,*,#2314,.F.);
#3139=ORIENTED_EDGE('',*,*,#2315,.T.);
#3140=ORIENTED_EDGE('',*,*,#2312,.T.);
#3141=ORIENTED_EDGE('',*,*,#2315,.F.);
#3142=ORIENTED_EDGE('',*,*,#2203,.F.);
#3143=ORIENTED_EDGE('',*,*,#2316,.T.);
#3144=ORIENTED_EDGE('',*,*,#2314,.T.);
#3145=ORIENTED_EDGE('',*,*,#2316,.F.);
#3146=ORIENTED_EDGE('',*,*,#2317,.F.);
#3147=ORIENTED_EDGE('',*,*,#2318,.F.);
#3148=ORIENTED_EDGE('',*,*,#2319,.T.);
#3149=ORIENTED_EDGE('',*,*,#2320,.F.);
#3150=ORIENTED_EDGE('',*,*,#2321,.F.);
#3151=ORIENTED_EDGE('',*,*,#2319,.F.);
#3152=ORIENTED_EDGE('',*,*,#2322,.F.);
#3153=ORIENTED_EDGE('',*,*,#2323,.F.);
#3154=ORIENTED_EDGE('',*,*,#2324,.F.);
#3155=ORIENTED_EDGE('',*,*,#2325,.T.);
#3156=ORIENTED_EDGE('',*,*,#2326,.F.);
#3157=ORIENTED_EDGE('',*,*,#2327,.F.);
#3158=ORIENTED_EDGE('',*,*,#2325,.F.);
#3159=ORIENTED_EDGE('',*,*,#2328,.F.);
#3160=ORIENTED_EDGE('',*,*,#2329,.F.);
#3161=ORIENTED_EDGE('',*,*,#2330,.T.);
#3162=ORIENTED_EDGE('',*,*,#2331,.T.);
#3163=ORIENTED_EDGE('',*,*,#2332,.T.);
#3164=ORIENTED_EDGE('',*,*,#2333,.T.);
#3165=ORIENTED_EDGE('',*,*,#2332,.F.);
#3166=ORIENTED_EDGE('',*,*,#2321,.T.);
#3167=ORIENTED_EDGE('',*,*,#2320,.T.);
#3168=ORIENTED_EDGE('',*,*,#2331,.F.);
#3169=ORIENTED_EDGE('',*,*,#2327,.T.);
#3170=ORIENTED_EDGE('',*,*,#2326,.T.);
#3171=ORIENTED_EDGE('',*,*,#2330,.F.);
#3172=ORIENTED_EDGE('',*,*,#2334,.F.);
#3173=ORIENTED_EDGE('',*,*,#2335,.T.);
#3174=ORIENTED_EDGE('',*,*,#2336,.T.);
#3175=ORIENTED_EDGE('',*,*,#2335,.F.);
#3176=ORIENTED_EDGE('',*,*,#2317,.T.);
#3177=ORIENTED_EDGE('',*,*,#2322,.T.);
#3178=ORIENTED_EDGE('',*,*,#2318,.T.);
#3179=ORIENTED_EDGE('',*,*,#2323,.T.);
#3180=ORIENTED_EDGE('',*,*,#2328,.T.);
#3181=ORIENTED_EDGE('',*,*,#2324,.T.);
#3182=ORIENTED_EDGE('',*,*,#2334,.T.);
#3183=ORIENTED_EDGE('',*,*,#2329,.T.);
#3184=ORIENTED_EDGE('',*,*,#2336,.F.);
#3185=ORIENTED_EDGE('',*,*,#2333,.F.);
#3186=ORIENTED_EDGE('',*,*,#2337,.T.);
#3187=ORIENTED_EDGE('',*,*,#2338,.T.);
#3188=ORIENTED_EDGE('',*,*,#2339,.T.);
#3189=ORIENTED_EDGE('',*,*,#2340,.T.);
#3190=ORIENTED_EDGE('',*,*,#2341,.T.);
#3191=ORIENTED_EDGE('',*,*,#2342,.T.);
#3192=ORIENTED_EDGE('',*,*,#2343,.T.);
#3193=ORIENTED_EDGE('',*,*,#2344,.T.);
#3194=ORIENTED_EDGE('',*,*,#2345,.T.);
#3195=ORIENTED_EDGE('',*,*,#2346,.T.);
#3196=ORIENTED_EDGE('',*,*,#2347,.T.);
#3197=ORIENTED_EDGE('',*,*,#2348,.T.);
#3198=ORIENTED_EDGE('',*,*,#2349,.T.);
#3199=ORIENTED_EDGE('',*,*,#2350,.T.);
#3200=ORIENTED_EDGE('',*,*,#2351,.T.);
#3201=ORIENTED_EDGE('',*,*,#2352,.T.);
#3202=ORIENTED_EDGE('',*,*,#2353,.F.);
#3203=ORIENTED_EDGE('',*,*,#2354,.F.);
#3204=ORIENTED_EDGE('',*,*,#2355,.F.);
#3205=ORIENTED_EDGE('',*,*,#2356,.F.);
#3206=ORIENTED_EDGE('',*,*,#2357,.F.);
#3207=ORIENTED_EDGE('',*,*,#2358,.F.);
#3208=ORIENTED_EDGE('',*,*,#2359,.F.);
#3209=ORIENTED_EDGE('',*,*,#2360,.F.);
#3210=ORIENTED_EDGE('',*,*,#2361,.F.);
#3211=ORIENTED_EDGE('',*,*,#2362,.F.);
#3212=ORIENTED_EDGE('',*,*,#2357,.T.);
#3213=ORIENTED_EDGE('',*,*,#2363,.T.);
#3214=ORIENTED_EDGE('',*,*,#2364,.T.);
#3215=ORIENTED_EDGE('',*,*,#2365,.F.);
#3216=ORIENTED_EDGE('',*,*,#2366,.T.);
#3217=ORIENTED_EDGE('',*,*,#2367,.F.);
#3218=ORIENTED_EDGE('',*,*,#2368,.T.);
#3219=ORIENTED_EDGE('',*,*,#2369,.T.);
#3220=ORIENTED_EDGE('',*,*,#2366,.F.);
#3221=ORIENTED_EDGE('',*,*,#2370,.F.);
#3222=ORIENTED_EDGE('',*,*,#2353,.T.);
#3223=ORIENTED_EDGE('',*,*,#2371,.F.);
#3224=ORIENTED_EDGE('',*,*,#2369,.F.);
#3225=ORIENTED_EDGE('',*,*,#2372,.T.);
#3226=ORIENTED_EDGE('',*,*,#2354,.T.);
#3227=ORIENTED_EDGE('',*,*,#2370,.T.);
#3228=ORIENTED_EDGE('',*,*,#2373,.T.);
#3229=ORIENTED_EDGE('',*,*,#2374,.T.);
#3230=ORIENTED_EDGE('',*,*,#2375,.T.);
#3231=ORIENTED_EDGE('',*,*,#2376,.T.);
#3232=ORIENTED_EDGE('',*,*,#2375,.F.);
#3233=ORIENTED_EDGE('',*,*,#2377,.F.);
#3234=ORIENTED_EDGE('',*,*,#2378,.F.);
#3235=ORIENTED_EDGE('',*,*,#2379,.F.);
#3236=ORIENTED_EDGE('',*,*,#2380,.T.);
#3237=ORIENTED_EDGE('',*,*,#2338,.F.);
#3238=ORIENTED_EDGE('',*,*,#2381,.F.);
#3239=ORIENTED_EDGE('',*,*,#2374,.F.);
#3240=ORIENTED_EDGE('',*,*,#2382,.T.);
#3241=ORIENTED_EDGE('',*,*,#2383,.T.);
#3242=ORIENTED_EDGE('',*,*,#2384,.T.);
#3243=ORIENTED_EDGE('',*,*,#2363,.F.);
#3244=ORIENTED_EDGE('',*,*,#2356,.T.);
#3245=ORIENTED_EDGE('',*,*,#2385,.T.);
#3246=ORIENTED_EDGE('',*,*,#2367,.T.);
#3247=ORIENTED_EDGE('',*,*,#2371,.T.);
#3248=ORIENTED_EDGE('',*,*,#2360,.T.);
#3249=ORIENTED_EDGE('',*,*,#2386,.F.);
#3250=ORIENTED_EDGE('',*,*,#2387,.T.);
#3251=ORIENTED_EDGE('',*,*,#2388,.F.);
#3252=ORIENTED_EDGE('',*,*,#2389,.T.);
#3253=ORIENTED_EDGE('',*,*,#2390,.T.);
#3254=ORIENTED_EDGE('',*,*,#2391,.F.);
#3255=ORIENTED_EDGE('',*,*,#2392,.T.);
#3256=ORIENTED_EDGE('',*,*,#2377,.T.);
#3257=ORIENTED_EDGE('',*,*,#2393,.T.);
#3258=ORIENTED_EDGE('',*,*,#2391,.T.);
#3259=ORIENTED_EDGE('',*,*,#2394,.T.);
#3260=ORIENTED_EDGE('',*,*,#2395,.T.);
#3261=ORIENTED_EDGE('',*,*,#2394,.F.);
#3262=ORIENTED_EDGE('',*,*,#2390,.F.);
#3263=ORIENTED_EDGE('',*,*,#2396,.F.);
#3264=ORIENTED_EDGE('',*,*,#2397,.F.);
#3265=ORIENTED_EDGE('',*,*,#2398,.T.);
#3266=ORIENTED_EDGE('',*,*,#2350,.F.);
#3267=ORIENTED_EDGE('',*,*,#2399,.F.);
#3268=ORIENTED_EDGE('',*,*,#2400,.T.);
#3269=ORIENTED_EDGE('',*,*,#2388,.T.);
#3270=ORIENTED_EDGE('',*,*,#2401,.T.);
#3271=ORIENTED_EDGE('',*,*,#2402,.T.);
#3272=ORIENTED_EDGE('',*,*,#2401,.F.);
#3273=ORIENTED_EDGE('',*,*,#2387,.F.);
#3274=ORIENTED_EDGE('',*,*,#2403,.F.);
#3275=ORIENTED_EDGE('',*,*,#2404,.F.);
#3276=ORIENTED_EDGE('',*,*,#2405,.T.);
#3277=ORIENTED_EDGE('',*,*,#2342,.F.);
#3278=ORIENTED_EDGE('',*,*,#2406,.F.);
#3279=ORIENTED_EDGE('',*,*,#2368,.F.);
#3280=ORIENTED_EDGE('',*,*,#2385,.F.);
#3281=ORIENTED_EDGE('',*,*,#2355,.T.);
#3282=ORIENTED_EDGE('',*,*,#2372,.F.);
#3283=ORIENTED_EDGE('',*,*,#2407,.F.);
#3284=ORIENTED_EDGE('',*,*,#2408,.T.);
#3285=ORIENTED_EDGE('',*,*,#2343,.F.);
#3286=ORIENTED_EDGE('',*,*,#2405,.F.);
#3287=ORIENTED_EDGE('',*,*,#2409,.F.);
#3288=ORIENTED_EDGE('',*,*,#2410,.T.);
#3289=ORIENTED_EDGE('',*,*,#2351,.F.);
#3290=ORIENTED_EDGE('',*,*,#2398,.F.);
#3291=ORIENTED_EDGE('',*,*,#2411,.F.);
#3292=ORIENTED_EDGE('',*,*,#2412,.T.);
#3293=ORIENTED_EDGE('',*,*,#2346,.F.);
#3294=ORIENTED_EDGE('',*,*,#2413,.F.);
#3295=ORIENTED_EDGE('',*,*,#2414,.F.);
#3296=ORIENTED_EDGE('',*,*,#2415,.T.);
#3297=ORIENTED_EDGE('',*,*,#2340,.F.);
#3298=ORIENTED_EDGE('',*,*,#2416,.F.);
#3299=ORIENTED_EDGE('',*,*,#2417,.F.);
#3300=ORIENTED_EDGE('',*,*,#2416,.T.);
#3301=ORIENTED_EDGE('',*,*,#2339,.F.);
#3302=ORIENTED_EDGE('',*,*,#2380,.F.);
#3303=ORIENTED_EDGE('',*,*,#2418,.F.);
#3304=ORIENTED_EDGE('',*,*,#2419,.F.);
#3305=ORIENTED_EDGE('',*,*,#2364,.F.);
#3306=ORIENTED_EDGE('',*,*,#2384,.F.);
#3307=ORIENTED_EDGE('',*,*,#2420,.T.);
#3308=ORIENTED_EDGE('',*,*,#2348,.F.);
#3309=ORIENTED_EDGE('',*,*,#2421,.F.);
#3310=ORIENTED_EDGE('',*,*,#2422,.F.);
#3311=ORIENTED_EDGE('',*,*,#2420,.F.);
#3312=ORIENTED_EDGE('',*,*,#2383,.F.);
#3313=ORIENTED_EDGE('',*,*,#2423,.F.);
#3314=ORIENTED_EDGE('',*,*,#2424,.F.);
#3315=ORIENTED_EDGE('',*,*,#2413,.T.);
#3316=ORIENTED_EDGE('',*,*,#2345,.F.);
#3317=ORIENTED_EDGE('',*,*,#2373,.F.);
#3318=ORIENTED_EDGE('',*,*,#2425,.F.);
#3319=ORIENTED_EDGE('',*,*,#2426,.F.);
#3320=ORIENTED_EDGE('',*,*,#2423,.T.);
#3321=ORIENTED_EDGE('',*,*,#2382,.F.);
#3322=ORIENTED_EDGE('',*,*,#2376,.F.);
#3323=ORIENTED_EDGE('',*,*,#2381,.T.);
#3324=ORIENTED_EDGE('',*,*,#2337,.F.);
#3325=ORIENTED_EDGE('',*,*,#2415,.F.);
#3326=ORIENTED_EDGE('',*,*,#2427,.F.);
#3327=ORIENTED_EDGE('',*,*,#2425,.T.);
#3328=ORIENTED_EDGE('',*,*,#2393,.F.);
#3329=ORIENTED_EDGE('',*,*,#2428,.T.);
#3330=ORIENTED_EDGE('',*,*,#2352,.F.);
#3331=ORIENTED_EDGE('',*,*,#2410,.F.);
#3332=ORIENTED_EDGE('',*,*,#2429,.F.);
#3333=ORIENTED_EDGE('',*,*,#2378,.T.);
#3334=ORIENTED_EDGE('',*,*,#2392,.F.);
#3335=ORIENTED_EDGE('',*,*,#2395,.F.);
#3336=ORIENTED_EDGE('',*,*,#2399,.T.);
#3337=ORIENTED_EDGE('',*,*,#2349,.F.);
#3338=ORIENTED_EDGE('',*,*,#2428,.F.);
#3339=ORIENTED_EDGE('',*,*,#2400,.F.);
#3340=ORIENTED_EDGE('',*,*,#2430,.T.);
#3341=ORIENTED_EDGE('',*,*,#2344,.F.);
#3342=ORIENTED_EDGE('',*,*,#2408,.F.);
#3343=ORIENTED_EDGE('',*,*,#2431,.F.);
#3344=ORIENTED_EDGE('',*,*,#2396,.T.);
#3345=ORIENTED_EDGE('',*,*,#2389,.F.);
#3346=ORIENTED_EDGE('',*,*,#2402,.F.);
#3347=ORIENTED_EDGE('',*,*,#2406,.T.);
#3348=ORIENTED_EDGE('',*,*,#2341,.F.);
#3349=ORIENTED_EDGE('',*,*,#2430,.F.);
#3350=ORIENTED_EDGE('',*,*,#2359,.T.);
#3351=ORIENTED_EDGE('',*,*,#2432,.T.);
#3352=ORIENTED_EDGE('',*,*,#2418,.T.);
#3353=ORIENTED_EDGE('',*,*,#2347,.F.);
#3354=ORIENTED_EDGE('',*,*,#2412,.F.);
#3355=ORIENTED_EDGE('',*,*,#2433,.F.);
#3356=ORIENTED_EDGE('',*,*,#2403,.T.);
#3357=ORIENTED_EDGE('',*,*,#2386,.T.);
#3358=ORIENTED_EDGE('',*,*,#2422,.T.);
#3359=ORIENTED_EDGE('',*,*,#2434,.T.);
#3360=ORIENTED_EDGE('',*,*,#2362,.T.);
#3361=ORIENTED_EDGE('',*,*,#2434,.F.);
#3362=ORIENTED_EDGE('',*,*,#2421,.T.);
#3363=ORIENTED_EDGE('',*,*,#2435,.T.);
#3364=ORIENTED_EDGE('',*,*,#2361,.T.);
#3365=ORIENTED_EDGE('',*,*,#2435,.F.);
#3366=ORIENTED_EDGE('',*,*,#2358,.T.);
#3367=ORIENTED_EDGE('',*,*,#2365,.T.);
#3368=ORIENTED_EDGE('',*,*,#2419,.T.);
#3369=ORIENTED_EDGE('',*,*,#2432,.F.);
#3370=ORIENTED_EDGE('',*,*,#2407,.T.);
#3371=ORIENTED_EDGE('',*,*,#2404,.T.);
#3372=ORIENTED_EDGE('',*,*,#2433,.T.);
#3373=ORIENTED_EDGE('',*,*,#2411,.T.);
#3374=ORIENTED_EDGE('',*,*,#2424,.T.);
#3375=ORIENTED_EDGE('',*,*,#2426,.T.);
#3376=ORIENTED_EDGE('',*,*,#2427,.T.);
#3377=ORIENTED_EDGE('',*,*,#2414,.T.);
#3378=ORIENTED_EDGE('',*,*,#2417,.T.);
#3379=ORIENTED_EDGE('',*,*,#2379,.T.);
#3380=ORIENTED_EDGE('',*,*,#2429,.T.);
#3381=ORIENTED_EDGE('',*,*,#2409,.T.);
#3382=ORIENTED_EDGE('',*,*,#2397,.T.);
#3383=ORIENTED_EDGE('',*,*,#2431,.T.);
#3384=ORIENTED_EDGE('',*,*,#2436,.T.);
#3385=ORIENTED_EDGE('',*,*,#2437,.T.);
#3386=ORIENTED_EDGE('',*,*,#2438,.T.);
#3387=ORIENTED_EDGE('',*,*,#2439,.T.);
#3388=ORIENTED_EDGE('',*,*,#2440,.T.);
#3389=ORIENTED_EDGE('',*,*,#2441,.T.);
#3390=ORIENTED_EDGE('',*,*,#2442,.T.);
#3391=ORIENTED_EDGE('',*,*,#2443,.T.);
#3392=ORIENTED_EDGE('',*,*,#2444,.T.);
#3393=ORIENTED_EDGE('',*,*,#2445,.T.);
#3394=ORIENTED_EDGE('',*,*,#2446,.T.);
#3395=ORIENTED_EDGE('',*,*,#2447,.T.);
#3396=ORIENTED_EDGE('',*,*,#2441,.F.);
#3397=ORIENTED_EDGE('',*,*,#2448,.F.);
#3398=ORIENTED_EDGE('',*,*,#2449,.F.);
#3399=ORIENTED_EDGE('',*,*,#2450,.T.);
#3400=ORIENTED_EDGE('',*,*,#2440,.F.);
#3401=ORIENTED_EDGE('',*,*,#2451,.F.);
#3402=ORIENTED_EDGE('',*,*,#2452,.F.);
#3403=ORIENTED_EDGE('',*,*,#2448,.T.);
#3404=ORIENTED_EDGE('',*,*,#2439,.F.);
#3405=ORIENTED_EDGE('',*,*,#2453,.F.);
#3406=ORIENTED_EDGE('',*,*,#2454,.F.);
#3407=ORIENTED_EDGE('',*,*,#2451,.T.);
#3408=ORIENTED_EDGE('',*,*,#2438,.F.);
#3409=ORIENTED_EDGE('',*,*,#2455,.F.);
#3410=ORIENTED_EDGE('',*,*,#2456,.F.);
#3411=ORIENTED_EDGE('',*,*,#2453,.T.);
#3412=ORIENTED_EDGE('',*,*,#2437,.F.);
#3413=ORIENTED_EDGE('',*,*,#2457,.F.);
#3414=ORIENTED_EDGE('',*,*,#2458,.F.);
#3415=ORIENTED_EDGE('',*,*,#2455,.T.);
#3416=ORIENTED_EDGE('',*,*,#2436,.F.);
#3417=ORIENTED_EDGE('',*,*,#2459,.F.);
#3418=ORIENTED_EDGE('',*,*,#2460,.F.);
#3419=ORIENTED_EDGE('',*,*,#2457,.T.);
#3420=ORIENTED_EDGE('',*,*,#2447,.F.);
#3421=ORIENTED_EDGE('',*,*,#2461,.F.);
#3422=ORIENTED_EDGE('',*,*,#2462,.F.);
#3423=ORIENTED_EDGE('',*,*,#2459,.T.);
#3424=ORIENTED_EDGE('',*,*,#2446,.F.);
#3425=ORIENTED_EDGE('',*,*,#2463,.F.);
#3426=ORIENTED_EDGE('',*,*,#2464,.F.);
#3427=ORIENTED_EDGE('',*,*,#2461,.T.);
#3428=ORIENTED_EDGE('',*,*,#2445,.F.);
#3429=ORIENTED_EDGE('',*,*,#2465,.F.);
#3430=ORIENTED_EDGE('',*,*,#2466,.F.);
#3431=ORIENTED_EDGE('',*,*,#2463,.T.);
#3432=ORIENTED_EDGE('',*,*,#2444,.F.);
#3433=ORIENTED_EDGE('',*,*,#2467,.F.);
#3434=ORIENTED_EDGE('',*,*,#2468,.F.);
#3435=ORIENTED_EDGE('',*,*,#2465,.T.);
#3436=ORIENTED_EDGE('',*,*,#2443,.F.);
#3437=ORIENTED_EDGE('',*,*,#2469,.F.);
#3438=ORIENTED_EDGE('',*,*,#2470,.F.);
#3439=ORIENTED_EDGE('',*,*,#2467,.T.);
#3440=ORIENTED_EDGE('',*,*,#2442,.F.);
#3441=ORIENTED_EDGE('',*,*,#2450,.F.);
#3442=ORIENTED_EDGE('',*,*,#2471,.F.);
#3443=ORIENTED_EDGE('',*,*,#2469,.T.);
#3444=ORIENTED_EDGE('',*,*,#2472,.F.);
#3445=ORIENTED_EDGE('',*,*,#2473,.T.);
#3446=ORIENTED_EDGE('',*,*,#2474,.F.);
#3447=ORIENTED_EDGE('',*,*,#2475,.F.);
#3448=ORIENTED_EDGE('',*,*,#2476,.F.);
#3449=ORIENTED_EDGE('',*,*,#2475,.T.);
#3450=ORIENTED_EDGE('',*,*,#2477,.F.);
#3451=ORIENTED_EDGE('',*,*,#2478,.F.);
#3452=ORIENTED_EDGE('',*,*,#2479,.F.);
#3453=ORIENTED_EDGE('',*,*,#2478,.T.);
#3454=ORIENTED_EDGE('',*,*,#2480,.F.);
#3455=ORIENTED_EDGE('',*,*,#2473,.F.);
#3456=ORIENTED_EDGE('',*,*,#2480,.T.);
#3457=ORIENTED_EDGE('',*,*,#2477,.T.);
#3458=ORIENTED_EDGE('',*,*,#2474,.T.);
#3459=ORIENTED_EDGE('',*,*,#2481,.T.);
#3460=ORIENTED_EDGE('',*,*,#2482,.T.);
#3461=ORIENTED_EDGE('',*,*,#2483,.T.);
#3462=ORIENTED_EDGE('',*,*,#2484,.T.);
#3463=ORIENTED_EDGE('',*,*,#2485,.T.);
#3464=ORIENTED_EDGE('',*,*,#2486,.T.);
#3465=ORIENTED_EDGE('',*,*,#2487,.T.);
#3466=ORIENTED_EDGE('',*,*,#2488,.T.);
#3467=ORIENTED_EDGE('',*,*,#2489,.T.);
#3468=ORIENTED_EDGE('',*,*,#2485,.F.);
#3469=ORIENTED_EDGE('',*,*,#2490,.F.);
#3470=ORIENTED_EDGE('',*,*,#2491,.F.);
#3471=ORIENTED_EDGE('',*,*,#2492,.T.);
#3472=ORIENTED_EDGE('',*,*,#2484,.F.);
#3473=ORIENTED_EDGE('',*,*,#2493,.F.);
#3474=ORIENTED_EDGE('',*,*,#2494,.F.);
#3475=ORIENTED_EDGE('',*,*,#2490,.T.);
#3476=ORIENTED_EDGE('',*,*,#2483,.F.);
#3477=ORIENTED_EDGE('',*,*,#2495,.F.);
#3478=ORIENTED_EDGE('',*,*,#2496,.F.);
#3479=ORIENTED_EDGE('',*,*,#2493,.T.);
#3480=ORIENTED_EDGE('',*,*,#2482,.F.);
#3481=ORIENTED_EDGE('',*,*,#2497,.F.);
#3482=ORIENTED_EDGE('',*,*,#2498,.F.);
#3483=ORIENTED_EDGE('',*,*,#2495,.T.);
#3484=ORIENTED_EDGE('',*,*,#2481,.F.);
#3485=ORIENTED_EDGE('',*,*,#2499,.F.);
#3486=ORIENTED_EDGE('',*,*,#2500,.F.);
#3487=ORIENTED_EDGE('',*,*,#2497,.T.);
#3488=ORIENTED_EDGE('',*,*,#2489,.F.);
#3489=ORIENTED_EDGE('',*,*,#2501,.F.);
#3490=ORIENTED_EDGE('',*,*,#2502,.F.);
#3491=ORIENTED_EDGE('',*,*,#2499,.T.);
#3492=ORIENTED_EDGE('',*,*,#2488,.F.);
#3493=ORIENTED_EDGE('',*,*,#2503,.F.);
#3494=ORIENTED_EDGE('',*,*,#2504,.F.);
#3495=ORIENTED_EDGE('',*,*,#2501,.T.);
#3496=ORIENTED_EDGE('',*,*,#2487,.F.);
#3497=ORIENTED_EDGE('',*,*,#2505,.F.);
#3498=ORIENTED_EDGE('',*,*,#2506,.F.);
#3499=ORIENTED_EDGE('',*,*,#2503,.T.);
#3500=ORIENTED_EDGE('',*,*,#2486,.F.);
#3501=ORIENTED_EDGE('',*,*,#2492,.F.);
#3502=ORIENTED_EDGE('',*,*,#2507,.F.);
#3503=ORIENTED_EDGE('',*,*,#2505,.T.);
#3504=ORIENTED_EDGE('',*,*,#2508,.F.);
#3505=ORIENTED_EDGE('',*,*,#2509,.T.);
#3506=ORIENTED_EDGE('',*,*,#2510,.F.);
#3507=ORIENTED_EDGE('',*,*,#2511,.F.);
#3508=ORIENTED_EDGE('',*,*,#2512,.F.);
#3509=ORIENTED_EDGE('',*,*,#2511,.T.);
#3510=ORIENTED_EDGE('',*,*,#2513,.F.);
#3511=ORIENTED_EDGE('',*,*,#2514,.F.);
#3512=ORIENTED_EDGE('',*,*,#2515,.F.);
#3513=ORIENTED_EDGE('',*,*,#2514,.T.);
#3514=ORIENTED_EDGE('',*,*,#2516,.F.);
#3515=ORIENTED_EDGE('',*,*,#2509,.F.);
#3516=ORIENTED_EDGE('',*,*,#2516,.T.);
#3517=ORIENTED_EDGE('',*,*,#2513,.T.);
#3518=ORIENTED_EDGE('',*,*,#2510,.T.);
#3519=ORIENTED_EDGE('',*,*,#2517,.T.);
#3520=ORIENTED_EDGE('',*,*,#2518,.T.);
#3521=ORIENTED_EDGE('',*,*,#2519,.T.);
#3522=ORIENTED_EDGE('',*,*,#2520,.T.);
#3523=ORIENTED_EDGE('',*,*,#2521,.T.);
#3524=ORIENTED_EDGE('',*,*,#2522,.T.);
#3525=ORIENTED_EDGE('',*,*,#2523,.T.);
#3526=ORIENTED_EDGE('',*,*,#2524,.T.);
#3527=ORIENTED_EDGE('',*,*,#2525,.T.);
#3528=ORIENTED_EDGE('',*,*,#2526,.T.);
#3529=ORIENTED_EDGE('',*,*,#2521,.F.);
#3530=ORIENTED_EDGE('',*,*,#2527,.F.);
#3531=ORIENTED_EDGE('',*,*,#2528,.F.);
#3532=ORIENTED_EDGE('',*,*,#2529,.T.);
#3533=ORIENTED_EDGE('',*,*,#2520,.F.);
#3534=ORIENTED_EDGE('',*,*,#2530,.F.);
#3535=ORIENTED_EDGE('',*,*,#2531,.F.);
#3536=ORIENTED_EDGE('',*,*,#2527,.T.);
#3537=ORIENTED_EDGE('',*,*,#2519,.F.);
#3538=ORIENTED_EDGE('',*,*,#2532,.F.);
#3539=ORIENTED_EDGE('',*,*,#2533,.F.);
#3540=ORIENTED_EDGE('',*,*,#2530,.T.);
#3541=ORIENTED_EDGE('',*,*,#2518,.F.);
#3542=ORIENTED_EDGE('',*,*,#2534,.F.);
#3543=ORIENTED_EDGE('',*,*,#2535,.F.);
#3544=ORIENTED_EDGE('',*,*,#2532,.T.);
#3545=ORIENTED_EDGE('',*,*,#2517,.F.);
#3546=ORIENTED_EDGE('',*,*,#2536,.F.);
#3547=ORIENTED_EDGE('',*,*,#2537,.F.);
#3548=ORIENTED_EDGE('',*,*,#2534,.T.);
#3549=ORIENTED_EDGE('',*,*,#2526,.F.);
#3550=ORIENTED_EDGE('',*,*,#2538,.F.);
#3551=ORIENTED_EDGE('',*,*,#2539,.F.);
#3552=ORIENTED_EDGE('',*,*,#2536,.T.);
#3553=ORIENTED_EDGE('',*,*,#2525,.F.);
#3554=ORIENTED_EDGE('',*,*,#2540,.F.);
#3555=ORIENTED_EDGE('',*,*,#2541,.F.);
#3556=ORIENTED_EDGE('',*,*,#2538,.T.);
#3557=ORIENTED_EDGE('',*,*,#2524,.F.);
#3558=ORIENTED_EDGE('',*,*,#2542,.F.);
#3559=ORIENTED_EDGE('',*,*,#2543,.F.);
#3560=ORIENTED_EDGE('',*,*,#2540,.T.);
#3561=ORIENTED_EDGE('',*,*,#2523,.F.);
#3562=ORIENTED_EDGE('',*,*,#2544,.F.);
#3563=ORIENTED_EDGE('',*,*,#2545,.F.);
#3564=ORIENTED_EDGE('',*,*,#2542,.T.);
#3565=ORIENTED_EDGE('',*,*,#2522,.F.);
#3566=ORIENTED_EDGE('',*,*,#2529,.F.);
#3567=ORIENTED_EDGE('',*,*,#2546,.F.);
#3568=ORIENTED_EDGE('',*,*,#2544,.T.);
#3569=ORIENTED_EDGE('',*,*,#2547,.F.);
#3570=ORIENTED_EDGE('',*,*,#2548,.T.);
#3571=ORIENTED_EDGE('',*,*,#2549,.F.);
#3572=ORIENTED_EDGE('',*,*,#2550,.F.);
#3573=ORIENTED_EDGE('',*,*,#2551,.F.);
#3574=ORIENTED_EDGE('',*,*,#2550,.T.);
#3575=ORIENTED_EDGE('',*,*,#2552,.F.);
#3576=ORIENTED_EDGE('',*,*,#2553,.F.);
#3577=ORIENTED_EDGE('',*,*,#2554,.F.);
#3578=ORIENTED_EDGE('',*,*,#2553,.T.);
#3579=ORIENTED_EDGE('',*,*,#2555,.F.);
#3580=ORIENTED_EDGE('',*,*,#2548,.F.);
#3581=ORIENTED_EDGE('',*,*,#2555,.T.);
#3582=ORIENTED_EDGE('',*,*,#2552,.T.);
#3583=ORIENTED_EDGE('',*,*,#2549,.T.);
#3584=ORIENTED_EDGE('',*,*,#2556,.F.);
#3585=ORIENTED_EDGE('',*,*,#2557,.T.);
#3586=ORIENTED_EDGE('',*,*,#2558,.T.);
#3587=ORIENTED_EDGE('',*,*,#2559,.F.);
#3588=ORIENTED_EDGE('',*,*,#2560,.F.);
#3589=ORIENTED_EDGE('',*,*,#2561,.T.);
#3590=ORIENTED_EDGE('',*,*,#2562,.T.);
#3591=ORIENTED_EDGE('',*,*,#2557,.F.);
#3592=ORIENTED_EDGE('',*,*,#2563,.F.);
#3593=ORIENTED_EDGE('',*,*,#2564,.T.);
#3594=ORIENTED_EDGE('',*,*,#2565,.T.);
#3595=ORIENTED_EDGE('',*,*,#2561,.F.);
#3596=ORIENTED_EDGE('',*,*,#2566,.F.);
#3597=ORIENTED_EDGE('',*,*,#2559,.T.);
#3598=ORIENTED_EDGE('',*,*,#2567,.T.);
#3599=ORIENTED_EDGE('',*,*,#2564,.F.);
#3600=ORIENTED_EDGE('',*,*,#2567,.F.);
#3601=ORIENTED_EDGE('',*,*,#2558,.F.);
#3602=ORIENTED_EDGE('',*,*,#2562,.F.);
#3603=ORIENTED_EDGE('',*,*,#2565,.F.);
#3604=ORIENTED_EDGE('',*,*,#2568,.T.);
#3605=ORIENTED_EDGE('',*,*,#2569,.T.);
#3606=ORIENTED_EDGE('',*,*,#2570,.F.);
#3607=ORIENTED_EDGE('',*,*,#2571,.F.);
#3608=ORIENTED_EDGE('',*,*,#2572,.T.);
#3609=ORIENTED_EDGE('',*,*,#2571,.T.);
#3610=ORIENTED_EDGE('',*,*,#2573,.F.);
#3611=ORIENTED_EDGE('',*,*,#2574,.F.);
#3612=ORIENTED_EDGE('',*,*,#2528,.T.);
#3613=ORIENTED_EDGE('',*,*,#2531,.T.);
#3614=ORIENTED_EDGE('',*,*,#2533,.T.);
#3615=ORIENTED_EDGE('',*,*,#2535,.T.);
#3616=ORIENTED_EDGE('',*,*,#2537,.T.);
#3617=ORIENTED_EDGE('',*,*,#2539,.T.);
#3618=ORIENTED_EDGE('',*,*,#2541,.T.);
#3619=ORIENTED_EDGE('',*,*,#2543,.T.);
#3620=ORIENTED_EDGE('',*,*,#2545,.T.);
#3621=ORIENTED_EDGE('',*,*,#2546,.T.);
#3622=ORIENTED_EDGE('',*,*,#2547,.T.);
#3623=ORIENTED_EDGE('',*,*,#2551,.T.);
#3624=ORIENTED_EDGE('',*,*,#2554,.T.);
#3625=ORIENTED_EDGE('',*,*,#2575,.T.);
#3626=ORIENTED_EDGE('',*,*,#2574,.T.);
#3627=ORIENTED_EDGE('',*,*,#2576,.F.);
#3628=ORIENTED_EDGE('',*,*,#2577,.F.);
#3629=ORIENTED_EDGE('',*,*,#2491,.T.);
#3630=ORIENTED_EDGE('',*,*,#2494,.T.);
#3631=ORIENTED_EDGE('',*,*,#2496,.T.);
#3632=ORIENTED_EDGE('',*,*,#2498,.T.);
#3633=ORIENTED_EDGE('',*,*,#2500,.T.);
#3634=ORIENTED_EDGE('',*,*,#2502,.T.);
#3635=ORIENTED_EDGE('',*,*,#2504,.T.);
#3636=ORIENTED_EDGE('',*,*,#2506,.T.);
#3637=ORIENTED_EDGE('',*,*,#2507,.T.);
#3638=ORIENTED_EDGE('',*,*,#2508,.T.);
#3639=ORIENTED_EDGE('',*,*,#2512,.T.);
#3640=ORIENTED_EDGE('',*,*,#2515,.T.);
#3641=ORIENTED_EDGE('',*,*,#2578,.T.);
#3642=ORIENTED_EDGE('',*,*,#2577,.T.);
#3643=ORIENTED_EDGE('',*,*,#2579,.F.);
#3644=ORIENTED_EDGE('',*,*,#2569,.F.);
#3645=ORIENTED_EDGE('',*,*,#2556,.T.);
#3646=ORIENTED_EDGE('',*,*,#2566,.T.);
#3647=ORIENTED_EDGE('',*,*,#2563,.T.);
#3648=ORIENTED_EDGE('',*,*,#2560,.T.);
#3649=ORIENTED_EDGE('',*,*,#2579,.T.);
#3650=ORIENTED_EDGE('',*,*,#2576,.T.);
#3651=ORIENTED_EDGE('',*,*,#2573,.T.);
#3652=ORIENTED_EDGE('',*,*,#2570,.T.);
#3653=ORIENTED_EDGE('',*,*,#2578,.F.);
#3654=ORIENTED_EDGE('',*,*,#2568,.F.);
#3655=ORIENTED_EDGE('',*,*,#2572,.F.);
#3656=ORIENTED_EDGE('',*,*,#2575,.F.);
#3657=ORIENTED_EDGE('',*,*,#2449,.T.);
#3658=ORIENTED_EDGE('',*,*,#2452,.T.);
#3659=ORIENTED_EDGE('',*,*,#2454,.T.);
#3660=ORIENTED_EDGE('',*,*,#2456,.T.);
#3661=ORIENTED_EDGE('',*,*,#2458,.T.);
#3662=ORIENTED_EDGE('',*,*,#2460,.T.);
#3663=ORIENTED_EDGE('',*,*,#2462,.T.);
#3664=ORIENTED_EDGE('',*,*,#2464,.T.);
#3665=ORIENTED_EDGE('',*,*,#2466,.T.);
#3666=ORIENTED_EDGE('',*,*,#2468,.T.);
#3667=ORIENTED_EDGE('',*,*,#2470,.T.);
#3668=ORIENTED_EDGE('',*,*,#2471,.T.);
#3669=ORIENTED_EDGE('',*,*,#2472,.T.);
#3670=ORIENTED_EDGE('',*,*,#2476,.T.);
#3671=ORIENTED_EDGE('',*,*,#2479,.T.);
#3672=CYLINDRICAL_SURFACE('',#3992,2.00000000000018);
#3673=CYLINDRICAL_SURFACE('',#3998,2.00000000000009);
#3674=CYLINDRICAL_SURFACE('',#4008,1.2645);
#3675=CYLINDRICAL_SURFACE('',#4009,1.2645);
#3676=CYLINDRICAL_SURFACE('',#4010,1.2645);
#3677=CYLINDRICAL_SURFACE('',#4012,1.2645);
#3678=CYLINDRICAL_SURFACE('',#4015,1.2645);
#3679=CYLINDRICAL_SURFACE('',#4017,1.2645);
#3680=CYLINDRICAL_SURFACE('',#4040,2.25);
#3681=CYLINDRICAL_SURFACE('',#4042,2.25);
#3682=CYLINDRICAL_SURFACE('',#4044,4.);
#3683=CYLINDRICAL_SURFACE('',#4046,4.);
#3684=CYLINDRICAL_SURFACE('',#4048,2.);
#3685=CYLINDRICAL_SURFACE('',#4049,2.);
#3686=CYLINDRICAL_SURFACE('',#4091,2.);
#3687=CYLINDRICAL_SURFACE('',#4092,1.7);
#3688=CYLINDRICAL_SURFACE('',#4093,1.7);
#3689=CYLINDRICAL_SURFACE('',#4094,2.);
#3690=CYLINDRICAL_SURFACE('',#4096,2.);
#3691=CYLINDRICAL_SURFACE('',#4097,26.5790769599745);
#3692=CYLINDRICAL_SURFACE('',#4098,2.);
#3693=CYLINDRICAL_SURFACE('',#4100,2.);
#3694=CYLINDRICAL_SURFACE('',#4101,1.7);
#3695=CYLINDRICAL_SURFACE('',#4102,2.);
#3696=CYLINDRICAL_SURFACE('',#4104,2.);
#3697=CYLINDRICAL_SURFACE('',#4105,26.6);
#3698=CYLINDRICAL_SURFACE('',#4106,2.);
#3699=CYLINDRICAL_SURFACE('',#4107,30.5);
#3700=CYLINDRICAL_SURFACE('',#4108,30.5);
#3701=CYLINDRICAL_SURFACE('',#4109,34.);
#3702=CYLINDRICAL_SURFACE('',#4113,33.);
#3703=CYLINDRICAL_SURFACE('',#4118,34.);
#3704=CYLINDRICAL_SURFACE('',#4294,1.25);
#3705=CYLINDRICAL_SURFACE('',#4297,1.25);
#3706=CYLINDRICAL_SURFACE('',#4300,1.25);
#3707=CYLINDRICAL_SURFACE('',#4303,2.5);
#3708=CYLINDRICAL_SURFACE('',#4348,1.7);
#3709=CYLINDRICAL_SURFACE('',#4349,1.7);
#3710=ADVANCED_FACE('',(#334),#3672,.F.);
#3711=ADVANCED_FACE('',(#335,#175,#176),#213,.F.);
#3712=ADVANCED_FACE('',(#336),#3673,.F.);
#3713=ADVANCED_FACE('',(#337,#177,#178),#214,.T.);
#3714=ADVANCED_FACE('',(#338),#215,.T.);
#3715=ADVANCED_FACE('',(#339,#179,#180),#216,.T.);
#3716=ADVANCED_FACE('',(#340),#3674,.F.);
#3717=ADVANCED_FACE('',(#341),#3675,.F.);
#3718=ADVANCED_FACE('',(#342),#3676,.F.);
#3719=ADVANCED_FACE('',(#343),#3677,.F.);
#3720=ADVANCED_FACE('',(#344),#3678,.F.);
#3721=ADVANCED_FACE('',(#345),#3679,.F.);
#3722=ADVANCED_FACE('',(#346,#181,#182),#217,.T.);
#3723=ADVANCED_FACE('',(#347,#183),#218,.F.);
#3724=ADVANCED_FACE('',(#348,#184,#185),#219,.T.);
#3725=ADVANCED_FACE('',(#349),#220,.T.);
#3726=ADVANCED_FACE('',(#350,#186,#187),#221,.T.);
#3727=ADVANCED_FACE('',(#351,#188),#222,.T.);
#3728=ADVANCED_FACE('',(#352),#223,.T.);
#3729=ADVANCED_FACE('',(#353),#224,.T.);
#3730=ADVANCED_FACE('',(#354),#3680,.F.);
#3731=ADVANCED_FACE('',(#355),#225,.T.);
#3732=ADVANCED_FACE('',(#356),#3681,.F.);
#3733=ADVANCED_FACE('',(#357),#226,.T.);
#3734=ADVANCED_FACE('',(#358),#3682,.T.);
#3735=ADVANCED_FACE('',(#359),#227,.T.);
#3736=ADVANCED_FACE('',(#360),#3683,.T.);
#3737=ADVANCED_FACE('',(#361),#228,.T.);
#3738=ADVANCED_FACE('',(#362),#3684,.F.);
#3739=ADVANCED_FACE('',(#363),#3685,.F.);
#3740=ADVANCED_FACE('',(#364),#229,.T.);
#3741=ADVANCED_FACE('',(#365),#230,.T.);
#3742=ADVANCED_FACE('',(#366),#231,.F.);
#3743=ADVANCED_FACE('',(#367),#232,.F.);
#3744=ADVANCED_FACE('',(#368),#233,.T.);
#3745=ADVANCED_FACE('',(#369,#189,#190,#191,#192),#234,.T.);
#3746=ADVANCED_FACE('',(#370,#193,#194,#195,#196),#235,.T.);
#3747=ADVANCED_FACE('',(#371),#236,.T.);
#3748=ADVANCED_FACE('',(#372),#3686,.F.);
#3749=ADVANCED_FACE('',(#373),#3687,.F.);
#3750=ADVANCED_FACE('',(#374),#3688,.F.);
#3751=ADVANCED_FACE('',(#375),#3689,.F.);
#3752=ADVANCED_FACE('',(#376),#237,.T.);
#3753=ADVANCED_FACE('',(#377),#3690,.T.);
#3754=ADVANCED_FACE('',(#378),#3691,.F.);
#3755=ADVANCED_FACE('',(#379),#3692,.T.);
#3756=ADVANCED_FACE('',(#380),#238,.T.);
#3757=ADVANCED_FACE('',(#381),#3693,.F.);
#3758=ADVANCED_FACE('',(#382),#3694,.F.);
#3759=ADVANCED_FACE('',(#383),#3695,.F.);
#3760=ADVANCED_FACE('',(#384),#239,.T.);
#3761=ADVANCED_FACE('',(#385),#3696,.T.);
#3762=ADVANCED_FACE('',(#386),#3697,.F.);
#3763=ADVANCED_FACE('',(#387),#3698,.T.);
#3764=ADVANCED_FACE('',(#388),#3699,.F.);
#3765=ADVANCED_FACE('',(#389),#3700,.F.);
#3766=ADVANCED_FACE('',(#390),#3701,.T.);
#3767=ADVANCED_FACE('',(#391,#197),#240,.T.);
#3768=ADVANCED_FACE('',(#392),#3702,.T.);
#3769=ADVANCED_FACE('',(#393),#241,.T.);
#3770=ADVANCED_FACE('',(#394),#3703,.T.);
#3771=ADVANCED_FACE('',(#395),#49,.T.);
#3772=ADVANCED_FACE('',(#396),#50,.T.);
#3773=ADVANCED_FACE('',(#397),#51,.T.);
#3774=ADVANCED_FACE('',(#398),#52,.T.);
#3775=ADVANCED_FACE('',(#399),#53,.T.);
#3776=ADVANCED_FACE('',(#400),#54,.T.);
#3777=ADVANCED_FACE('',(#401),#55,.T.);
#3778=ADVANCED_FACE('',(#402),#56,.T.);
#3779=ADVANCED_FACE('',(#403),#57,.T.);
#3780=ADVANCED_FACE('',(#404),#58,.T.);
#3781=ADVANCED_FACE('',(#405),#59,.T.);
#3782=ADVANCED_FACE('',(#406),#60,.T.);
#3783=ADVANCED_FACE('',(#407),#61,.T.);
#3784=ADVANCED_FACE('',(#408),#62,.T.);
#3785=ADVANCED_FACE('',(#409),#63,.T.);
#3786=ADVANCED_FACE('',(#410),#64,.T.);
#3787=ADVANCED_FACE('',(#411),#65,.T.);
#3788=ADVANCED_FACE('',(#412),#66,.T.);
#3789=ADVANCED_FACE('',(#413),#67,.T.);
#3790=ADVANCED_FACE('',(#414),#68,.T.);
#3791=ADVANCED_FACE('',(#415),#69,.T.);
#3792=ADVANCED_FACE('',(#416),#70,.T.);
#3793=ADVANCED_FACE('',(#417),#71,.T.);
#3794=ADVANCED_FACE('',(#418),#72,.T.);
#3795=ADVANCED_FACE('',(#419),#73,.T.);
#3796=ADVANCED_FACE('',(#420),#74,.T.);
#3797=ADVANCED_FACE('',(#421),#75,.T.);
#3798=ADVANCED_FACE('',(#422),#76,.T.);
#3799=ADVANCED_FACE('',(#423),#77,.T.);
#3800=ADVANCED_FACE('',(#424),#78,.T.);
#3801=ADVANCED_FACE('',(#425),#79,.T.);
#3802=ADVANCED_FACE('',(#426),#80,.T.);
#3803=ADVANCED_FACE('',(#427),#81,.T.);
#3804=ADVANCED_FACE('',(#428),#82,.T.);
#3805=ADVANCED_FACE('',(#429),#83,.T.);
#3806=ADVANCED_FACE('',(#430),#84,.T.);
#3807=ADVANCED_FACE('',(#431),#85,.T.);
#3808=ADVANCED_FACE('',(#432),#86,.T.);
#3809=ADVANCED_FACE('',(#433),#87,.T.);
#3810=ADVANCED_FACE('',(#434),#88,.T.);
#3811=ADVANCED_FACE('',(#435),#89,.T.);
#3812=ADVANCED_FACE('',(#436),#90,.T.);
#3813=ADVANCED_FACE('',(#437),#91,.T.);
#3814=ADVANCED_FACE('',(#438),#92,.T.);
#3815=ADVANCED_FACE('',(#439),#93,.T.);
#3816=ADVANCED_FACE('',(#440),#94,.T.);
#3817=ADVANCED_FACE('',(#441),#95,.T.);
#3818=ADVANCED_FACE('',(#442),#96,.T.);
#3819=ADVANCED_FACE('',(#443),#97,.T.);
#3820=ADVANCED_FACE('',(#444),#98,.T.);
#3821=ADVANCED_FACE('',(#445),#99,.T.);
#3822=ADVANCED_FACE('',(#446),#100,.T.);
#3823=ADVANCED_FACE('',(#447),#101,.T.);
#3824=ADVANCED_FACE('',(#448),#102,.T.);
#3825=ADVANCED_FACE('',(#449),#103,.T.);
#3826=ADVANCED_FACE('',(#450),#104,.T.);
#3827=ADVANCED_FACE('',(#451),#105,.T.);
#3828=ADVANCED_FACE('',(#452),#106,.T.);
#3829=ADVANCED_FACE('',(#453),#3704,.F.);
#3830=ADVANCED_FACE('',(#454),#3705,.F.);
#3831=ADVANCED_FACE('',(#455),#3706,.F.);
#3832=ADVANCED_FACE('',(#456,#198,#199),#3707,.T.);
#3833=ADVANCED_FACE('',(#457,#200),#242,.T.);
#3834=ADVANCED_FACE('',(#458,#201),#243,.F.);
#3835=ADVANCED_FACE('',(#459),#244,.T.);
#3836=ADVANCED_FACE('',(#460),#245,.T.);
#3837=ADVANCED_FACE('',(#461),#246,.T.);
#3838=ADVANCED_FACE('',(#462),#247,.T.);
#3839=ADVANCED_FACE('',(#463,#202,#203),#248,.F.);
#3840=ADVANCED_FACE('',(#464),#249,.T.);
#3841=ADVANCED_FACE('',(#465),#250,.T.);
#3842=ADVANCED_FACE('',(#466),#251,.T.);
#3843=ADVANCED_FACE('',(#467),#252,.T.);
#3844=ADVANCED_FACE('',(#468),#253,.T.);
#3845=ADVANCED_FACE('',(#469),#254,.T.);
#3846=ADVANCED_FACE('',(#470),#255,.T.);
#3847=ADVANCED_FACE('',(#471),#256,.T.);
#3848=ADVANCED_FACE('',(#472),#257,.T.);
#3849=ADVANCED_FACE('',(#473),#258,.T.);
#3850=ADVANCED_FACE('',(#474),#259,.T.);
#3851=ADVANCED_FACE('',(#475),#260,.T.);
#3852=ADVANCED_FACE('',(#476),#261,.T.);
#3853=ADVANCED_FACE('',(#477),#262,.T.);
#3854=ADVANCED_FACE('',(#478),#263,.T.);
#3855=ADVANCED_FACE('',(#479),#264,.T.);
#3856=ADVANCED_FACE('',(#480),#265,.T.);
#3857=ADVANCED_FACE('',(#481,#204,#205),#266,.T.);
#3858=ADVANCED_FACE('',(#482),#267,.T.);
#3859=ADVANCED_FACE('',(#483),#268,.T.);
#3860=ADVANCED_FACE('',(#484),#269,.T.);
#3861=ADVANCED_FACE('',(#485),#270,.T.);
#3862=ADVANCED_FACE('',(#486),#271,.T.);
#3863=ADVANCED_FACE('',(#487),#272,.T.);
#3864=ADVANCED_FACE('',(#488),#273,.T.);
#3865=ADVANCED_FACE('',(#489),#274,.T.);
#3866=ADVANCED_FACE('',(#490),#3708,.F.);
#3867=ADVANCED_FACE('',(#491),#3709,.F.);
#3868=ADVANCED_FACE('',(#492),#275,.T.);
#3869=ADVANCED_FACE('',(#493),#276,.T.);
#3870=ADVANCED_FACE('',(#494),#277,.F.);
#3871=ADVANCED_FACE('',(#495),#278,.T.);
#3872=ADVANCED_FACE('',(#496),#279,.T.);
#3873=ADVANCED_FACE('',(#497),#280,.T.);
#3874=ADVANCED_FACE('',(#498),#281,.T.);
#3875=ADVANCED_FACE('',(#499),#282,.T.);
#3876=ADVANCED_FACE('',(#500),#283,.T.);
#3877=ADVANCED_FACE('',(#501),#284,.T.);
#3878=ADVANCED_FACE('',(#502),#285,.T.);
#3879=ADVANCED_FACE('',(#503),#286,.T.);
#3880=ADVANCED_FACE('',(#504),#287,.T.);
#3881=ADVANCED_FACE('',(#505),#288,.T.);
#3882=ADVANCED_FACE('',(#506),#289,.T.);
#3883=ADVANCED_FACE('',(#507),#290,.T.);
#3884=ADVANCED_FACE('',(#508),#291,.T.);
#3885=ADVANCED_FACE('',(#509),#292,.T.);
#3886=ADVANCED_FACE('',(#510),#293,.T.);
#3887=ADVANCED_FACE('',(#511),#294,.T.);
#3888=ADVANCED_FACE('',(#512),#295,.T.);
#3889=ADVANCED_FACE('',(#513),#296,.T.);
#3890=ADVANCED_FACE('',(#514),#297,.T.);
#3891=ADVANCED_FACE('',(#515),#298,.T.);
#3892=ADVANCED_FACE('',(#516),#299,.T.);
#3893=ADVANCED_FACE('',(#517),#300,.T.);
#3894=ADVANCED_FACE('',(#518),#301,.T.);
#3895=ADVANCED_FACE('',(#519),#302,.T.);
#3896=ADVANCED_FACE('',(#520),#303,.T.);
#3897=ADVANCED_FACE('',(#521),#304,.T.);
#3898=ADVANCED_FACE('',(#522),#305,.T.);
#3899=ADVANCED_FACE('',(#523),#306,.T.);
#3900=ADVANCED_FACE('',(#524),#307,.T.);
#3901=ADVANCED_FACE('',(#525),#308,.T.);
#3902=ADVANCED_FACE('',(#526),#309,.T.);
#3903=ADVANCED_FACE('',(#527),#310,.T.);
#3904=ADVANCED_FACE('',(#528),#311,.T.);
#3905=ADVANCED_FACE('',(#529),#312,.T.);
#3906=ADVANCED_FACE('',(#530),#313,.T.);
#3907=ADVANCED_FACE('',(#531),#314,.T.);
#3908=ADVANCED_FACE('',(#532),#315,.T.);
#3909=ADVANCED_FACE('',(#533),#316,.T.);
#3910=ADVANCED_FACE('',(#534),#317,.T.);
#3911=ADVANCED_FACE('',(#535),#318,.T.);
#3912=ADVANCED_FACE('',(#536),#319,.T.);
#3913=ADVANCED_FACE('',(#537),#320,.T.);
#3914=ADVANCED_FACE('',(#538),#321,.T.);
#3915=ADVANCED_FACE('',(#539),#322,.T.);
#3916=ADVANCED_FACE('',(#540),#323,.F.);
#3917=ADVANCED_FACE('',(#541),#324,.F.);
#3918=ADVANCED_FACE('',(#542),#325,.F.);
#3919=ADVANCED_FACE('',(#543),#326,.F.);
#3920=ADVANCED_FACE('',(#544),#327,.F.);
#3921=ADVANCED_FACE('',(#545),#328,.T.);
#3922=ADVANCED_FACE('',(#546,#206,#207),#329,.T.);
#3923=ADVANCED_FACE('',(#547,#208,#209),#330,.T.);
#3924=ADVANCED_FACE('',(#548,#210),#331,.T.);
#3925=ADVANCED_FACE('',(#549),#332,.T.);
#3926=ADVANCED_FACE('',(#550,#211,#212),#333,.F.);
#3927=CLOSED_SHELL('',(#3710,#3711,#3712,#3713,#3714,#3715,#3716,#3717,
#3718,#3719,#3720,#3721,#3722,#3723,#3724,#3725,#3726,#3727,#3728,#3729,
#3730,#3731,#3732,#3733,#3734,#3735,#3736,#3737,#3738,#3739,#3740,#3741));
#3928=CLOSED_SHELL('',(#3742,#3743,#3744,#3745,#3746,#3747,#3748,#3749,
#3750,#3751,#3752,#3753,#3754,#3755,#3756,#3757,#3758,#3759,#3760,#3761,
#3762,#3763,#3764,#3765,#3766,#3767,#3768,#3769,#3770));
#3929=CLOSED_SHELL('',(#3771,#3772,#3773,#3774,#3775,#3776,#3777,#3778,
#3779,#3780,#3781,#3782,#3783,#3784,#3785,#3786,#3787,#3788,#3789,#3790,
#3791,#3792,#3793,#3794,#3795,#3796,#3797,#3798,#3799,#3800,#3801,#3802,
#3803,#3804,#3805,#3806,#3807,#3808,#3809,#3810,#3811,#3812,#3813,#3814,
#3815,#3816,#3817,#3818,#3819,#3820,#3821,#3822,#3823,#3824,#3825,#3826,
#3827,#3828));
#3930=CLOSED_SHELL('',(#3829,#3830,#3831,#3832,#3833,#3834));
#3931=CLOSED_SHELL('',(#3835,#3836,#3837,#3838,#3839,#3840,#3841,#3842,
#3843,#3844,#3845,#3846,#3847,#3848,#3849,#3850,#3851,#3852,#3853,#3854,
#3855,#3856,#3857,#3858,#3859,#3860,#3861,#3862,#3863,#3864,#3865,#3866,
#3867,#3868,#3869));
#3932=CLOSED_SHELL('',(#3870,#3871,#3872,#3873,#3874,#3875,#3876,#3877,
#3878,#3879,#3880,#3881,#3882,#3883,#3884,#3885,#3886,#3887,#3888,#3889,
#3890,#3891,#3892,#3893,#3894,#3895,#3896,#3897,#3898,#3899,#3900,#3901,
#3902,#3903,#3904,#3905,#3906,#3907,#3908,#3909,#3910,#3911,#3912,#3913,
#3914,#3915,#3916,#3917,#3918,#3919,#3920,#3921,#3922,#3923,#3924,#3925,
#3926));
#3933=DERIVED_UNIT_ELEMENT(#3943,1.);
#3934=DERIVED_UNIT_ELEMENT(#6817,-3.);
#3935=DERIVED_UNIT_ELEMENT(#3943,1.);
#3936=DERIVED_UNIT_ELEMENT(#6817,-3.);
#3937=DERIVED_UNIT_ELEMENT(#3943,1.);
#3938=DERIVED_UNIT_ELEMENT(#6817,-3.);
#3939=DERIVED_UNIT_ELEMENT(#3943,1.);
#3940=DERIVED_UNIT_ELEMENT(#6817,-3.);
#3941=DERIVED_UNIT_ELEMENT(#3943,1.);
#3942=DERIVED_UNIT_ELEMENT(#6817,-3.);
#3943=(
MASS_UNIT()
NAMED_UNIT(*)
SI_UNIT(.KILO.,.GRAM.)
);
#3944=DERIVED_UNIT((#3933,#3934));
#3945=DERIVED_UNIT((#3935,#3936));
#3946=DERIVED_UNIT((#3937,#3938));
#3947=DERIVED_UNIT((#3939,#3940));
#3948=DERIVED_UNIT((#3941,#3942));
#3949=MEASURE_REPRESENTATION_ITEM('density measure',
POSITIVE_RATIO_MEASURE(8470.),#3944);
#3950=MEASURE_REPRESENTATION_ITEM('density measure',
POSITIVE_RATIO_MEASURE(8470.),#3945);
#3951=MEASURE_REPRESENTATION_ITEM('density measure',
POSITIVE_RATIO_MEASURE(8470.),#3946);
#3952=MEASURE_REPRESENTATION_ITEM('density measure',
POSITIVE_RATIO_MEASURE(1000.),#3947);
#3953=MEASURE_REPRESENTATION_ITEM('density measure',
POSITIVE_RATIO_MEASURE(1000.),#3948);
#3954=PROPERTY_DEFINITION_REPRESENTATION(#3979,#3964);
#3955=PROPERTY_DEFINITION_REPRESENTATION(#3980,#3965);
#3956=PROPERTY_DEFINITION_REPRESENTATION(#3981,#3966);
#3957=PROPERTY_DEFINITION_REPRESENTATION(#3982,#3967);
#3958=PROPERTY_DEFINITION_REPRESENTATION(#3983,#3968);
#3959=PROPERTY_DEFINITION_REPRESENTATION(#3984,#3969);
#3960=PROPERTY_DEFINITION_REPRESENTATION(#3985,#3970);
#3961=PROPERTY_DEFINITION_REPRESENTATION(#3986,#3971);
#3962=PROPERTY_DEFINITION_REPRESENTATION(#3987,#3972);
#3963=PROPERTY_DEFINITION_REPRESENTATION(#3988,#3973);
#3964=REPRESENTATION('material name',(#3974),#6810);
#3965=REPRESENTATION('density',(#3949),#6810);
#3966=REPRESENTATION('material name',(#3975),#6811);
#3967=REPRESENTATION('density',(#3950),#6811);
#3968=REPRESENTATION('material name',(#3976),#6812);
#3969=REPRESENTATION('density',(#3951),#6812);
#3970=REPRESENTATION('material name',(#3977),#6813);
#3971=REPRESENTATION('density',(#3952),#6813);
#3972=REPRESENTATION('material name',(#3978),#6814);
#3973=REPRESENTATION('density',(#3953),#6814);
#3974=DESCRIPTIVE_REPRESENTATION_ITEM('Brass, Soft Yellow',
'Brass, Soft Yellow');
#3975=DESCRIPTIVE_REPRESENTATION_ITEM('Brass, Soft Yellow',
'Brass, Soft Yellow');
#3976=DESCRIPTIVE_REPRESENTATION_ITEM('Brass, Soft Yellow',
'Brass, Soft Yellow');
#3977=DESCRIPTIVE_REPRESENTATION_ITEM('Generic','Generic');
#3978=DESCRIPTIVE_REPRESENTATION_ITEM('Generic','Generic');
#3979=PROPERTY_DEFINITION('material property','material name',#6851);
#3980=PROPERTY_DEFINITION('material property','density of part',#6851);
#3981=PROPERTY_DEFINITION('material property','material name',#6852);
#3982=PROPERTY_DEFINITION('material property','density of part',#6852);
#3983=PROPERTY_DEFINITION('material property','material name',#6853);
#3984=PROPERTY_DEFINITION('material property','density of part',#6853);
#3985=PROPERTY_DEFINITION('material property','material name',#6854);
#3986=PROPERTY_DEFINITION('material property','density of part',#6854);
#3987=PROPERTY_DEFINITION('material property','material name',#6855);
#3988=PROPERTY_DEFINITION('material property','density of part',#6855);
#3989=AXIS2_PLACEMENT_3D('',#5608,#4413,#4414);
#3990=AXIS2_PLACEMENT_3D('',#5609,#4415,#4416);
#3991=AXIS2_PLACEMENT_3D('',#5610,#4417,#4418);
#3992=AXIS2_PLACEMENT_3D('',#5611,#4419,#4420);
#3993=AXIS2_PLACEMENT_3D('',#5614,#4421,#4422);
#3994=AXIS2_PLACEMENT_3D('',#5618,#4424,#4425);
#3995=AXIS2_PLACEMENT_3D('',#5620,#4427,#4428);
#3996=AXIS2_PLACEMENT_3D('',#5627,#4432,#4433);
#3997=AXIS2_PLACEMENT_3D('',#5629,#4434,#4435);
#3998=AXIS2_PLACEMENT_3D('',#5630,#4436,#4437);
#3999=AXIS2_PLACEMENT_3D('',#5632,#4438,#4439);
#4000=AXIS2_PLACEMENT_3D('',#5634,#4440,#4441);
#4001=AXIS2_PLACEMENT_3D('',#5636,#4443,#4444);
#4002=AXIS2_PLACEMENT_3D('',#5647,#4450,#4451);
#4003=AXIS2_PLACEMENT_3D('',#5649,#4452,#4453);
#4004=AXIS2_PLACEMENT_3D('',#5650,#4454,#4455);
#4005=AXIS2_PLACEMENT_3D('',#5654,#4458,#4459);
#4006=AXIS2_PLACEMENT_3D('',#5667,#4466,#4467);
#4007=AXIS2_PLACEMENT_3D('',#5669,#4468,#4469);
#4008=AXIS2_PLACEMENT_3D('',#5670,#4470,#4471);
#4009=AXIS2_PLACEMENT_3D('',#5672,#4473,#4474);
#4010=AXIS2_PLACEMENT_3D('',#5674,#4476,#4477);
#4011=AXIS2_PLACEMENT_3D('',#5676,#4478,#4479);
#4012=AXIS2_PLACEMENT_3D('',#5678,#4481,#4482);
#4013=AXIS2_PLACEMENT_3D('',#5680,#4483,#4484);
#4014=AXIS2_PLACEMENT_3D('',#5683,#4486,#4487);
#4015=AXIS2_PLACEMENT_3D('',#5684,#4488,#4489);
#4016=AXIS2_PLACEMENT_3D('',#5686,#4490,#4491);
#4017=AXIS2_PLACEMENT_3D('',#5688,#4493,#4494);
#4018=AXIS2_PLACEMENT_3D('',#5690,#4495,#4496);
#4019=AXIS2_PLACEMENT_3D('',#5693,#4498,#4499);
#4020=AXIS2_PLACEMENT_3D('',#5694,#4500,#4501);
#4021=AXIS2_PLACEMENT_3D('',#5700,#4505,#4506);
#4022=AXIS2_PLACEMENT_3D('',#5706,#4509,#4510);
#4023=AXIS2_PLACEMENT_3D('',#5710,#4512,#4513);
#4024=AXIS2_PLACEMENT_3D('',#5714,#4515,#4516);
#4025=AXIS2_PLACEMENT_3D('',#5718,#4518,#4519);
#4026=AXIS2_PLACEMENT_3D('',#5725,#4523,#4524);
#4027=AXIS2_PLACEMENT_3D('',#5729,#4526,#4527);
#4028=AXIS2_PLACEMENT_3D('',#5731,#4529,#4530);
#4029=AXIS2_PLACEMENT_3D('',#5735,#4533,#4534);
#4030=AXIS2_PLACEMENT_3D('',#5739,#4537,#4538);
#4031=AXIS2_PLACEMENT_3D('',#5746,#4543,#4544);
#4032=AXIS2_PLACEMENT_3D('',#5751,#4546,#4547);
#4033=AXIS2_PLACEMENT_3D('',#5755,#4549,#4550);
#4034=AXIS2_PLACEMENT_3D('',#5758,#4552,#4553);
#4035=AXIS2_PLACEMENT_3D('',#5759,#4554,#4555);
#4036=AXIS2_PLACEMENT_3D('',#5764,#4557,#4558);
#4037=AXIS2_PLACEMENT_3D('',#5767,#4560,#4561);
#4038=AXIS2_PLACEMENT_3D('',#5768,#4562,#4563);
#4039=AXIS2_PLACEMENT_3D('',#5770,#4565,#4566);
#4040=AXIS2_PLACEMENT_3D('',#5773,#4569,#4570);
#4041=AXIS2_PLACEMENT_3D('',#5775,#4572,#4573);
#4042=AXIS2_PLACEMENT_3D('',#5777,#4575,#4576);
#4043=AXIS2_PLACEMENT_3D('',#5778,#4577,#4578);
#4044=AXIS2_PLACEMENT_3D('',#5781,#4581,#4582);
#4045=AXIS2_PLACEMENT_3D('',#5783,#4584,#4585);
#4046=AXIS2_PLACEMENT_3D('',#5785,#4587,#4588);
#4047=AXIS2_PLACEMENT_3D('',#5787,#4590,#4591);
#4048=AXIS2_PLACEMENT_3D('',#5789,#4593,#4594);
#4049=AXIS2_PLACEMENT_3D('',#5790,#4595,#4596);
#4050=AXIS2_PLACEMENT_3D('',#5791,#4597,#4598);
#4051=AXIS2_PLACEMENT_3D('',#5792,#4599,#4600);
#4052=AXIS2_PLACEMENT_3D('',#5793,#4601,#4602);
#4053=AXIS2_PLACEMENT_3D('',#5794,#4603,#4604);
#4054=AXIS2_PLACEMENT_3D('',#5803,#4609,#4610);
#4055=AXIS2_PLACEMENT_3D('',#5812,#4615,#4616);
#4056=AXIS2_PLACEMENT_3D('',#5817,#4620,#4621);
#4057=AXIS2_PLACEMENT_3D('',#5818,#4622,#4623);
#4058=AXIS2_PLACEMENT_3D('',#5821,#4624,#4625);
#4059=AXIS2_PLACEMENT_3D('',#5825,#4627,#4628);
#4060=AXIS2_PLACEMENT_3D('',#5827,#4629,#4630);
#4061=AXIS2_PLACEMENT_3D('',#5829,#4631,#4632);
#4062=AXIS2_PLACEMENT_3D('',#5833,#4634,#4635);
#4063=AXIS2_PLACEMENT_3D('',#5835,#4636,#4637);
#4064=AXIS2_PLACEMENT_3D('',#5837,#4638,#4639);
#4065=AXIS2_PLACEMENT_3D('',#5841,#4641,#4642);
#4066=AXIS2_PLACEMENT_3D('',#5843,#4643,#4644);
#4067=AXIS2_PLACEMENT_3D('',#5845,#4645,#4646);
#4068=AXIS2_PLACEMENT_3D('',#5849,#4648,#4649);
#4069=AXIS2_PLACEMENT_3D('',#5850,#4650,#4651);
#4070=AXIS2_PLACEMENT_3D('',#5852,#4652,#4653);
#4071=AXIS2_PLACEMENT_3D('',#5854,#4654,#4655);
#4072=AXIS2_PLACEMENT_3D('',#5856,#4656,#4657);
#4073=AXIS2_PLACEMENT_3D('',#5857,#4658,#4659);
#4074=AXIS2_PLACEMENT_3D('',#5859,#4660,#4661);
#4075=AXIS2_PLACEMENT_3D('',#5861,#4662,#4663);
#4076=AXIS2_PLACEMENT_3D('',#5864,#4664,#4665);
#4077=AXIS2_PLACEMENT_3D('',#5866,#4666,#4667);
#4078=AXIS2_PLACEMENT_3D('',#5870,#4669,#4670);
#4079=AXIS2_PLACEMENT_3D('',#5872,#4671,#4672);
#4080=AXIS2_PLACEMENT_3D('',#5874,#4673,#4674);
#4081=AXIS2_PLACEMENT_3D('',#5878,#4676,#4677);
#4082=AXIS2_PLACEMENT_3D('',#5880,#4678,#4679);
#4083=AXIS2_PLACEMENT_3D('',#5882,#4680,#4681);
#4084=AXIS2_PLACEMENT_3D('',#5886,#4683,#4684);
#4085=AXIS2_PLACEMENT_3D('',#5888,#4685,#4686);
#4086=AXIS2_PLACEMENT_3D('',#5890,#4687,#4688);
#4087=AXIS2_PLACEMENT_3D('',#5893,#4690,#4691);
#4088=AXIS2_PLACEMENT_3D('',#5895,#4692,#4693);
#4089=AXIS2_PLACEMENT_3D('',#5897,#4694,#4695);
#4090=AXIS2_PLACEMENT_3D('',#5898,#4696,#4697);
#4091=AXIS2_PLACEMENT_3D('',#5901,#4700,#4701);
#4092=AXIS2_PLACEMENT_3D('',#5903,#4703,#4704);
#4093=AXIS2_PLACEMENT_3D('',#5905,#4706,#4707);
#4094=AXIS2_PLACEMENT_3D('',#5907,#4709,#4710);
#4095=AXIS2_PLACEMENT_3D('',#5910,#4713,#4714);
#4096=AXIS2_PLACEMENT_3D('',#5912,#4716,#4717);
#4097=AXIS2_PLACEMENT_3D('',#5914,#4719,#4720);
#4098=AXIS2_PLACEMENT_3D('',#5916,#4722,#4723);
#4099=AXIS2_PLACEMENT_3D('',#5917,#4724,#4725);
#4100=AXIS2_PLACEMENT_3D('',#5920,#4728,#4729);
#4101=AXIS2_PLACEMENT_3D('',#5922,#4731,#4732);
#4102=AXIS2_PLACEMENT_3D('',#5924,#4734,#4735);
#4103=AXIS2_PLACEMENT_3D('',#5927,#4738,#4739);
#4104=AXIS2_PLACEMENT_3D('',#5929,#4741,#4742);
#4105=AXIS2_PLACEMENT_3D('',#5931,#4744,#4745);
#4106=AXIS2_PLACEMENT_3D('',#5933,#4747,#4748);
#4107=AXIS2_PLACEMENT_3D('',#5934,#4749,#4750);
#4108=AXIS2_PLACEMENT_3D('',#5935,#4751,#4752);
#4109=AXIS2_PLACEMENT_3D('',#5936,#4753,#4754);
#4110=AXIS2_PLACEMENT_3D('',#5938,#4755,#4756);
#4111=AXIS2_PLACEMENT_3D('',#5940,#4758,#4759);
#4112=AXIS2_PLACEMENT_3D('',#5942,#4760,#4761);
#4113=AXIS2_PLACEMENT_3D('',#5943,#4762,#4763);
#4114=AXIS2_PLACEMENT_3D('',#5945,#4764,#4765);
#4115=AXIS2_PLACEMENT_3D('',#5946,#4766,#4767);
#4116=AXIS2_PLACEMENT_3D('',#5948,#4769,#4770);
#4117=AXIS2_PLACEMENT_3D('',#5949,#4771,#4772);
#4118=AXIS2_PLACEMENT_3D('',#5950,#4773,#4774);
#4119=AXIS2_PLACEMENT_3D('',#5951,#4775,#4776);
#4120=AXIS2_PLACEMENT_3D('',#5953,#4777,#4778);
#4121=AXIS2_PLACEMENT_3D('',#5955,#4779,#4780);
#4122=AXIS2_PLACEMENT_3D('',#5956,#4781,#4782);
#4123=AXIS2_PLACEMENT_3D('',#5957,#4783,#4784);
#4124=AXIS2_PLACEMENT_3D('',#5959,#4785,#4786);
#4125=AXIS2_PLACEMENT_3D('',#5960,#4787,#4788);
#4126=AXIS2_PLACEMENT_3D('',#5961,#4789,#4790);
#4127=AXIS2_PLACEMENT_3D('',#5963,#4791,#4792);
#4128=AXIS2_PLACEMENT_3D('',#5964,#4793,#4794);
#4129=AXIS2_PLACEMENT_3D('',#5965,#4795,#4796);
#4130=AXIS2_PLACEMENT_3D('',#5967,#4797,#4798);
#4131=AXIS2_PLACEMENT_3D('',#5968,#4799,#4800);
#4132=AXIS2_PLACEMENT_3D('',#5969,#4801,#4802);
#4133=AXIS2_PLACEMENT_3D('',#5971,#4803,#4804);
#4134=AXIS2_PLACEMENT_3D('',#5972,#4805,#4806);
#4135=AXIS2_PLACEMENT_3D('',#5973,#4807,#4808);
#4136=AXIS2_PLACEMENT_3D('',#5975,#4809,#4810);
#4137=AXIS2_PLACEMENT_3D('',#5976,#4811,#4812);
#4138=AXIS2_PLACEMENT_3D('',#5977,#4813,#4814);
#4139=AXIS2_PLACEMENT_3D('',#5979,#4815,#4816);
#4140=AXIS2_PLACEMENT_3D('',#5980,#4817,#4818);
#4141=AXIS2_PLACEMENT_3D('',#5981,#4819,#4820);
#4142=AXIS2_PLACEMENT_3D('',#5983,#4821,#4822);
#4143=AXIS2_PLACEMENT_3D('',#5984,#4823,#4824);
#4144=AXIS2_PLACEMENT_3D('',#5985,#4825,#4826);
#4145=AXIS2_PLACEMENT_3D('',#5987,#4827,#4828);
#4146=AXIS2_PLACEMENT_3D('',#5988,#4829,#4830);
#4147=AXIS2_PLACEMENT_3D('',#5989,#4831,#4832);
#4148=AXIS2_PLACEMENT_3D('',#5991,#4833,#4834);
#4149=AXIS2_PLACEMENT_3D('',#5992,#4835,#4836);
#4150=AXIS2_PLACEMENT_3D('',#5993,#4837,#4838);
#4151=AXIS2_PLACEMENT_3D('',#5995,#4839,#4840);
#4152=AXIS2_PLACEMENT_3D('',#5996,#4841,#4842);
#4153=AXIS2_PLACEMENT_3D('',#5997,#4843,#4844);
#4154=AXIS2_PLACEMENT_3D('',#5999,#4845,#4846);
#4155=AXIS2_PLACEMENT_3D('',#6000,#4847,#4848);
#4156=AXIS2_PLACEMENT_3D('',#6001,#4849,#4850);
#4157=AXIS2_PLACEMENT_3D('',#6003,#4851,#4852);
#4158=AXIS2_PLACEMENT_3D('',#6004,#4853,#4854);
#4159=AXIS2_PLACEMENT_3D('',#6005,#4855,#4856);
#4160=AXIS2_PLACEMENT_3D('',#6007,#4857,#4858);
#4161=AXIS2_PLACEMENT_3D('',#6008,#4859,#4860);
#4162=AXIS2_PLACEMENT_3D('',#6009,#4861,#4862);
#4163=AXIS2_PLACEMENT_3D('',#6011,#4863,#4864);
#4164=AXIS2_PLACEMENT_3D('',#6012,#4865,#4866);
#4165=AXIS2_PLACEMENT_3D('',#6013,#4867,#4868);
#4166=AXIS2_PLACEMENT_3D('',#6015,#4869,#4870);
#4167=AXIS2_PLACEMENT_3D('',#6016,#4871,#4872);
#4168=AXIS2_PLACEMENT_3D('',#6017,#4873,#4874);
#4169=AXIS2_PLACEMENT_3D('',#6019,#4875,#4876);
#4170=AXIS2_PLACEMENT_3D('',#6020,#4877,#4878);
#4171=AXIS2_PLACEMENT_3D('',#6021,#4879,#4880);
#4172=AXIS2_PLACEMENT_3D('',#6023,#4881,#4882);
#4173=AXIS2_PLACEMENT_3D('',#6024,#4883,#4884);
#4174=AXIS2_PLACEMENT_3D('',#6025,#4885,#4886);
#4175=AXIS2_PLACEMENT_3D('',#6027,#4887,#4888);
#4176=AXIS2_PLACEMENT_3D('',#6028,#4889,#4890);
#4177=AXIS2_PLACEMENT_3D('',#6029,#4891,#4892);
#4178=AXIS2_PLACEMENT_3D('',#6031,#4893,#4894);
#4179=AXIS2_PLACEMENT_3D('',#6032,#4895,#4896);
#4180=AXIS2_PLACEMENT_3D('',#6033,#4897,#4898);
#4181=AXIS2_PLACEMENT_3D('',#6035,#4899,#4900);
#4182=AXIS2_PLACEMENT_3D('',#6036,#4901,#4902);
#4183=AXIS2_PLACEMENT_3D('',#6037,#4903,#4904);
#4184=AXIS2_PLACEMENT_3D('',#6039,#4905,#4906);
#4185=AXIS2_PLACEMENT_3D('',#6040,#4907,#4908);
#4186=AXIS2_PLACEMENT_3D('',#6041,#4909,#4910);
#4187=AXIS2_PLACEMENT_3D('',#6043,#4911,#4912);
#4188=AXIS2_PLACEMENT_3D('',#6044,#4913,#4914);
#4189=AXIS2_PLACEMENT_3D('',#6045,#4915,#4916);
#4190=AXIS2_PLACEMENT_3D('',#6047,#4917,#4918);
#4191=AXIS2_PLACEMENT_3D('',#6048,#4919,#4920);
#4192=AXIS2_PLACEMENT_3D('',#6049,#4921,#4922);
#4193=AXIS2_PLACEMENT_3D('',#6051,#4923,#4924);
#4194=AXIS2_PLACEMENT_3D('',#6052,#4925,#4926);
#4195=AXIS2_PLACEMENT_3D('',#6053,#4927,#4928);
#4196=AXIS2_PLACEMENT_3D('',#6055,#4929,#4930);
#4197=AXIS2_PLACEMENT_3D('',#6056,#4931,#4932);
#4198=AXIS2_PLACEMENT_3D('',#6057,#4933,#4934);
#4199=AXIS2_PLACEMENT_3D('',#6059,#4935,#4936);
#4200=AXIS2_PLACEMENT_3D('',#6060,#4937,#4938);
#4201=AXIS2_PLACEMENT_3D('',#6061,#4939,#4940);
#4202=AXIS2_PLACEMENT_3D('',#6063,#4941,#4942);
#4203=AXIS2_PLACEMENT_3D('',#6064,#4943,#4944);
#4204=AXIS2_PLACEMENT_3D('',#6065,#4945,#4946);
#4205=AXIS2_PLACEMENT_3D('',#6067,#4947,#4948);
#4206=AXIS2_PLACEMENT_3D('',#6068,#4949,#4950);
#4207=AXIS2_PLACEMENT_3D('',#6069,#4951,#4952);
#4208=AXIS2_PLACEMENT_3D('',#6071,#4953,#4954);
#4209=AXIS2_PLACEMENT_3D('',#6072,#4955,#4956);
#4210=AXIS2_PLACEMENT_3D('',#6073,#4957,#4958);
#4211=AXIS2_PLACEMENT_3D('',#6075,#4959,#4960);
#4212=AXIS2_PLACEMENT_3D('',#6076,#4961,#4962);
#4213=AXIS2_PLACEMENT_3D('',#6077,#4963,#4964);
#4214=AXIS2_PLACEMENT_3D('',#6079,#4965,#4966);
#4215=AXIS2_PLACEMENT_3D('',#6080,#4967,#4968);
#4216=AXIS2_PLACEMENT_3D('',#6081,#4969,#4970);
#4217=AXIS2_PLACEMENT_3D('',#6083,#4971,#4972);
#4218=AXIS2_PLACEMENT_3D('',#6084,#4973,#4974);
#4219=AXIS2_PLACEMENT_3D('',#6085,#4975,#4976);
#4220=AXIS2_PLACEMENT_3D('',#6087,#4977,#4978);
#4221=AXIS2_PLACEMENT_3D('',#6088,#4979,#4980);
#4222=AXIS2_PLACEMENT_3D('',#6089,#4981,#4982);
#4223=AXIS2_PLACEMENT_3D('',#6091,#4983,#4984);
#4224=AXIS2_PLACEMENT_3D('',#6092,#4985,#4986);
#4225=AXIS2_PLACEMENT_3D('',#6093,#4987,#4988);
#4226=AXIS2_PLACEMENT_3D('',#6095,#4989,#4990);
#4227=AXIS2_PLACEMENT_3D('',#6096,#4991,#4992);
#4228=AXIS2_PLACEMENT_3D('',#6097,#4993,#4994);
#4229=AXIS2_PLACEMENT_3D('',#6099,#4995,#4996);
#4230=AXIS2_PLACEMENT_3D('',#6100,#4997,#4998);
#4231=AXIS2_PLACEMENT_3D('',#6101,#4999,#5000);
#4232=AXIS2_PLACEMENT_3D('',#6103,#5001,#5002);
#4233=AXIS2_PLACEMENT_3D('',#6104,#5003,#5004);
#4234=AXIS2_PLACEMENT_3D('',#6105,#5005,#5006);
#4235=AXIS2_PLACEMENT_3D('',#6107,#5007,#5008);
#4236=AXIS2_PLACEMENT_3D('',#6108,#5009,#5010);
#4237=AXIS2_PLACEMENT_3D('',#6109,#5011,#5012);
#4238=AXIS2_PLACEMENT_3D('',#6111,#5013,#5014);
#4239=AXIS2_PLACEMENT_3D('',#6112,#5015,#5016);
#4240=AXIS2_PLACEMENT_3D('',#6113,#5017,#5018);
#4241=AXIS2_PLACEMENT_3D('',#6115,#5019,#5020);
#4242=AXIS2_PLACEMENT_3D('',#6116,#5021,#5022);
#4243=AXIS2_PLACEMENT_3D('',#6117,#5023,#5024);
#4244=AXIS2_PLACEMENT_3D('',#6119,#5025,#5026);
#4245=AXIS2_PLACEMENT_3D('',#6120,#5027,#5028);
#4246=AXIS2_PLACEMENT_3D('',#6121,#5029,#5030);
#4247=AXIS2_PLACEMENT_3D('',#6123,#5031,#5032);
#4248=AXIS2_PLACEMENT_3D('',#6124,#5033,#5034);
#4249=AXIS2_PLACEMENT_3D('',#6125,#5035,#5036);
#4250=AXIS2_PLACEMENT_3D('',#6127,#5037,#5038);
#4251=AXIS2_PLACEMENT_3D('',#6128,#5039,#5040);
#4252=AXIS2_PLACEMENT_3D('',#6129,#5041,#5042);
#4253=AXIS2_PLACEMENT_3D('',#6131,#5043,#5044);
#4254=AXIS2_PLACEMENT_3D('',#6132,#5045,#5046);
#4255=AXIS2_PLACEMENT_3D('',#6133,#5047,#5048);
#4256=AXIS2_PLACEMENT_3D('',#6135,#5049,#5050);
#4257=AXIS2_PLACEMENT_3D('',#6136,#5051,#5052);
#4258=AXIS2_PLACEMENT_3D('',#6137,#5053,#5054);
#4259=AXIS2_PLACEMENT_3D('',#6139,#5055,#5056);
#4260=AXIS2_PLACEMENT_3D('',#6140,#5057,#5058);
#4261=AXIS2_PLACEMENT_3D('',#6141,#5059,#5060);
#4262=AXIS2_PLACEMENT_3D('',#6143,#5061,#5062);
#4263=AXIS2_PLACEMENT_3D('',#6144,#5063,#5064);
#4264=AXIS2_PLACEMENT_3D('',#6145,#5065,#5066);
#4265=AXIS2_PLACEMENT_3D('',#6147,#5067,#5068);
#4266=AXIS2_PLACEMENT_3D('',#6148,#5069,#5070);
#4267=AXIS2_PLACEMENT_3D('',#6149,#5071,#5072);
#4268=AXIS2_PLACEMENT_3D('',#6151,#5073,#5074);
#4269=AXIS2_PLACEMENT_3D('',#6152,#5075,#5076);
#4270=AXIS2_PLACEMENT_3D('',#6153,#5077,#5078);
#4271=AXIS2_PLACEMENT_3D('',#6155,#5079,#5080);
#4272=AXIS2_PLACEMENT_3D('',#6156,#5081,#5082);
#4273=AXIS2_PLACEMENT_3D('',#6157,#5083,#5084);
#4274=AXIS2_PLACEMENT_3D('',#6159,#5085,#5086);
#4275=AXIS2_PLACEMENT_3D('',#6160,#5087,#5088);
#4276=AXIS2_PLACEMENT_3D('',#6161,#5089,#5090);
#4277=AXIS2_PLACEMENT_3D('',#6163,#5091,#5092);
#4278=AXIS2_PLACEMENT_3D('',#6164,#5093,#5094);
#4279=AXIS2_PLACEMENT_3D('',#6165,#5095,#5096);
#4280=AXIS2_PLACEMENT_3D('',#6167,#5097,#5098);
#4281=AXIS2_PLACEMENT_3D('',#6168,#5099,#5100);
#4282=AXIS2_PLACEMENT_3D('',#6169,#5101,#5102);
#4283=AXIS2_PLACEMENT_3D('',#6171,#5103,#5104);
#4284=AXIS2_PLACEMENT_3D('',#6172,#5105,#5106);
#4285=AXIS2_PLACEMENT_3D('',#6173,#5107,#5108);
#4286=AXIS2_PLACEMENT_3D('',#6175,#5109,#5110);
#4287=AXIS2_PLACEMENT_3D('',#6176,#5111,#5112);
#4288=AXIS2_PLACEMENT_3D('',#6177,#5113,#5114);
#4289=AXIS2_PLACEMENT_3D('',#6179,#5115,#5116);
#4290=AXIS2_PLACEMENT_3D('',#6180,#5117,#5118);
#4291=AXIS2_PLACEMENT_3D('',#6181,#5119,#5120);
#4292=AXIS2_PLACEMENT_3D('',#6182,#5121,#5122);
#4293=AXIS2_PLACEMENT_3D('',#6183,#5123,#5124);
#4294=AXIS2_PLACEMENT_3D('',#6184,#5125,#5126);
#4295=AXIS2_PLACEMENT_3D('',#6219,#5128,#5129);
#4296=AXIS2_PLACEMENT_3D('',#6220,#5130,#5131);
#4297=AXIS2_PLACEMENT_3D('',#6231,#5132,#5133);
#4298=AXIS2_PLACEMENT_3D('',#6266,#5135,#5136);
#4299=AXIS2_PLACEMENT_3D('',#6267,#5137,#5138);
#4300=AXIS2_PLACEMENT_3D('',#6278,#5139,#5140);
#4301=AXIS2_PLACEMENT_3D('',#6280,#5141,#5142);
#4302=AXIS2_PLACEMENT_3D('',#6285,#5146,#5147);
#4303=AXIS2_PLACEMENT_3D('',#6286,#5148,#5149);
#4304=AXIS2_PLACEMENT_3D('',#6288,#5150,#5151);
#4305=AXIS2_PLACEMENT_3D('',#6291,#5153,#5154);
#4306=AXIS2_PLACEMENT_3D('',#6292,#5155,#5156);
#4307=AXIS2_PLACEMENT_3D('',#6293,#5157,#5158);
#4308=AXIS2_PLACEMENT_3D('',#6294,#5159,#5160);
#4309=AXIS2_PLACEMENT_3D('',#6295,#5161,#5162);
#4310=AXIS2_PLACEMENT_3D('',#6296,#5163,#5164);
#4311=AXIS2_PLACEMENT_3D('',#6297,#5165,#5166);
#4312=AXIS2_PLACEMENT_3D('',#6298,#5167,#5168);
#4313=AXIS2_PLACEMENT_3D('',#6299,#5169,#5170);
#4314=AXIS2_PLACEMENT_3D('',#6308,#5175,#5176);
#4315=AXIS2_PLACEMENT_3D('',#6317,#5181,#5182);
#4316=AXIS2_PLACEMENT_3D('',#6326,#5187,#5188);
#4317=AXIS2_PLACEMENT_3D('',#6335,#5193,#5194);
#4318=AXIS2_PLACEMENT_3D('',#6353,#5203,#5204);
#4319=AXIS2_PLACEMENT_3D('',#6355,#5205,#5206);
#4320=AXIS2_PLACEMENT_3D('',#6356,#5207,#5208);
#4321=AXIS2_PLACEMENT_3D('',#6362,#5212,#5213);
#4322=AXIS2_PLACEMENT_3D('',#6371,#5218,#5219);
#4323=AXIS2_PLACEMENT_3D('',#6374,#5222,#5223);
#4324=AXIS2_PLACEMENT_3D('',#6376,#5225,#5226);
#4325=AXIS2_PLACEMENT_3D('',#6385,#5231,#5232);
#4326=AXIS2_PLACEMENT_3D('',#6394,#5238,#5239);
#4327=AXIS2_PLACEMENT_3D('',#6414,#5251,#5252);
#4328=AXIS2_PLACEMENT_3D('',#6420,#5256,#5257);
#4329=AXIS2_PLACEMENT_3D('',#6427,#5262,#5263);
#4330=AXIS2_PLACEMENT_3D('',#6433,#5267,#5268);
#4331=AXIS2_PLACEMENT_3D('',#6440,#5273,#5274);
#4332=AXIS2_PLACEMENT_3D('',#6441,#5275,#5276);
#4333=AXIS2_PLACEMENT_3D('',#6445,#5279,#5280);
#4334=AXIS2_PLACEMENT_3D('',#6449,#5283,#5284);
#4335=AXIS2_PLACEMENT_3D('',#6455,#5288,#5289);
#4336=AXIS2_PLACEMENT_3D('',#6461,#5293,#5294);
#4337=AXIS2_PLACEMENT_3D('',#6463,#5296,#5297);
#4338=AXIS2_PLACEMENT_3D('',#6469,#5301,#5302);
#4339=AXIS2_PLACEMENT_3D('',#6471,#5303,#5304);
#4340=AXIS2_PLACEMENT_3D('',#6472,#5305,#5306);
#4341=AXIS2_PLACEMENT_3D('',#6476,#5309,#5310);
#4342=AXIS2_PLACEMENT_3D('',#6480,#5313,#5314);
#4343=AXIS2_PLACEMENT_3D('',#6482,#5316,#5317);
#4344=AXIS2_PLACEMENT_3D('',#6485,#5320,#5321);
#4345=AXIS2_PLACEMENT_3D('',#6486,#5322,#5323);
#4346=AXIS2_PLACEMENT_3D('',#6489,#5326,#5327);
#4347=AXIS2_PLACEMENT_3D('',#6490,#5328,#5329);
#4348=AXIS2_PLACEMENT_3D('',#6493,#5332,#5333);
#4349=AXIS2_PLACEMENT_3D('',#6495,#5335,#5336);
#4350=AXIS2_PLACEMENT_3D('',#6497,#5338,#5339);
#4351=AXIS2_PLACEMENT_3D('',#6498,#5340,#5341);
#4352=AXIS2_PLACEMENT_3D('',#6499,#5342,#5343);
#4353=AXIS2_PLACEMENT_3D('',#6500,#5344,#5345);
#4354=AXIS2_PLACEMENT_3D('',#6525,#5358,#5359);
#4355=AXIS2_PLACEMENT_3D('',#6531,#5363,#5364);
#4356=AXIS2_PLACEMENT_3D('',#6535,#5367,#5368);
#4357=AXIS2_PLACEMENT_3D('',#6539,#5371,#5372);
#4358=AXIS2_PLACEMENT_3D('',#6543,#5375,#5376);
#4359=AXIS2_PLACEMENT_3D('',#6547,#5379,#5380);
#4360=AXIS2_PLACEMENT_3D('',#6551,#5383,#5384);
#4361=AXIS2_PLACEMENT_3D('',#6555,#5387,#5388);
#4362=AXIS2_PLACEMENT_3D('',#6559,#5391,#5392);
#4363=AXIS2_PLACEMENT_3D('',#6563,#5395,#5396);
#4364=AXIS2_PLACEMENT_3D('',#6567,#5399,#5400);
#4365=AXIS2_PLACEMENT_3D('',#6571,#5403,#5404);
#4366=AXIS2_PLACEMENT_3D('',#6573,#5406,#5407);
#4367=AXIS2_PLACEMENT_3D('',#6582,#5412,#5413);
#4368=AXIS2_PLACEMENT_3D('',#6588,#5417,#5418);
#4369=AXIS2_PLACEMENT_3D('',#6591,#5421,#5422);
#4370=AXIS2_PLACEMENT_3D('',#6592,#5423,#5424);
#4371=AXIS2_PLACEMENT_3D('',#6611,#5434,#5435);
#4372=AXIS2_PLACEMENT_3D('',#6617,#5439,#5440);
#4373=AXIS2_PLACEMENT_3D('',#6621,#5443,#5444);
#4374=AXIS2_PLACEMENT_3D('',#6625,#5447,#5448);
#4375=AXIS2_PLACEMENT_3D('',#6629,#5451,#5452);
#4376=AXIS2_PLACEMENT_3D('',#6633,#5455,#5456);
#4377=AXIS2_PLACEMENT_3D('',#6637,#5459,#5460);
#4378=AXIS2_PLACEMENT_3D('',#6641,#5463,#5464);
#4379=AXIS2_PLACEMENT_3D('',#6645,#5467,#5468);
#4380=AXIS2_PLACEMENT_3D('',#6647,#5470,#5471);
#4381=AXIS2_PLACEMENT_3D('',#6656,#5476,#5477);
#4382=AXIS2_PLACEMENT_3D('',#6662,#5481,#5482);
#4383=AXIS2_PLACEMENT_3D('',#6665,#5485,#5486);
#4384=AXIS2_PLACEMENT_3D('',#6666,#5487,#5488);
#4385=AXIS2_PLACEMENT_3D('',#6687,#5499,#5500);
#4386=AXIS2_PLACEMENT_3D('',#6693,#5504,#5505);
#4387=AXIS2_PLACEMENT_3D('',#6697,#5508,#5509);
#4388=AXIS2_PLACEMENT_3D('',#6701,#5512,#5513);
#4389=AXIS2_PLACEMENT_3D('',#6705,#5516,#5517);
#4390=AXIS2_PLACEMENT_3D('',#6709,#5520,#5521);
#4391=AXIS2_PLACEMENT_3D('',#6713,#5524,#5525);
#4392=AXIS2_PLACEMENT_3D('',#6717,#5528,#5529);
#4393=AXIS2_PLACEMENT_3D('',#6721,#5532,#5533);
#4394=AXIS2_PLACEMENT_3D('',#6725,#5536,#5537);
#4395=AXIS2_PLACEMENT_3D('',#6727,#5539,#5540);
#4396=AXIS2_PLACEMENT_3D('',#6736,#5545,#5546);
#4397=AXIS2_PLACEMENT_3D('',#6742,#5550,#5551);
#4398=AXIS2_PLACEMENT_3D('',#6745,#5554,#5555);
#4399=AXIS2_PLACEMENT_3D('',#6746,#5556,#5557);
#4400=AXIS2_PLACEMENT_3D('',#6755,#5562,#5563);
#4401=AXIS2_PLACEMENT_3D('',#6761,#5567,#5568);
#4402=AXIS2_PLACEMENT_3D('',#6767,#5572,#5573);
#4403=AXIS2_PLACEMENT_3D('',#6770,#5576,#5577);
#4404=AXIS2_PLACEMENT_3D('',#6771,#5578,#5579);
#4405=AXIS2_PLACEMENT_3D('',#6780,#5584,#5585);
#4406=AXIS2_PLACEMENT_3D('',#6786,#5589,#5590);
#4407=AXIS2_PLACEMENT_3D('',#6792,#5594,#5595);
#4408=AXIS2_PLACEMENT_3D('',#6795,#5598,#5599);
#4409=AXIS2_PLACEMENT_3D('',#6796,#5600,#5601);
#4410=AXIS2_PLACEMENT_3D('',#6797,#5602,#5603);
#4411=AXIS2_PLACEMENT_3D('',#6798,#5604,#5605);
#4412=AXIS2_PLACEMENT_3D('',#6799,#5606,#5607);
#4413=DIRECTION('axis',(0.,0.,1.));
#4414=DIRECTION('refdir',(1.,0.,0.));
#4415=DIRECTION('axis',(0.,0.,1.));
#4416=DIRECTION('refdir',(1.,0.,0.));
#4417=DIRECTION('axis',(0.,0.,1.));
#4418=DIRECTION('refdir',(1.,0.,0.));
#4419=DIRECTION('center_axis',(0.,0.,-1.));
#4420=DIRECTION('ref_axis',(-1.11022302462506E-15,1.,0.));
#4421=DIRECTION('center_axis',(0.,0.,1.));
#4422=DIRECTION('ref_axis',(-1.11022302462506E-15,1.,0.));
#4423=DIRECTION('',(0.,0.,-1.));
#4424=DIRECTION('center_axis',(0.,0.,-1.));
#4425=DIRECTION('ref_axis',(-1.11022302462506E-15,1.,0.));
#4426=DIRECTION('',(0.,0.,-1.));
#4427=DIRECTION('center_axis',(-1.,0.,0.));
#4428=DIRECTION('ref_axis',(0.,1.,0.));
#4429=DIRECTION('',(0.,-1.,0.));
#4430=DIRECTION('',(0.,1.,0.));
#4431=DIRECTION('',(0.,0.,-1.));
#4432=DIRECTION('center_axis',(1.,0.,0.));
#4433=DIRECTION('ref_axis',(0.,1.,0.));
#4434=DIRECTION('center_axis',(1.,0.,0.));
#4435=DIRECTION('ref_axis',(0.,1.,0.));
#4436=DIRECTION('center_axis',(0.,0.,-1.));
#4437=DIRECTION('ref_axis',(-0.999999999999958,2.90572641503659E-7,0.));
#4438=DIRECTION('center_axis',(0.,0.,1.));
#4439=DIRECTION('ref_axis',(-0.999999999999958,2.90572641503659E-7,0.));
#4440=DIRECTION('center_axis',(0.,0.,-1.));
#4441=DIRECTION('ref_axis',(-0.999999999999958,2.90572641503659E-7,0.));
#4442=DIRECTION('',(0.,0.,-1.));
#4443=DIRECTION('center_axis',(0.,1.,0.));
#4444=DIRECTION('ref_axis',(-1.,0.,0.));
#4445=DIRECTION('',(1.,0.,0.));
#4446=DIRECTION('',(-1.,0.,0.));
#4447=DIRECTION('',(0.,0.,-1.));
#4448=DIRECTION('',(-1.,0.,0.));
#4449=DIRECTION('',(0.,0.,1.));
#4450=DIRECTION('center_axis',(0.,-1.,0.));
#4451=DIRECTION('ref_axis',(1.,5.89377655047923E-16,0.));
#4452=DIRECTION('center_axis',(0.,-1.,0.));
#4453=DIRECTION('ref_axis',(1.,5.89377655047923E-16,0.));
#4454=DIRECTION('center_axis',(0.,0.,1.));
#4455=DIRECTION('ref_axis',(0.,-1.,0.));
#4456=DIRECTION('',(1.,0.,0.));
#4457=DIRECTION('',(0.,1.,0.));
#4458=DIRECTION('center_axis',(-1.,0.,0.));
#4459=DIRECTION('ref_axis',(0.,-1.,0.));
#4460=DIRECTION('',(0.,0.,1.));
#4461=DIRECTION('',(0.,1.,0.));
#4462=DIRECTION('',(0.,0.,1.));
#4463=DIRECTION('',(0.,1.,0.));
#4464=DIRECTION('',(0.,0.,-1.));
#4465=DIRECTION('',(0.,-1.,0.));
#4466=DIRECTION('center_axis',(1.,0.,0.));
#4467=DIRECTION('ref_axis',(0.,1.,0.));
#4468=DIRECTION('center_axis',(1.,0.,0.));
#4469=DIRECTION('ref_axis',(0.,1.,0.));
#4470=DIRECTION('center_axis',(-1.,0.,0.));
#4471=DIRECTION('ref_axis',(0.,1.,0.));
#4472=DIRECTION('',(-1.,0.,0.));
#4473=DIRECTION('center_axis',(-1.,0.,0.));
#4474=DIRECTION('ref_axis',(0.,1.,0.));
#4475=DIRECTION('',(-1.,0.,0.));
#4476=DIRECTION('center_axis',(-5.89377655047923E-16,1.,0.));
#4477=DIRECTION('ref_axis',(1.,5.89377655047923E-16,0.));
#4478=DIRECTION('center_axis',(-5.9211894646675E-16,1.,0.));
#4479=DIRECTION('ref_axis',(1.,5.89377655047923E-16,0.));
#4480=DIRECTION('',(-5.89377655047923E-16,1.,0.));
#4481=DIRECTION('center_axis',(-5.89377655047923E-16,1.,0.));
#4482=DIRECTION('ref_axis',(1.,5.89377655047923E-16,0.));
#4483=DIRECTION('center_axis',(0.,1.,0.));
#4484=DIRECTION('ref_axis',(1.,5.89377655047923E-16,0.));
#4485=DIRECTION('',(-5.89377655047923E-16,1.,0.));
#4486=DIRECTION('center_axis',(-5.9211894646675E-16,-1.,0.));
#4487=DIRECTION('ref_axis',(1.,5.89377655047923E-16,0.));
#4488=DIRECTION('center_axis',(-5.89377655047923E-16,1.,0.));
#4489=DIRECTION('ref_axis',(1.,5.89377655047923E-16,0.));
#4490=DIRECTION('center_axis',(-5.9211894646675E-16,1.,0.));
#4491=DIRECTION('ref_axis',(1.,5.89377655047923E-16,0.));
#4492=DIRECTION('',(-5.89377655047923E-16,1.,0.));
#4493=DIRECTION('center_axis',(-5.89377655047923E-16,1.,0.));
#4494=DIRECTION('ref_axis',(1.,5.89377655047923E-16,0.));
#4495=DIRECTION('center_axis',(0.,1.,0.));
#4496=DIRECTION('ref_axis',(1.,5.89377655047923E-16,0.));
#4497=DIRECTION('',(-5.89377655047923E-16,1.,0.));
#4498=DIRECTION('center_axis',(-5.9211894646675E-16,-1.,0.));
#4499=DIRECTION('ref_axis',(1.,5.89377655047923E-16,0.));
#4500=DIRECTION('center_axis',(0.,-1.,0.));
#4501=DIRECTION('ref_axis',(1.,0.,0.));
#4502=DIRECTION('',(0.,0.,1.));
#4503=DIRECTION('',(-1.,0.,0.));
#4504=DIRECTION('',(1.,0.,0.));
#4505=DIRECTION('center_axis',(0.,0.,1.));
#4506=DIRECTION('ref_axis',(0.,-1.,0.));
#4507=DIRECTION('',(-6.2172489379009E-15,1.,0.));
#4508=DIRECTION('',(1.,5.9211894646675E-16,0.));
#4509=DIRECTION('center_axis',(0.,0.,-1.));
#4510=DIRECTION('ref_axis',(0.,-1.,0.));
#4511=DIRECTION('',(-1.11869800954596E-15,1.,0.));
#4512=DIRECTION('center_axis',(0.,0.,1.));
#4513=DIRECTION('ref_axis',(4.16333634234434E-16,-1.,0.));
#4514=DIRECTION('',(1.,0.,0.));
#4515=DIRECTION('center_axis',(0.,0.,1.));
#4516=DIRECTION('ref_axis',(-1.,-4.16333634234435E-16,0.));
#4517=DIRECTION('',(6.77998793664218E-17,-1.,0.));
#4518=DIRECTION('center_axis',(0.,0.,-1.));
#4519=DIRECTION('ref_axis',(-1.,2.22044604925031E-15,0.));
#4520=DIRECTION('',(-1.,0.,0.));
#4521=DIRECTION('',(-1.,5.9211894646675E-16,0.));
#4522=DIRECTION('',(6.2172489379009E-15,1.,0.));
#4523=DIRECTION('center_axis',(0.,0.,-1.));
#4524=DIRECTION('ref_axis',(1.,2.46716227694479E-16,0.));
#4525=DIRECTION('',(5.96400798352357E-16,-1.,0.));
#4526=DIRECTION('center_axis',(0.,0.,-1.));
#4527=DIRECTION('ref_axis',(-1.,0.,0.));
#4528=DIRECTION('',(5.50523813863714E-17,1.,0.));
#4529=DIRECTION('center_axis',(5.9211894646675E-16,1.,0.));
#4530=DIRECTION('ref_axis',(-1.,5.9211894646675E-16,0.));
#4531=DIRECTION('',(1.,-5.9211894646675E-16,0.));
#4532=DIRECTION('',(0.,0.,1.));
#4533=DIRECTION('center_axis',(1.,6.2172489379009E-15,0.));
#4534=DIRECTION('ref_axis',(-6.2172489379009E-15,1.,0.));
#4535=DIRECTION('',(0.,0.,1.));
#4536=DIRECTION('',(6.2172489379009E-15,-1.,0.));
#4537=DIRECTION('center_axis',(5.9211894646675E-16,-1.,0.));
#4538=DIRECTION('ref_axis',(1.,5.9211894646675E-16,0.));
#4539=DIRECTION('',(0.,0.,1.));
#4540=DIRECTION('',(-1.,0.,0.));
#4541=DIRECTION('',(0.,0.,1.));
#4542=DIRECTION('',(-1.,-5.9211894646675E-16,0.));
#4543=DIRECTION('center_axis',(0.,0.,1.));
#4544=DIRECTION('ref_axis',(0.,-1.,0.));
#4545=DIRECTION('',(6.77998793664218E-17,-1.,0.));
#4546=DIRECTION('center_axis',(0.,0.,1.));
#4547=DIRECTION('ref_axis',(-1.,-4.16333634234435E-16,0.));
#4548=DIRECTION('',(1.,0.,0.));
#4549=DIRECTION('center_axis',(0.,0.,1.));
#4550=DIRECTION('ref_axis',(4.16333634234434E-16,-1.,0.));
#4551=DIRECTION('',(-1.11869800954596E-15,1.,0.));
#4552=DIRECTION('center_axis',(0.,0.,-1.));
#4553=DIRECTION('ref_axis',(0.,-1.,0.));
#4554=DIRECTION('center_axis',(0.,0.,-1.));
#4555=DIRECTION('ref_axis',(-1.,2.22044604925031E-15,0.));
#4556=DIRECTION('',(5.50523813863714E-17,1.,0.));
#4557=DIRECTION('center_axis',(0.,0.,-1.));
#4558=DIRECTION('ref_axis',(-1.,0.,0.));
#4559=DIRECTION('',(5.96400798352357E-16,-1.,0.));
#4560=DIRECTION('center_axis',(0.,0.,-1.));
#4561=DIRECTION('ref_axis',(1.,2.46716227694479E-16,0.));
#4562=DIRECTION('center_axis',(1.,-6.2172489379009E-15,0.));
#4563=DIRECTION('ref_axis',(6.2172489379009E-15,1.,0.));
#4564=DIRECTION('',(-6.2172489379009E-15,-1.,0.));
#4565=DIRECTION('center_axis',(-1.,-5.96400798352357E-16,0.));
#4566=DIRECTION('ref_axis',(5.96400798352357E-16,-1.,0.));
#4567=DIRECTION('',(0.,0.,1.));
#4568=DIRECTION('',(0.,0.,1.));
#4569=DIRECTION('center_axis',(0.,0.,1.));
#4570=DIRECTION('ref_axis',(-1.,0.,0.));
#4571=DIRECTION('',(0.,0.,1.));
#4572=DIRECTION('center_axis',(1.,-5.50523813863714E-17,0.));
#4573=DIRECTION('ref_axis',(5.50523813863714E-17,1.,0.));
#4574=DIRECTION('',(0.,0.,1.));
#4575=DIRECTION('center_axis',(0.,0.,1.));
#4576=DIRECTION('ref_axis',(1.,2.46716227694479E-16,0.));
#4577=DIRECTION('center_axis',(1.,1.11869800954596E-15,0.));
#4578=DIRECTION('ref_axis',(-1.11869800954596E-15,1.,0.));
#4579=DIRECTION('',(0.,0.,1.));
#4580=DIRECTION('',(0.,0.,1.));
#4581=DIRECTION('center_axis',(0.,0.,1.));
#4582=DIRECTION('ref_axis',(4.16333634234434E-16,-1.,0.));
#4583=DIRECTION('',(0.,0.,1.));
#4584=DIRECTION('center_axis',(0.,-1.,0.));
#4585=DIRECTION('ref_axis',(1.,0.,0.));
#4586=DIRECTION('',(0.,0.,1.));
#4587=DIRECTION('center_axis',(0.,0.,1.));
#4588=DIRECTION('ref_axis',(-1.,-4.16333634234435E-16,0.));
#4589=DIRECTION('',(0.,0.,1.));
#4590=DIRECTION('center_axis',(-1.,-6.77998793664218E-17,0.));
#4591=DIRECTION('ref_axis',(6.77998793664218E-17,-1.,0.));
#4592=DIRECTION('',(0.,0.,1.));
#4593=DIRECTION('center_axis',(0.,0.,1.));
#4594=DIRECTION('ref_axis',(-1.,2.22044604925031E-15,0.));
#4595=DIRECTION('center_axis',(0.,0.,1.));
#4596=DIRECTION('ref_axis',(0.,-1.,0.));
#4597=DIRECTION('center_axis',(0.,0.,1.));
#4598=DIRECTION('ref_axis',(0.,-1.,0.));
#4599=DIRECTION('center_axis',(0.,0.,1.));
#4600=DIRECTION('ref_axis',(0.,-1.,0.));
#4601=DIRECTION('axis',(0.,0.,1.));
#4602=DIRECTION('refdir',(1.,0.,0.));
#4603=DIRECTION('center_axis',(1.,0.,7.40148683083438E-16));
#4604=DIRECTION('ref_axis',(7.40148683083438E-16,0.,-1.));
#4605=DIRECTION('',(0.,0.,1.));
#4606=DIRECTION('',(0.,1.,0.));
#4607=DIRECTION('',(7.40148683083438E-16,0.,-1.));
#4608=DIRECTION('',(0.,-1.,0.));
#4609=DIRECTION('center_axis',(-1.,0.,9.71445146547012E-16));
#4610=DIRECTION('ref_axis',(9.71445146547012E-16,0.,1.));
#4611=DIRECTION('',(0.,0.,-1.));
#4612=DIRECTION('',(0.,1.,0.));
#4613=DIRECTION('',(9.71445146547012E-16,0.,1.));
#4614=DIRECTION('',(0.,-1.,0.));
#4615=DIRECTION('center_axis',(0.,1.,0.));
#4616=DIRECTION('ref_axis',(0.,0.,1.));
#4617=DIRECTION('',(-1.,0.,0.));
#4618=DIRECTION('',(-1.,0.,0.));
#4619=DIRECTION('',(1.,0.,0.));
#4620=DIRECTION('center_axis',(0.,0.,-1.));
#4621=DIRECTION('ref_axis',(-1.,0.,0.));
#4622=DIRECTION('center_axis',(0.,0.,-1.));
#4623=DIRECTION('ref_axis',(1.,0.,0.));
#4624=DIRECTION('center_axis',(0.,0.,-1.));
#4625=DIRECTION('ref_axis',(0.291674735813114,0.956517563084103,0.));
#4626=DIRECTION('',(0.223831620355011,0.974627829342693,0.));
#4627=DIRECTION('center_axis',(0.,0.,1.));
#4628=DIRECTION('ref_axis',(0.155077163835463,0.987902360183813,0.));
#4629=DIRECTION('center_axis',(0.,0.,-1.));
#4630=DIRECTION('ref_axis',(-4.17705636014766E-17,1.,0.));
#4631=DIRECTION('center_axis',(0.,0.,1.));
#4632=DIRECTION('ref_axis',(0.974627829342692,0.223831620355017,0.));
#4633=DIRECTION('',(0.223831620355011,-0.974627829342693,0.));
#4634=DIRECTION('center_axis',(0.,0.,-1.));
#4635=DIRECTION('ref_axis',(0.974627829342692,0.223831620355017,0.));
#4636=DIRECTION('center_axis',(0.,0.,-1.));
#4637=DIRECTION('ref_axis',(1.,0.,0.));
#4638=DIRECTION('center_axis',(0.,0.,-1.));
#4639=DIRECTION('ref_axis',(-0.179434150445752,-0.983769986152155,0.));
#4640=DIRECTION('',(0.573576436351044,0.819152044288993,0.));
#4641=DIRECTION('center_axis',(0.,0.,1.));
#4642=DIRECTION('ref_axis',(-0.0216774371071896,-0.999765016751668,0.));
#4643=DIRECTION('center_axis',(0.,0.,-1.));
#4644=DIRECTION('ref_axis',(2.04653949234065E-16,-1.,0.));
#4645=DIRECTION('center_axis',(0.,0.,1.));
#4646=DIRECTION('ref_axis',(-0.819152044288992,-0.573576436351045,0.));
#4647=DIRECTION('',(0.573576436351044,-0.819152044288993,0.));
#4648=DIRECTION('center_axis',(0.,0.,-1.));
#4649=DIRECTION('ref_axis',(-0.819152044288992,-0.573576436351046,0.));
#4650=DIRECTION('center_axis',(0.,0.,-1.));
#4651=DIRECTION('ref_axis',(1.,0.,0.));
#4652=DIRECTION('center_axis',(0.,0.,1.));
#4653=DIRECTION('ref_axis',(1.,0.,0.));
#4654=DIRECTION('center_axis',(0.,0.,1.));
#4655=DIRECTION('ref_axis',(1.,0.,0.));
#4656=DIRECTION('center_axis',(0.,0.,1.));
#4657=DIRECTION('ref_axis',(1.,0.,0.));
#4658=DIRECTION('center_axis',(0.,0.,1.));
#4659=DIRECTION('ref_axis',(1.,0.,0.));
#4660=DIRECTION('center_axis',(0.,0.,-1.));
#4661=DIRECTION('ref_axis',(1.,0.,0.));
#4662=DIRECTION('center_axis',(0.,0.,-1.));
#4663=DIRECTION('ref_axis',(1.,0.,0.));
#4664=DIRECTION('center_axis',(0.,0.,-1.));
#4665=DIRECTION('ref_axis',(1.,0.,0.));
#4666=DIRECTION('center_axis',(0.,0.,-1.));
#4667=DIRECTION('ref_axis',(-0.819152044288992,-0.573576436351046,0.));
#4668=DIRECTION('',(0.573576436351044,-0.819152044288993,0.));
#4669=DIRECTION('center_axis',(0.,0.,1.));
#4670=DIRECTION('ref_axis',(-0.819152044288992,-0.573576436351045,0.));
#4671=DIRECTION('center_axis',(0.,0.,-1.));
#4672=DIRECTION('ref_axis',(2.04653949234065E-16,-1.,0.));
#4673=DIRECTION('center_axis',(0.,0.,1.));
#4674=DIRECTION('ref_axis',(-0.0216774371071896,-0.999765016751668,0.));
#4675=DIRECTION('',(0.573576436351044,0.819152044288993,0.));
#4676=DIRECTION('center_axis',(0.,0.,-1.));
#4677=DIRECTION('ref_axis',(-0.179434150445752,-0.983769986152155,0.));
#4678=DIRECTION('center_axis',(0.,0.,-1.));
#4679=DIRECTION('ref_axis',(1.,0.,0.));
#4680=DIRECTION('center_axis',(0.,0.,-1.));
#4681=DIRECTION('ref_axis',(0.974627829342692,0.223831620355017,0.));
#4682=DIRECTION('',(0.223831620355011,-0.974627829342693,0.));
#4683=DIRECTION('center_axis',(0.,0.,1.));
#4684=DIRECTION('ref_axis',(0.974627829342692,0.223831620355017,0.));
#4685=DIRECTION('center_axis',(0.,0.,-1.));
#4686=DIRECTION('ref_axis',(-4.17705636014766E-17,1.,0.));
#4687=DIRECTION('center_axis',(0.,0.,1.));
#4688=DIRECTION('ref_axis',(0.155077163835463,0.987902360183813,0.));
#4689=DIRECTION('',(0.223831620355011,0.974627829342693,0.));
#4690=DIRECTION('center_axis',(0.,0.,-1.));
#4691=DIRECTION('ref_axis',(0.291674735813114,0.956517563084103,0.));
#4692=DIRECTION('center_axis',(0.,0.,-1.));
#4693=DIRECTION('ref_axis',(1.,0.,0.));
#4694=DIRECTION('center_axis',(0.,0.,-1.));
#4695=DIRECTION('ref_axis',(1.,0.,0.));
#4696=DIRECTION('center_axis',(0.974627829342693,-0.223831620355011,0.));
#4697=DIRECTION('ref_axis',(-0.223831620355011,-0.974627829342693,0.));
#4698=DIRECTION('',(0.,0.,-1.));
#4699=DIRECTION('',(0.,0.,-1.));
#4700=DIRECTION('center_axis',(0.,0.,-1.));
#4701=DIRECTION('ref_axis',(0.291674735813114,0.956517563084103,0.));
#4702=DIRECTION('',(0.,0.,-1.));
#4703=DIRECTION('center_axis',(0.,0.,-1.));
#4704=DIRECTION('ref_axis',(-1.,0.,0.));
#4705=DIRECTION('',(0.,0.,-1.));
#4706=DIRECTION('center_axis',(0.,0.,-1.));
#4707=DIRECTION('ref_axis',(-1.,0.,0.));
#4708=DIRECTION('',(0.,0.,-1.));
#4709=DIRECTION('center_axis',(0.,0.,-1.));
#4710=DIRECTION('ref_axis',(0.974627829342692,0.223831620355017,0.));
#4711=DIRECTION('',(0.,0.,-1.));
#4712=DIRECTION('',(0.,0.,-1.));
#4713=DIRECTION('center_axis',(-0.974627829342693,-0.223831620355011,0.));
#4714=DIRECTION('ref_axis',(-0.223831620355011,0.974627829342693,0.));
#4715=DIRECTION('',(0.,0.,-1.));
#4716=DIRECTION('center_axis',(0.,0.,-1.));
#4717=DIRECTION('ref_axis',(0.974627829342692,0.223831620355017,0.));
#4718=DIRECTION('',(0.,0.,-1.));
#4719=DIRECTION('center_axis',(0.,0.,-1.));
#4720=DIRECTION('ref_axis',(1.64235243516212E-16,-1.,0.));
#4721=DIRECTION('',(0.,0.,-1.));
#4722=DIRECTION('center_axis',(0.,0.,-1.));
#4723=DIRECTION('ref_axis',(0.155077163835463,0.987902360183813,0.));
#4724=DIRECTION('center_axis',(-0.819152044288993,-0.573576436351044,0.));
#4725=DIRECTION('ref_axis',(-0.573576436351044,0.819152044288993,0.));
#4726=DIRECTION('',(0.,0.,-1.));
#4727=DIRECTION('',(0.,0.,-1.));
#4728=DIRECTION('center_axis',(0.,0.,-1.));
#4729=DIRECTION('ref_axis',(-0.819152044288992,-0.573576436351046,0.));
#4730=DIRECTION('',(0.,0.,-1.));
#4731=DIRECTION('center_axis',(0.,0.,-1.));
#4732=DIRECTION('ref_axis',(-1.,0.,0.));
#4733=DIRECTION('',(0.,0.,-1.));
#4734=DIRECTION('center_axis',(0.,0.,-1.));
#4735=DIRECTION('ref_axis',(-0.179434150445752,-0.983769986152155,0.));
#4736=DIRECTION('',(0.,0.,-1.));
#4737=DIRECTION('',(0.,0.,-1.));
#4738=DIRECTION('center_axis',(0.819152044288993,-0.573576436351044,0.));
#4739=DIRECTION('ref_axis',(-0.573576436351044,-0.819152044288993,0.));
#4740=DIRECTION('',(0.,0.,-1.));
#4741=DIRECTION('center_axis',(0.,0.,-1.));
#4742=DIRECTION('ref_axis',(-0.0216774371071896,-0.999765016751668,0.));
#4743=DIRECTION('',(0.,0.,-1.));
#4744=DIRECTION('center_axis',(0.,0.,-1.));
#4745=DIRECTION('ref_axis',(-3.271186291488E-16,1.,0.));
#4746=DIRECTION('',(0.,0.,-1.));
#4747=DIRECTION('center_axis',(0.,0.,-1.));
#4748=DIRECTION('ref_axis',(-0.819152044288992,-0.573576436351045,0.));
#4749=DIRECTION('center_axis',(0.,0.,-1.));
#4750=DIRECTION('ref_axis',(0.998331026818424,0.0577508518696659,0.));
#4751=DIRECTION('center_axis',(0.,0.,-1.));
#4752=DIRECTION('ref_axis',(-1.,0.,0.));
#4753=DIRECTION('center_axis',(0.,0.,-1.));
#4754=DIRECTION('ref_axis',(-1.,0.,0.));
#4755=DIRECTION('center_axis',(0.,0.,-1.));
#4756=DIRECTION('ref_axis',(1.,0.,0.));
#4757=DIRECTION('',(0.,0.,1.));
#4758=DIRECTION('center_axis',(0.,0.,-1.));
#4759=DIRECTION('ref_axis',(-1.,0.,0.));
#4760=DIRECTION('center_axis',(0.,0.,-1.));
#4761=DIRECTION('ref_axis',(1.,0.,0.));
#4762=DIRECTION('center_axis',(0.,0.,-1.));
#4763=DIRECTION('ref_axis',(-1.,0.,0.));
#4764=DIRECTION('center_axis',(0.,0.,-1.));
#4765=DIRECTION('ref_axis',(1.,0.,0.));
#4766=DIRECTION('center_axis',(0.,0.,-1.));
#4767=DIRECTION('ref_axis',(1.,0.,0.));
#4768=DIRECTION('',(0.,0.,1.));
#4769=DIRECTION('center_axis',(0.,0.,1.));
#4770=DIRECTION('ref_axis',(1.,0.,0.));
#4771=DIRECTION('center_axis',(0.,0.,-1.));
#4772=DIRECTION('ref_axis',(1.,0.,0.));
#4773=DIRECTION('center_axis',(0.,0.,-1.));
#4774=DIRECTION('ref_axis',(1.83697019872103E-16,-1.,0.));
#4775=DIRECTION('center_axis',(0.,0.,-1.));
#4776=DIRECTION('ref_axis',(-1.,0.,0.));
#4777=DIRECTION('center_axis',(0.,0.,-1.));
#4778=DIRECTION('ref_axis',(1.,0.,0.));
#4779=DIRECTION('center_axis',(-1.22464679914735E-16,-1.,0.));
#4780=DIRECTION('ref_axis',(1.,-1.22464679914735E-16,0.));
#4781=DIRECTION('center_axis',(0.,0.,-1.));
#4782=DIRECTION('ref_axis',(1.,0.,0.));
#4783=DIRECTION('center_axis',(0.,0.,-1.));
#4784=DIRECTION('ref_axis',(-1.,0.,0.));
#4785=DIRECTION('center_axis',(0.,0.,-1.));
#4786=DIRECTION('ref_axis',(1.,0.,0.));
#4787=DIRECTION('center_axis',(-1.22464679914735E-16,-1.,0.));
#4788=DIRECTION('ref_axis',(1.,-1.22464679914735E-16,0.));
#4789=DIRECTION('center_axis',(0.,0.,-1.));
#4790=DIRECTION('ref_axis',(-1.,0.,0.));
#4791=DIRECTION('center_axis',(0.,0.,-1.));
#4792=DIRECTION('ref_axis',(1.,0.,0.));
#4793=DIRECTION('center_axis',(-1.22464679914735E-16,-1.,0.));
#4794=DIRECTION('ref_axis',(1.,-1.22464679914735E-16,0.));
#4795=DIRECTION('center_axis',(0.,0.,-1.));
#4796=DIRECTION('ref_axis',(-1.,0.,0.));
#4797=DIRECTION('center_axis',(0.,0.,-1.));
#4798=DIRECTION('ref_axis',(1.,0.,0.));
#4799=DIRECTION('center_axis',(-1.22464679914735E-16,-1.,0.));
#4800=DIRECTION('ref_axis',(1.,-1.22464679914735E-16,0.));
#4801=DIRECTION('center_axis',(0.,0.,-1.));
#4802=DIRECTION('ref_axis',(-1.,0.,0.));
#4803=DIRECTION('center_axis',(0.,0.,-1.));
#4804=DIRECTION('ref_axis',(1.,0.,0.));
#4805=DIRECTION('center_axis',(-1.22464679914735E-16,-1.,0.));
#4806=DIRECTION('ref_axis',(1.,-1.22464679914735E-16,0.));
#4807=DIRECTION('center_axis',(0.,0.,-1.));
#4808=DIRECTION('ref_axis',(-1.,0.,0.));
#4809=DIRECTION('center_axis',(0.,0.,-1.));
#4810=DIRECTION('ref_axis',(1.,0.,0.));
#4811=DIRECTION('center_axis',(-1.22464679914735E-16,-1.,0.));
#4812=DIRECTION('ref_axis',(1.,-1.22464679914735E-16,0.));
#4813=DIRECTION('center_axis',(0.,0.,-1.));
#4814=DIRECTION('ref_axis',(-1.,0.,0.));
#4815=DIRECTION('center_axis',(0.,0.,-1.));
#4816=DIRECTION('ref_axis',(1.,0.,0.));
#4817=DIRECTION('center_axis',(-1.22464679914735E-16,-1.,0.));
#4818=DIRECTION('ref_axis',(1.,-1.22464679914735E-16,0.));
#4819=DIRECTION('center_axis',(0.,0.,-1.));
#4820=DIRECTION('ref_axis',(-1.,0.,0.));
#4821=DIRECTION('center_axis',(0.,0.,-1.));
#4822=DIRECTION('ref_axis',(1.,0.,0.));
#4823=DIRECTION('center_axis',(-1.22464679914735E-16,-1.,0.));
#4824=DIRECTION('ref_axis',(1.,-1.22464679914735E-16,0.));
#4825=DIRECTION('center_axis',(0.,0.,-1.));
#4826=DIRECTION('ref_axis',(-1.,0.,0.));
#4827=DIRECTION('center_axis',(0.,0.,-1.));
#4828=DIRECTION('ref_axis',(1.,0.,0.));
#4829=DIRECTION('center_axis',(-1.22464679914735E-16,-1.,0.));
#4830=DIRECTION('ref_axis',(1.,-1.22464679914735E-16,0.));
#4831=DIRECTION('center_axis',(0.,0.,-1.));
#4832=DIRECTION('ref_axis',(-1.,0.,0.));
#4833=DIRECTION('center_axis',(0.,0.,-1.));
#4834=DIRECTION('ref_axis',(1.,0.,0.));
#4835=DIRECTION('center_axis',(-1.22464679914735E-16,-1.,0.));
#4836=DIRECTION('ref_axis',(1.,-1.22464679914735E-16,0.));
#4837=DIRECTION('center_axis',(0.,0.,-1.));
#4838=DIRECTION('ref_axis',(-1.,0.,0.));
#4839=DIRECTION('center_axis',(0.,0.,-1.));
#4840=DIRECTION('ref_axis',(1.,0.,0.));
#4841=DIRECTION('center_axis',(-1.22464679914735E-16,-1.,0.));
#4842=DIRECTION('ref_axis',(1.,-1.22464679914735E-16,0.));
#4843=DIRECTION('center_axis',(0.,0.,-1.));
#4844=DIRECTION('ref_axis',(-1.,0.,0.));
#4845=DIRECTION('center_axis',(0.,0.,-1.));
#4846=DIRECTION('ref_axis',(1.,0.,0.));
#4847=DIRECTION('center_axis',(-1.22464679914735E-16,-1.,0.));
#4848=DIRECTION('ref_axis',(1.,-1.22464679914735E-16,0.));
#4849=DIRECTION('center_axis',(0.,0.,-1.));
#4850=DIRECTION('ref_axis',(-1.,0.,0.));
#4851=DIRECTION('center_axis',(0.,0.,-1.));
#4852=DIRECTION('ref_axis',(1.,0.,0.));
#4853=DIRECTION('center_axis',(-1.22464679914735E-16,-1.,0.));
#4854=DIRECTION('ref_axis',(1.,-1.22464679914735E-16,0.));
#4855=DIRECTION('center_axis',(0.,0.,-1.));
#4856=DIRECTION('ref_axis',(-1.,0.,0.));
#4857=DIRECTION('center_axis',(0.,0.,-1.));
#4858=DIRECTION('ref_axis',(1.,0.,0.));
#4859=DIRECTION('center_axis',(-1.22464679914735E-16,-1.,0.));
#4860=DIRECTION('ref_axis',(1.,-1.22464679914735E-16,0.));
#4861=DIRECTION('center_axis',(0.,0.,-1.));
#4862=DIRECTION('ref_axis',(-1.,0.,0.));
#4863=DIRECTION('center_axis',(0.,0.,-1.));
#4864=DIRECTION('ref_axis',(1.,0.,0.));
#4865=DIRECTION('center_axis',(-1.22464679914735E-16,-1.,0.));
#4866=DIRECTION('ref_axis',(1.,-1.22464679914735E-16,0.));
#4867=DIRECTION('center_axis',(0.,0.,-1.));
#4868=DIRECTION('ref_axis',(-1.,0.,0.));
#4869=DIRECTION('center_axis',(0.,0.,-1.));
#4870=DIRECTION('ref_axis',(1.,0.,0.));
#4871=DIRECTION('center_axis',(-1.22464679914735E-16,-1.,0.));
#4872=DIRECTION('ref_axis',(1.,-1.22464679914735E-16,0.));
#4873=DIRECTION('center_axis',(0.,0.,-1.));
#4874=DIRECTION('ref_axis',(-1.,0.,0.));
#4875=DIRECTION('center_axis',(0.,0.,-1.));
#4876=DIRECTION('ref_axis',(1.,0.,0.));
#4877=DIRECTION('center_axis',(-1.22464679914735E-16,-1.,0.));
#4878=DIRECTION('ref_axis',(1.,-1.22464679914735E-16,0.));
#4879=DIRECTION('center_axis',(0.,0.,-1.));
#4880=DIRECTION('ref_axis',(-1.,0.,0.));
#4881=DIRECTION('center_axis',(0.,0.,-1.));
#4882=DIRECTION('ref_axis',(1.,0.,0.));
#4883=DIRECTION('center_axis',(-1.22464679914735E-16,-1.,0.));
#4884=DIRECTION('ref_axis',(1.,-1.22464679914735E-16,0.));
#4885=DIRECTION('center_axis',(0.,0.,-1.));
#4886=DIRECTION('ref_axis',(-1.,0.,0.));
#4887=DIRECTION('center_axis',(0.,0.,-1.));
#4888=DIRECTION('ref_axis',(1.,0.,0.));
#4889=DIRECTION('center_axis',(-1.22464679914735E-16,-1.,0.));
#4890=DIRECTION('ref_axis',(1.,-1.22464679914735E-16,0.));
#4891=DIRECTION('center_axis',(0.,0.,-1.));
#4892=DIRECTION('ref_axis',(-1.,0.,0.));
#4893=DIRECTION('center_axis',(0.,0.,-1.));
#4894=DIRECTION('ref_axis',(1.,0.,0.));
#4895=DIRECTION('center_axis',(-1.22464679914735E-16,-1.,0.));
#4896=DIRECTION('ref_axis',(1.,-1.22464679914735E-16,0.));
#4897=DIRECTION('center_axis',(0.,0.,-1.));
#4898=DIRECTION('ref_axis',(-1.,0.,0.));
#4899=DIRECTION('center_axis',(0.,0.,-1.));
#4900=DIRECTION('ref_axis',(1.,0.,0.));
#4901=DIRECTION('center_axis',(-1.22464679914735E-16,-1.,0.));
#4902=DIRECTION('ref_axis',(1.,-1.22464679914735E-16,0.));
#4903=DIRECTION('center_axis',(0.,0.,-1.));
#4904=DIRECTION('ref_axis',(-1.,0.,0.));
#4905=DIRECTION('center_axis',(0.,0.,-1.));
#4906=DIRECTION('ref_axis',(1.,0.,0.));
#4907=DIRECTION('center_axis',(-1.22464679914735E-16,-1.,0.));
#4908=DIRECTION('ref_axis',(1.,-1.22464679914735E-16,0.));
#4909=DIRECTION('center_axis',(0.,0.,-1.));
#4910=DIRECTION('ref_axis',(-1.,0.,0.));
#4911=DIRECTION('center_axis',(0.,0.,-1.));
#4912=DIRECTION('ref_axis',(1.,0.,0.));
#4913=DIRECTION('center_axis',(-1.22464679914735E-16,-1.,0.));
#4914=DIRECTION('ref_axis',(1.,-1.22464679914735E-16,0.));
#4915=DIRECTION('center_axis',(0.,0.,-1.));
#4916=DIRECTION('ref_axis',(-1.,0.,0.));
#4917=DIRECTION('center_axis',(0.,0.,-1.));
#4918=DIRECTION('ref_axis',(1.,0.,0.));
#4919=DIRECTION('center_axis',(-1.22464679914735E-16,-1.,0.));
#4920=DIRECTION('ref_axis',(1.,-1.22464679914735E-16,0.));
#4921=DIRECTION('center_axis',(0.,0.,-1.));
#4922=DIRECTION('ref_axis',(-1.,0.,0.));
#4923=DIRECTION('center_axis',(0.,0.,-1.));
#4924=DIRECTION('ref_axis',(1.,0.,0.));
#4925=DIRECTION('center_axis',(-1.22464679914735E-16,-1.,0.));
#4926=DIRECTION('ref_axis',(1.,-1.22464679914735E-16,0.));
#4927=DIRECTION('center_axis',(0.,0.,-1.));
#4928=DIRECTION('ref_axis',(-1.,0.,0.));
#4929=DIRECTION('center_axis',(0.,0.,-1.));
#4930=DIRECTION('ref_axis',(1.,0.,0.));
#4931=DIRECTION('center_axis',(-1.22464679914735E-16,-1.,0.));
#4932=DIRECTION('ref_axis',(1.,-1.22464679914735E-16,0.));
#4933=DIRECTION('center_axis',(0.,0.,-1.));
#4934=DIRECTION('ref_axis',(-1.,0.,0.));
#4935=DIRECTION('center_axis',(0.,0.,-1.));
#4936=DIRECTION('ref_axis',(1.,0.,0.));
#4937=DIRECTION('center_axis',(-1.22464679914735E-16,-1.,0.));
#4938=DIRECTION('ref_axis',(1.,-1.22464679914735E-16,0.));
#4939=DIRECTION('center_axis',(0.,0.,-1.));
#4940=DIRECTION('ref_axis',(-1.,0.,0.));
#4941=DIRECTION('center_axis',(0.,0.,-1.));
#4942=DIRECTION('ref_axis',(1.,0.,0.));
#4943=DIRECTION('center_axis',(-1.22464679914735E-16,-1.,0.));
#4944=DIRECTION('ref_axis',(1.,-1.22464679914735E-16,0.));
#4945=DIRECTION('center_axis',(0.,0.,-1.));
#4946=DIRECTION('ref_axis',(-1.,0.,0.));
#4947=DIRECTION('center_axis',(0.,0.,-1.));
#4948=DIRECTION('ref_axis',(1.,0.,0.));
#4949=DIRECTION('center_axis',(-1.22464679914735E-16,-1.,0.));
#4950=DIRECTION('ref_axis',(1.,-1.22464679914735E-16,0.));
#4951=DIRECTION('center_axis',(0.,0.,-1.));
#4952=DIRECTION('ref_axis',(-1.,0.,0.));
#4953=DIRECTION('center_axis',(0.,0.,-1.));
#4954=DIRECTION('ref_axis',(1.,0.,0.));
#4955=DIRECTION('center_axis',(-1.22464679914735E-16,-1.,0.));
#4956=DIRECTION('ref_axis',(1.,-1.22464679914735E-16,0.));
#4957=DIRECTION('center_axis',(0.,0.,-1.));
#4958=DIRECTION('ref_axis',(-1.,0.,0.));
#4959=DIRECTION('center_axis',(0.,0.,-1.));
#4960=DIRECTION('ref_axis',(1.,0.,0.));
#4961=DIRECTION('center_axis',(-1.22464679914735E-16,-1.,0.));
#4962=DIRECTION('ref_axis',(1.,-1.22464679914735E-16,0.));
#4963=DIRECTION('center_axis',(0.,0.,-1.));
#4964=DIRECTION('ref_axis',(-1.,0.,0.));
#4965=DIRECTION('center_axis',(0.,0.,-1.));
#4966=DIRECTION('ref_axis',(1.,0.,0.));
#4967=DIRECTION('center_axis',(-1.22464679914735E-16,-1.,0.));
#4968=DIRECTION('ref_axis',(1.,-1.22464679914735E-16,0.));
#4969=DIRECTION('center_axis',(0.,0.,-1.));
#4970=DIRECTION('ref_axis',(-1.,0.,0.));
#4971=DIRECTION('center_axis',(0.,0.,-1.));
#4972=DIRECTION('ref_axis',(1.,0.,0.));
#4973=DIRECTION('center_axis',(-1.22464679914735E-16,-1.,0.));
#4974=DIRECTION('ref_axis',(1.,-1.22464679914735E-16,0.));
#4975=DIRECTION('center_axis',(0.,0.,-1.));
#4976=DIRECTION('ref_axis',(-1.,0.,0.));
#4977=DIRECTION('center_axis',(0.,0.,-1.));
#4978=DIRECTION('ref_axis',(1.,0.,0.));
#4979=DIRECTION('center_axis',(-1.22464679914735E-16,-1.,0.));
#4980=DIRECTION('ref_axis',(1.,-1.22464679914735E-16,0.));
#4981=DIRECTION('center_axis',(0.,0.,-1.));
#4982=DIRECTION('ref_axis',(-1.,0.,0.));
#4983=DIRECTION('center_axis',(0.,0.,-1.));
#4984=DIRECTION('ref_axis',(1.,0.,0.));
#4985=DIRECTION('center_axis',(-1.22464679914735E-16,-1.,0.));
#4986=DIRECTION('ref_axis',(1.,-1.22464679914735E-16,0.));
#4987=DIRECTION('center_axis',(0.,0.,-1.));
#4988=DIRECTION('ref_axis',(-1.,0.,0.));
#4989=DIRECTION('center_axis',(0.,0.,-1.));
#4990=DIRECTION('ref_axis',(1.,0.,0.));
#4991=DIRECTION('center_axis',(-1.22464679914735E-16,-1.,0.));
#4992=DIRECTION('ref_axis',(1.,-1.22464679914735E-16,0.));
#4993=DIRECTION('center_axis',(0.,0.,-1.));
#4994=DIRECTION('ref_axis',(-1.,0.,0.));
#4995=DIRECTION('center_axis',(0.,0.,-1.));
#4996=DIRECTION('ref_axis',(1.,0.,0.));
#4997=DIRECTION('center_axis',(-1.22464679914735E-16,-1.,0.));
#4998=DIRECTION('ref_axis',(1.,-1.22464679914735E-16,0.));
#4999=DIRECTION('center_axis',(0.,0.,-1.));
#5000=DIRECTION('ref_axis',(-1.,0.,0.));
#5001=DIRECTION('center_axis',(0.,0.,-1.));
#5002=DIRECTION('ref_axis',(1.,0.,0.));
#5003=DIRECTION('center_axis',(-1.22464679914735E-16,-1.,0.));
#5004=DIRECTION('ref_axis',(1.,-1.22464679914735E-16,0.));
#5005=DIRECTION('center_axis',(0.,0.,-1.));
#5006=DIRECTION('ref_axis',(-1.,0.,0.));
#5007=DIRECTION('center_axis',(0.,0.,-1.));
#5008=DIRECTION('ref_axis',(1.,0.,0.));
#5009=DIRECTION('center_axis',(-1.22464679914735E-16,-1.,0.));
#5010=DIRECTION('ref_axis',(1.,-1.22464679914735E-16,0.));
#5011=DIRECTION('center_axis',(0.,0.,-1.));
#5012=DIRECTION('ref_axis',(-1.,0.,0.));
#5013=DIRECTION('center_axis',(0.,0.,-1.));
#5014=DIRECTION('ref_axis',(1.,0.,0.));
#5015=DIRECTION('center_axis',(-1.22464679914735E-16,-1.,0.));
#5016=DIRECTION('ref_axis',(1.,-1.22464679914735E-16,0.));
#5017=DIRECTION('center_axis',(0.,0.,-1.));
#5018=DIRECTION('ref_axis',(-1.,0.,0.));
#5019=DIRECTION('center_axis',(0.,0.,-1.));
#5020=DIRECTION('ref_axis',(1.,0.,0.));
#5021=DIRECTION('center_axis',(-1.22464679914735E-16,-1.,0.));
#5022=DIRECTION('ref_axis',(1.,-1.22464679914735E-16,0.));
#5023=DIRECTION('center_axis',(0.,0.,-1.));
#5024=DIRECTION('ref_axis',(-1.,0.,0.));
#5025=DIRECTION('center_axis',(0.,0.,-1.));
#5026=DIRECTION('ref_axis',(1.,0.,0.));
#5027=DIRECTION('center_axis',(-1.22464679914735E-16,-1.,0.));
#5028=DIRECTION('ref_axis',(1.,-1.22464679914735E-16,0.));
#5029=DIRECTION('center_axis',(0.,0.,-1.));
#5030=DIRECTION('ref_axis',(-1.,0.,0.));
#5031=DIRECTION('center_axis',(0.,0.,-1.));
#5032=DIRECTION('ref_axis',(1.,0.,0.));
#5033=DIRECTION('center_axis',(-1.22464679914735E-16,-1.,0.));
#5034=DIRECTION('ref_axis',(1.,-1.22464679914735E-16,0.));
#5035=DIRECTION('center_axis',(0.,0.,-1.));
#5036=DIRECTION('ref_axis',(-1.,0.,0.));
#5037=DIRECTION('center_axis',(0.,0.,-1.));
#5038=DIRECTION('ref_axis',(1.,0.,0.));
#5039=DIRECTION('center_axis',(-1.22464679914735E-16,-1.,0.));
#5040=DIRECTION('ref_axis',(1.,-1.22464679914735E-16,0.));
#5041=DIRECTION('center_axis',(0.,0.,-1.));
#5042=DIRECTION('ref_axis',(-1.,0.,0.));
#5043=DIRECTION('center_axis',(0.,0.,-1.));
#5044=DIRECTION('ref_axis',(1.,0.,0.));
#5045=DIRECTION('center_axis',(-1.22464679914735E-16,-1.,0.));
#5046=DIRECTION('ref_axis',(1.,-1.22464679914735E-16,0.));
#5047=DIRECTION('center_axis',(0.,0.,-1.));
#5048=DIRECTION('ref_axis',(-1.,0.,0.));
#5049=DIRECTION('center_axis',(0.,0.,-1.));
#5050=DIRECTION('ref_axis',(1.,0.,0.));
#5051=DIRECTION('center_axis',(-1.22464679914735E-16,-1.,0.));
#5052=DIRECTION('ref_axis',(1.,-1.22464679914735E-16,0.));
#5053=DIRECTION('center_axis',(0.,0.,-1.));
#5054=DIRECTION('ref_axis',(-1.,0.,0.));
#5055=DIRECTION('center_axis',(0.,0.,-1.));
#5056=DIRECTION('ref_axis',(1.,0.,0.));
#5057=DIRECTION('center_axis',(-1.22464679914735E-16,-1.,0.));
#5058=DIRECTION('ref_axis',(1.,-1.22464679914735E-16,0.));
#5059=DIRECTION('center_axis',(0.,0.,-1.));
#5060=DIRECTION('ref_axis',(-1.,0.,0.));
#5061=DIRECTION('center_axis',(0.,0.,-1.));
#5062=DIRECTION('ref_axis',(1.,0.,0.));
#5063=DIRECTION('center_axis',(-1.22464679914735E-16,-1.,0.));
#5064=DIRECTION('ref_axis',(1.,-1.22464679914735E-16,0.));
#5065=DIRECTION('center_axis',(0.,0.,-1.));
#5066=DIRECTION('ref_axis',(-1.,0.,0.));
#5067=DIRECTION('center_axis',(0.,0.,-1.));
#5068=DIRECTION('ref_axis',(1.,0.,0.));
#5069=DIRECTION('center_axis',(-1.22464679914735E-16,-1.,0.));
#5070=DIRECTION('ref_axis',(1.,-1.22464679914735E-16,0.));
#5071=DIRECTION('center_axis',(0.,0.,-1.));
#5072=DIRECTION('ref_axis',(-1.,0.,0.));
#5073=DIRECTION('center_axis',(0.,0.,-1.));
#5074=DIRECTION('ref_axis',(1.,0.,0.));
#5075=DIRECTION('center_axis',(-1.22464679914735E-16,-1.,0.));
#5076=DIRECTION('ref_axis',(1.,-1.22464679914735E-16,0.));
#5077=DIRECTION('center_axis',(0.,0.,-1.));
#5078=DIRECTION('ref_axis',(-1.,0.,0.));
#5079=DIRECTION('center_axis',(0.,0.,-1.));
#5080=DIRECTION('ref_axis',(1.,0.,0.));
#5081=DIRECTION('center_axis',(-1.22464679914735E-16,-1.,0.));
#5082=DIRECTION('ref_axis',(1.,-1.22464679914735E-16,0.));
#5083=DIRECTION('center_axis',(0.,0.,-1.));
#5084=DIRECTION('ref_axis',(-1.,0.,0.));
#5085=DIRECTION('center_axis',(0.,0.,-1.));
#5086=DIRECTION('ref_axis',(1.,0.,0.));
#5087=DIRECTION('center_axis',(-1.22464679914735E-16,-1.,0.));
#5088=DIRECTION('ref_axis',(1.,-1.22464679914735E-16,0.));
#5089=DIRECTION('center_axis',(0.,0.,-1.));
#5090=DIRECTION('ref_axis',(-1.,0.,0.));
#5091=DIRECTION('center_axis',(0.,0.,-1.));
#5092=DIRECTION('ref_axis',(1.,0.,0.));
#5093=DIRECTION('center_axis',(-1.22464679914735E-16,-1.,0.));
#5094=DIRECTION('ref_axis',(1.,-1.22464679914735E-16,0.));
#5095=DIRECTION('center_axis',(0.,0.,-1.));
#5096=DIRECTION('ref_axis',(-1.,0.,0.));
#5097=DIRECTION('center_axis',(0.,0.,-1.));
#5098=DIRECTION('ref_axis',(1.,0.,0.));
#5099=DIRECTION('center_axis',(-1.22464679914735E-16,-1.,0.));
#5100=DIRECTION('ref_axis',(1.,-1.22464679914735E-16,0.));
#5101=DIRECTION('center_axis',(0.,0.,-1.));
#5102=DIRECTION('ref_axis',(-1.,0.,0.));
#5103=DIRECTION('center_axis',(0.,0.,-1.));
#5104=DIRECTION('ref_axis',(1.,0.,0.));
#5105=DIRECTION('center_axis',(-1.22464679914735E-16,-1.,0.));
#5106=DIRECTION('ref_axis',(1.,-1.22464679914735E-16,0.));
#5107=DIRECTION('center_axis',(0.,0.,-1.));
#5108=DIRECTION('ref_axis',(-1.,0.,0.));
#5109=DIRECTION('center_axis',(0.,0.,-1.));
#5110=DIRECTION('ref_axis',(1.,0.,0.));
#5111=DIRECTION('center_axis',(-1.22464679914735E-16,-1.,0.));
#5112=DIRECTION('ref_axis',(1.,-1.22464679914735E-16,0.));
#5113=DIRECTION('center_axis',(0.,0.,-1.));
#5114=DIRECTION('ref_axis',(-1.,0.,0.));
#5115=DIRECTION('center_axis',(0.,0.,-1.));
#5116=DIRECTION('ref_axis',(1.,0.,0.));
#5117=DIRECTION('center_axis',(-1.22464679914735E-16,-1.,0.));
#5118=DIRECTION('ref_axis',(1.,-1.22464679914735E-16,0.));
#5119=DIRECTION('center_axis',(0.,0.,-1.));
#5120=DIRECTION('ref_axis',(-1.,0.,0.));
#5121=DIRECTION('center_axis',(-1.22464679914735E-16,-1.,0.));
#5122=DIRECTION('ref_axis',(1.,-1.22464679914735E-16,0.));
#5123=DIRECTION('axis',(0.,0.,1.));
#5124=DIRECTION('refdir',(1.,0.,0.));
#5125=DIRECTION('center_axis',(0.,-1.,0.));
#5126=DIRECTION('ref_axis',(-1.,0.,0.));
#5127=DIRECTION('',(0.,-1.,0.));
#5128=DIRECTION('center_axis',(0.,0.707106781186548,-0.707106781186548));
#5129=DIRECTION('ref_axis',(0.,-0.707106781186547,-0.707106781186547));
#5130=DIRECTION('center_axis',(0.,0.707106781186548,0.707106781186548));
#5131=DIRECTION('ref_axis',(0.,0.707106781186547,-0.707106781186547));
#5132=DIRECTION('center_axis',(0.,-1.,0.));
#5133=DIRECTION('ref_axis',(-1.,0.,0.));
#5134=DIRECTION('',(0.,-1.,0.));
#5135=DIRECTION('center_axis',(0.,0.707106781186548,-0.707106781186548));
#5136=DIRECTION('ref_axis',(0.,-0.707106781186547,-0.707106781186547));
#5137=DIRECTION('center_axis',(0.,0.707106781186548,0.707106781186548));
#5138=DIRECTION('ref_axis',(0.,0.707106781186547,-0.707106781186547));
#5139=DIRECTION('center_axis',(0.,0.,1.));
#5140=DIRECTION('ref_axis',(-1.,0.,0.));
#5141=DIRECTION('center_axis',(0.,0.,-1.));
#5142=DIRECTION('ref_axis',(-1.,0.,0.));
#5143=DIRECTION('',(0.,0.,-1.));
#5144=DIRECTION('',(0.,0.,-1.));
#5145=DIRECTION('',(0.,0.,-1.));
#5146=DIRECTION('center_axis',(0.,0.,-1.));
#5147=DIRECTION('ref_axis',(-1.,0.,0.));
#5148=DIRECTION('center_axis',(0.,0.,1.));
#5149=DIRECTION('ref_axis',(1.,0.,0.));
#5150=DIRECTION('center_axis',(0.,0.,1.));
#5151=DIRECTION('ref_axis',(1.,0.,0.));
#5152=DIRECTION('',(0.,0.,-1.));
#5153=DIRECTION('center_axis',(0.,0.,1.));
#5154=DIRECTION('ref_axis',(1.,0.,0.));
#5155=DIRECTION('center_axis',(0.,0.,1.));
#5156=DIRECTION('ref_axis',(1.,0.,0.));
#5157=DIRECTION('center_axis',(0.,0.,1.));
#5158=DIRECTION('ref_axis',(1.,0.,0.));
#5159=DIRECTION('',(0.,-1.,0.));
#5160=DIRECTION('',(1.,0.,0.));
#5161=DIRECTION('',(0.,0.,1.));
#5162=DIRECTION('',(1.,0.,0.));
#5163=DIRECTION('',(0.,1.,0.));
#5164=DIRECTION('',(-1.,0.,0.));
#5165=DIRECTION('',(0.,-1.,0.));
#5166=DIRECTION('',(1.,0.,0.));
#5167=DIRECTION('axis',(0.,0.,1.));
#5168=DIRECTION('refdir',(1.,0.,0.));
#5169=DIRECTION('center_axis',(-1.77635683940025E-16,4.44089209850063E-16,
1.));
#5170=DIRECTION('ref_axis',(1.,0.,1.77635683940025E-16));
#5171=DIRECTION('',(1.,2.53527787301991E-16,2.22044604925031E-16));
#5172=DIRECTION('',(-9.13392883661668E-16,1.,-2.56614931226326E-16));
#5173=DIRECTION('',(-1.,-2.53527787301991E-16,-2.22044604925031E-16));
#5174=DIRECTION('',(2.53527787301991E-16,-1.,2.56614931226326E-16));
#5175=DIRECTION('center_axis',(-3.5527136788005E-16,3.5527136788005E-16,
1.));
#5176=DIRECTION('ref_axis',(1.,0.,3.5527136788005E-16));
#5177=DIRECTION('',(-1.,1.16546554239728E-16,-2.22044604925031E-16));
#5178=DIRECTION('',(2.53527787301991E-16,-1.,2.56614931226326E-16));
#5179=DIRECTION('',(1.,3.92305665380136E-16,2.22044604925031E-16));
#5180=DIRECTION('',(-2.53527787301991E-16,1.,-2.56614931226326E-16));
#5181=DIRECTION('center_axis',(-2.22044604925031E-16,4.38538094726937E-16,
1.));
#5182=DIRECTION('ref_axis',(1.,0.,2.22044604925031E-16));
#5183=DIRECTION('',(1.,8.17331219828178E-17,2.22044604925031E-16));
#5184=DIRECTION('',(-5.22232107043273E-16,1.,-2.56614931226326E-16));
#5185=DIRECTION('',(-1.,-2.53527787301991E-16,-2.22044604925031E-16));
#5186=DIRECTION('',(1.90303241480513E-16,-1.,2.56614931226326E-16));
#5187=DIRECTION('center_axis',(-3.5527136788005E-16,4.38538094726937E-16,
1.));
#5188=DIRECTION('ref_axis',(1.,0.,3.5527136788005E-16));
#5189=DIRECTION('',(-5.06425970587903E-16,1.,-2.56614931226326E-16));
#5190=DIRECTION('',(-1.,-8.17331219828178E-17,-2.22044604925031E-16));
#5191=DIRECTION('',(5.06425970587903E-16,-1.,2.56614931226326E-16));
#5192=DIRECTION('',(1.,2.53527787301991E-16,2.22044604925031E-16));
#5193=DIRECTION('center_axis',(-1.,-1.27078695659035E-16,-2.22044604925031E-16));
#5194=DIRECTION('ref_axis',(2.22044604925031E-16,4.61401574429939E-18,-1.));
#5195=DIRECTION('',(-2.22044604925031E-16,-1.11483704036946E-15,1.));
#5196=DIRECTION('',(-1.27078695659035E-16,1.,4.61401574429934E-18));
#5197=DIRECTION('',(2.22044604925032E-16,-6.61519799030795E-16,-1.));
#5198=DIRECTION('',(-1.27078695659035E-16,1.,4.61401574429934E-18));
#5199=DIRECTION('',(-2.22044604925031E-16,1.22464679914735E-16,1.));
#5200=DIRECTION('',(1.27078695659035E-16,-1.,4.19883023082966E-16));
#5201=DIRECTION('',(2.22044604925031E-16,-3.76622071232805E-16,-1.));
#5202=DIRECTION('',(-1.27078695659035E-16,1.,4.61401574429934E-18));
#5203=DIRECTION('center_axis',(1.,1.27078695659035E-16,2.22044604925031E-16));
#5204=DIRECTION('ref_axis',(-2.22044604925031E-16,-4.61401574429939E-18,
1.));
#5205=DIRECTION('center_axis',(1.,1.27078695659035E-16,2.22044604925031E-16));
#5206=DIRECTION('ref_axis',(-2.22044604925031E-16,-4.61401574429939E-18,
1.));
#5207=DIRECTION('center_axis',(1.27078695659035E-16,-1.,1.22464679914735E-16));
#5208=DIRECTION('ref_axis',(-2.22044604925031E-16,1.22464679914735E-16,
1.));
#5209=DIRECTION('',(-1.,-1.27078695659035E-16,-2.22044604925031E-16));
#5210=DIRECTION('',(2.22044604925031E-16,-1.17850664170436E-16,-1.));
#5211=DIRECTION('',(-1.,-1.27078695659035E-16,-2.22044604925031E-16));
#5212=DIRECTION('center_axis',(0.707106781186548,9.31208092661405E-17,-0.707106781186547));
#5213=DIRECTION('ref_axis',(0.707106781186547,8.65956056235493E-17,0.707106781186548));
#5214=DIRECTION('',(0.707106781186547,-6.98450623718338E-16,0.707106781186548));
#5215=DIRECTION('',(-1.27078695659035E-16,1.,4.61401574429934E-18));
#5216=DIRECTION('',(-0.707106781186547,-5.57623343228682E-16,-0.707106781186548));
#5217=DIRECTION('',(-1.27078695659035E-16,1.,4.61401574429934E-18));
#5218=DIRECTION('center_axis',(-1.27078695659035E-16,1.,1.11483704036946E-15));
#5219=DIRECTION('ref_axis',(-2.22044604925031E-16,-1.11483704036946E-15,
1.));
#5220=DIRECTION('',(1.,1.27078695659035E-16,2.22044604925031E-16));
#5221=DIRECTION('',(-1.,-1.27078695659035E-16,-2.22044604925031E-16));
#5222=DIRECTION('center_axis',(2.22044604925031E-16,4.61401574429939E-18,
-1.));
#5223=DIRECTION('ref_axis',(-1.27078695659035E-16,1.,4.61401574429934E-18));
#5224=DIRECTION('',(-1.,0.,0.));
#5225=DIRECTION('center_axis',(2.46867453313222E-16,-0.707106781186551,
-0.707106781186544));
#5226=DIRECTION('ref_axis',(1.,1.27078695659035E-16,2.22044604925031E-16));
#5227=DIRECTION('',(-3.04029211856317E-16,0.707106781186544,-0.707106781186551));
#5228=DIRECTION('',(1.,1.27078695659035E-16,2.22044604925031E-16));
#5229=DIRECTION('',(-6.71510384235337E-17,-0.707106781186544,0.707106781186551));
#5230=DIRECTION('',(-1.,-1.27078695659035E-16,-2.22044604925031E-16));
#5231=DIRECTION('center_axis',(1.,1.27078695659035E-16,2.22044604925031E-16));
#5232=DIRECTION('ref_axis',(1.27078695659035E-16,-1.,2.56614931226326E-16));
#5233=DIRECTION('',(1.27078695659035E-16,-1.,2.56614931226326E-16));
#5234=DIRECTION('',(2.22044604925031E-16,4.61401574429939E-18,-1.));
#5235=DIRECTION('',(-1.27078695659035E-16,1.,-2.56614931226326E-16));
#5236=DIRECTION('',(-2.22044604925031E-16,4.39475194105763E-16,1.));
#5237=DIRECTION('',(-2.22044604925031E-16,4.39475194105763E-16,1.));
#5238=DIRECTION('center_axis',(2.22044604925031E-16,4.61401574429939E-18,
-1.));
#5239=DIRECTION('ref_axis',(1.,1.27078695659035E-16,2.22044604925031E-16));
#5240=DIRECTION('',(-6.52006839689841E-16,1.,-2.56614931226326E-16));
#5241=DIRECTION('',(-1.,7.61099724041091E-16,-2.22044604925032E-16));
#5242=DIRECTION('',(-2.53527787301991E-16,1.,-2.56614931226326E-16));
#5243=DIRECTION('',(1.,1.27078695659035E-16,2.22044604925031E-16));
#5244=DIRECTION('',(-1.,-1.27078695659035E-16,-5.8634310253581E-34));
#5245=DIRECTION('',(-1.27078695659035E-16,1.,-2.56614931226326E-16));
#5246=DIRECTION('',(-1.,-1.27078695659035E-16,-2.22044604925031E-16));
#5247=DIRECTION('',(1.27078695659035E-16,-1.,2.56614931226326E-16));
#5248=DIRECTION('',(1.,4.04634451815324E-16,2.22044604925031E-16));
#5249=DIRECTION('',(-3.79976878944947E-16,1.,4.61401574429929E-18));
#5250=DIRECTION('',(-1.,-1.27078695659035E-16,-2.22044604925031E-16));
#5251=DIRECTION('center_axis',(0.707106781186549,2.71946829617368E-16,-0.707106781186547));
#5252=DIRECTION('ref_axis',(0.707106781186546,8.65956056235492E-17,0.707106781186548));
#5253=DIRECTION('',(-0.707106781186546,-8.65956056235492E-17,-0.707106781186548));
#5254=DIRECTION('',(0.707106781186546,2.82857162959021E-16,0.707106781186548));
#5255=DIRECTION('',(3.79976878944947E-16,-1.,-4.61401574429929E-18));
#5256=DIRECTION('center_axis',(-4.04634451815324E-16,1.,4.61401574429927E-18));
#5257=DIRECTION('ref_axis',(1.,4.04634451815324E-16,2.22044604925031E-16));
#5258=DIRECTION('',(2.22044604925031E-16,4.61401574429939E-18,-1.));
#5259=DIRECTION('',(-1.,-4.04634451815324E-16,-2.22044604925031E-16));
#5260=DIRECTION('',(-2.22044604925031E-16,2.45186164796361E-16,1.));
#5261=DIRECTION('',(-2.22044604925031E-16,2.45186164796361E-16,1.));
#5262=DIRECTION('center_axis',(6.71510384235326E-17,0.707106781186548,-0.707106781186548));
#5263=DIRECTION('ref_axis',(1.,1.27078695659035E-16,2.22044604925031E-16));
#5264=DIRECTION('',(2.46867453313222E-16,-0.707106781186548,-0.707106781186548));
#5265=DIRECTION('',(-2.46867453313222E-16,0.707106781186548,0.707106781186548));
#5266=DIRECTION('',(1.,1.27078695659035E-16,2.22044604925031E-16));
#5267=DIRECTION('center_axis',(-1.,-1.27078695659035E-16,-2.22044604925031E-16));
#5268=DIRECTION('ref_axis',(-1.27078695659035E-16,1.,-2.56614931226326E-16));
#5269=DIRECTION('',(2.22044604925031E-16,4.61401574429939E-18,-1.));
#5270=DIRECTION('',(1.27078695659035E-16,-1.,2.56614931226326E-16));
#5271=DIRECTION('',(-2.22044604925031E-16,-4.61401574429939E-18,1.));
#5272=DIRECTION('',(-2.22044604925031E-16,-4.61401574429939E-18,1.));
#5273=DIRECTION('center_axis',(1.27078695659035E-16,-1.,6.61519799030795E-16));
#5274=DIRECTION('ref_axis',(2.22044604925032E-16,-6.61519799030795E-16,
-1.));
#5275=DIRECTION('center_axis',(3.92305665380136E-16,-1.,-4.61401574429929E-18));
#5276=DIRECTION('ref_axis',(1.,3.92305665380136E-16,2.22044604925031E-16));
#5277=DIRECTION('',(-1.,-3.92305665380136E-16,-2.22044604925031E-16));
#5278=DIRECTION('',(-2.22044604925031E-16,-4.61401574429939E-18,1.));
#5279=DIRECTION('center_axis',(-1.,-5.06425970587904E-16,-2.22044604925031E-16));
#5280=DIRECTION('ref_axis',(5.06425970587903E-16,-1.,2.56614931226326E-16));
#5281=DIRECTION('',(-5.06425970587903E-16,1.,-2.56614931226326E-16));
#5282=DIRECTION('',(-2.22044604925031E-16,2.45186164796361E-16,1.));
#5283=DIRECTION('center_axis',(1.,5.22232107043273E-16,2.22044604925031E-16));
#5284=DIRECTION('ref_axis',(-5.22232107043273E-16,1.,-2.56614931226326E-16));
#5285=DIRECTION('',(5.22232107043273E-16,-1.,2.56614931226326E-16));
#5286=DIRECTION('',(-2.22044604925031E-16,2.45186164796361E-16,1.));
#5287=DIRECTION('',(-2.22044604925031E-16,2.45186164796361E-16,1.));
#5288=DIRECTION('center_axis',(-1.,-2.53527787301991E-16,-2.22044604925031E-16));
#5289=DIRECTION('ref_axis',(2.53527787301991E-16,-1.,2.56614931226326E-16));
#5290=DIRECTION('',(-2.53527787301991E-16,1.,-2.56614931226326E-16));
#5291=DIRECTION('',(-2.22044604925031E-16,4.39475194105763E-16,1.));
#5292=DIRECTION('',(-2.22044604925031E-16,4.39475194105763E-16,1.));
#5293=DIRECTION('center_axis',(-2.53527787301991E-16,1.,-4.39475194105763E-16));
#5294=DIRECTION('ref_axis',(-1.,-2.53527787301991E-16,-2.22044604925031E-16));
#5295=DIRECTION('',(1.,2.53527787301991E-16,2.22044604925031E-16));
#5296=DIRECTION('center_axis',(-1.,-2.53527787301991E-16,-2.22044604925031E-16));
#5297=DIRECTION('ref_axis',(-2.53527787301991E-16,1.,-2.56614931226326E-16));
#5298=DIRECTION('',(-2.22044604925031E-16,2.45186164796361E-16,1.));
#5299=DIRECTION('',(-2.53527787301991E-16,1.,-1.79083004127804E-16));
#5300=DIRECTION('',(-2.22044604925031E-16,2.45186164796361E-16,1.));
#5301=DIRECTION('center_axis',(-1.,-2.53527787301991E-16,-2.22044604925031E-16));
#5302=DIRECTION('ref_axis',(-2.22044604925031E-16,-4.61401574429939E-18,
1.));
#5303=DIRECTION('center_axis',(-1.,-2.53527787301991E-16,-2.22044604925031E-16));
#5304=DIRECTION('ref_axis',(-2.22044604925031E-16,-4.61401574429939E-18,
1.));
#5305=DIRECTION('center_axis',(-7.6109972404109E-16,-1.,-4.61401574429954E-18));
#5306=DIRECTION('ref_axis',(-1.,7.61099724041091E-16,-2.22044604925032E-16));
#5307=DIRECTION('',(2.22044604925031E-16,4.61401574429939E-18,-1.));
#5308=DIRECTION('',(1.,-7.61099724041091E-16,2.22044604925032E-16));
#5309=DIRECTION('center_axis',(-1.,-6.52006839689842E-16,-2.22044604925031E-16));
#5310=DIRECTION('ref_axis',(-6.52006839689841E-16,1.,-2.56614931226326E-16));
#5311=DIRECTION('',(2.22044604925031E-16,4.61401574429939E-18,-1.));
#5312=DIRECTION('',(6.52006839689841E-16,-1.,2.56614931226326E-16));
#5313=DIRECTION('center_axis',(1.27078695659035E-16,-1.,-4.61401574429934E-18));
#5314=DIRECTION('ref_axis',(-1.,-1.27078695659035E-16,-2.22044604925031E-16));
#5315=DIRECTION('',(1.,1.27078695659035E-16,2.22044604925031E-16));
#5316=DIRECTION('center_axis',(1.27078695659035E-16,-1.,-4.61401574429934E-18));
#5317=DIRECTION('ref_axis',(-1.,-1.27078695659035E-16,-2.22044604925031E-16));
#5318=DIRECTION('',(-2.22044604925031E-16,2.45186164796361E-16,1.));
#5319=DIRECTION('',(1.,1.27078695659035E-16,2.22044604925031E-16));
#5320=DIRECTION('center_axis',(1.,3.79976878944947E-16,2.22044604925031E-16));
#5321=DIRECTION('ref_axis',(3.79976878944947E-16,-1.,2.56614931226326E-16));
#5322=DIRECTION('center_axis',(1.,1.27078695659035E-16,2.22044604925031E-16));
#5323=DIRECTION('ref_axis',(1.27078695659035E-16,-1.,2.56614931226326E-16));
#5324=DIRECTION('',(-2.22044604925031E-16,-4.61401574429939E-18,1.));
#5325=DIRECTION('',(-1.27078695659035E-16,1.,-2.56614931226326E-16));
#5326=DIRECTION('center_axis',(-1.27078695659035E-16,1.,4.61401574429934E-18));
#5327=DIRECTION('ref_axis',(1.,1.27078695659035E-16,2.22044604925031E-16));
#5328=DIRECTION('center_axis',(-1.27078695659035E-16,1.,-3.76622071232805E-16));
#5329=DIRECTION('ref_axis',(2.22044604925031E-16,-3.76622071232805E-16,
-1.));
#5330=DIRECTION('',(-1.,-1.27078695659035E-16,-2.22044604925031E-16));
#5331=DIRECTION('',(-1.,-1.27078695659035E-16,-2.22044604925031E-16));
#5332=DIRECTION('center_axis',(-1.,-1.27078695659035E-16,-2.22044604925031E-16));
#5333=DIRECTION('ref_axis',(-2.22044604925031E-16,-4.61401574429939E-18,
1.));
#5334=DIRECTION('',(1.,1.27078695659035E-16,2.22044604925031E-16));
#5335=DIRECTION('center_axis',(-1.,-1.27078695659035E-16,-2.22044604925031E-16));
#5336=DIRECTION('ref_axis',(-2.22044604925031E-16,-4.61401574429939E-18,
1.));
#5337=DIRECTION('',(1.,1.27078695659035E-16,2.22044604925031E-16));
#5338=DIRECTION('center_axis',(2.22044604925031E-16,-4.19883023082966E-16,
-1.));
#5339=DIRECTION('ref_axis',(1.27078695659035E-16,-1.,4.19883023082966E-16));
#5340=DIRECTION('center_axis',(-2.22044604925031E-16,2.56614931226326E-16,
1.));
#5341=DIRECTION('ref_axis',(-1.27078695659035E-16,1.,-2.56614931226326E-16));
#5342=DIRECTION('axis',(0.,0.,1.));
#5343=DIRECTION('refdir',(1.,0.,0.));
#5344=DIRECTION('center_axis',(1.22464679914735E-16,2.22044604925031E-16,
1.));
#5345=DIRECTION('ref_axis',(-1.22464679914735E-16,-1.,2.22044604925031E-16));
#5346=DIRECTION('',(0.520607424264656,0.853796175794036,-2.53336856114495E-16));
#5347=DIRECTION('',(1.,-1.22464679914735E-16,-1.22464679914735E-16));
#5348=DIRECTION('',(-0.524855865490428,-0.851191118645099,2.53278701223903E-16));
#5349=DIRECTION('',(0.53597672021737,-0.844232761378656,1.21819112481922E-16));
#5350=DIRECTION('',(-1.,1.22464679914735E-16,1.22464679914735E-16));
#5351=DIRECTION('',(-0.527625517089336,0.849477082513831,-1.24006313114459E-16));
#5352=DIRECTION('',(-0.519946946895745,-0.854198555614438,2.53345317233172E-16));
#5353=DIRECTION('',(-1.,1.22464679914735E-16,1.22464679914735E-16));
#5354=DIRECTION('',(0.526021863962622,0.850471045146917,-2.5326160641816E-16));
#5355=DIRECTION('',(-0.536610413405564,0.843830115736995,-1.21652102156038E-16));
#5356=DIRECTION('',(1.,-1.22464679914735E-16,-1.22464679914735E-16));
#5357=DIRECTION('',(0.528135980540068,-0.849159811848736,1.23873351131872E-16));
#5358=DIRECTION('center_axis',(-0.849477082513831,-0.527625517089336,2.21187338495427E-16));
#5359=DIRECTION('ref_axis',(0.527625517089336,-0.849477082513831,1.24006313114459E-16));
#5360=DIRECTION('',(-1.22464679914735E-16,-2.22044604925031E-16,-1.));
#5361=DIRECTION('',(0.527625517089336,-0.849477082513831,1.24006313114459E-16));
#5362=DIRECTION('',(-1.22464679914735E-16,-2.22044604925031E-16,-1.));
#5363=DIRECTION('center_axis',(-1.22464679914735E-16,-1.,2.22044604925031E-16));
#5364=DIRECTION('ref_axis',(1.,-1.22464679914735E-16,-1.22464679914735E-16));
#5365=DIRECTION('',(-1.22464679914735E-16,-2.22044604925031E-16,-1.));
#5366=DIRECTION('',(1.,-1.22464679914735E-16,-1.22464679914735E-16));
#5367=DIRECTION('center_axis',(0.844232761378656,0.53597672021737,-2.2239943398545E-16));
#5368=DIRECTION('ref_axis',(-0.53597672021737,0.844232761378656,-1.21819112481922E-16));
#5369=DIRECTION('',(-1.22464679914735E-16,-2.22044604925031E-16,-1.));
#5370=DIRECTION('',(-0.53597672021737,0.844232761378656,-1.21819112481922E-16));
#5371=DIRECTION('center_axis',(0.851191118645099,-0.524855865490428,1.23005654042698E-17));
#5372=DIRECTION('ref_axis',(0.524855865490428,0.851191118645099,-2.53278701223903E-16));
#5373=DIRECTION('',(-1.22464679914735E-16,-2.22044604925031E-16,-1.));
#5374=DIRECTION('',(0.524855865490428,0.851191118645099,-2.53278701223903E-16));
#5375=DIRECTION('center_axis',(1.22464679914735E-16,1.,-2.22044604925031E-16));
#5376=DIRECTION('ref_axis',(-1.,1.22464679914735E-16,1.22464679914735E-16));
#5377=DIRECTION('',(-1.22464679914735E-16,-2.22044604925031E-16,-1.));
#5378=DIRECTION('',(-1.,1.22464679914735E-16,1.22464679914735E-16));
#5379=DIRECTION('center_axis',(-0.853796175794036,0.520607424264656,-1.10381944608419E-17));
#5380=DIRECTION('ref_axis',(-0.520607424264656,-0.853796175794036,2.53336856114495E-16));
#5381=DIRECTION('',(-1.22464679914735E-16,-2.22044604925031E-16,-1.));
#5382=DIRECTION('',(-0.520607424264656,-0.853796175794036,2.53336856114495E-16));
#5383=DIRECTION('center_axis',(0.849159811848736,0.528135980540068,-2.21261829700226E-16));
#5384=DIRECTION('ref_axis',(-0.528135980540068,0.849159811848736,-1.23873351131872E-16));
#5385=DIRECTION('',(-1.22464679914735E-16,-2.22044604925031E-16,-1.));
#5386=DIRECTION('',(-0.528135980540068,0.849159811848736,-1.23873351131872E-16));
#5387=DIRECTION('center_axis',(1.22464679914735E-16,1.,-2.22044604925031E-16));
#5388=DIRECTION('ref_axis',(-1.,1.22464679914735E-16,1.22464679914735E-16));
#5389=DIRECTION('',(-1.22464679914735E-16,-2.22044604925031E-16,-1.));
#5390=DIRECTION('',(-1.,1.22464679914735E-16,1.22464679914735E-16));
#5391=DIRECTION('center_axis',(-0.843830115736995,-0.536610413405564,2.22490832269441E-16));
#5392=DIRECTION('ref_axis',(0.536610413405564,-0.843830115736995,1.21652102156038E-16));
#5393=DIRECTION('',(-1.22464679914735E-16,-2.22044604925031E-16,-1.));
#5394=DIRECTION('',(0.536610413405564,-0.843830115736995,1.21652102156038E-16));
#5395=DIRECTION('center_axis',(-0.850471045146917,0.526021863962622,-1.26476526448414E-17));
#5396=DIRECTION('ref_axis',(-0.526021863962622,-0.850471045146917,2.5326160641816E-16));
#5397=DIRECTION('',(-1.22464679914735E-16,-2.22044604925031E-16,-1.));
#5398=DIRECTION('',(-0.526021863962622,-0.850471045146917,2.5326160641816E-16));
#5399=DIRECTION('center_axis',(-1.22464679914735E-16,-1.,2.22044604925031E-16));
#5400=DIRECTION('ref_axis',(1.,-1.22464679914735E-16,-1.22464679914735E-16));
#5401=DIRECTION('',(-1.22464679914735E-16,-2.22044604925031E-16,-1.));
#5402=DIRECTION('',(1.,-1.22464679914735E-16,-1.22464679914735E-16));
#5403=DIRECTION('center_axis',(0.854198555614438,-0.519946946895745,1.08422617084905E-17));
#5404=DIRECTION('ref_axis',(0.519946946895745,0.854198555614438,-2.53345317233172E-16));
#5405=DIRECTION('',(0.519946946895745,0.854198555614438,-2.53345317233172E-16));
#5406=DIRECTION('center_axis',(0.5,-0.866025403784439,1.31063928680989E-16));
#5407=DIRECTION('ref_axis',(-0.866025403784439,-0.5,2.17079826335006E-16));
#5408=DIRECTION('',(0.866025403784439,0.5,-2.17079826335006E-16));
#5409=DIRECTION('',(-1.22464679914735E-16,-2.22044604925031E-16,-1.));
#5410=DIRECTION('',(-0.866025403784439,-0.5,2.17079826335006E-16));
#5411=DIRECTION('',(-1.22464679914735E-16,-2.22044604925031E-16,-1.));
#5412=DIRECTION('center_axis',(0.5,0.866025403784439,-2.53528608595724E-16));
#5413=DIRECTION('ref_axis',(0.866025403784439,-0.5,4.96477859002495E-18));
#5414=DIRECTION('',(-0.866025403784439,0.5,-4.96477859002495E-18));
#5415=DIRECTION('',(0.866025403784439,-0.5,4.96477859002495E-18));
#5416=DIRECTION('',(-1.22464679914735E-16,-2.22044604925031E-16,-1.));
#5417=DIRECTION('center_axis',(-1.,3.14760948553092E-16,1.22464679914735E-16));
#5418=DIRECTION('ref_axis',(3.14760948553092E-16,1.,-2.22044604925031E-16));
#5419=DIRECTION('',(-3.14760948553092E-16,-1.,2.22044604925031E-16));
#5420=DIRECTION('',(3.14760948553092E-16,1.,-2.22044604925031E-16));
#5421=DIRECTION('center_axis',(-1.22464679914735E-16,-2.22044604925031E-16,
-1.));
#5422=DIRECTION('ref_axis',(1.22464679914735E-16,1.,-2.22044604925031E-16));
#5423=DIRECTION('center_axis',(1.,-1.22464679914735E-16,-1.22464679914735E-16));
#5424=DIRECTION('ref_axis',(1.22464679914735E-16,1.,-2.22044604925031E-16));
#5425=DIRECTION('',(1.22464679914734E-16,1.,-1.01007270445393E-14));
#5426=DIRECTION('',(4.12524566398431E-17,0.855181135397273,-0.518329263750978));
#5427=DIRECTION('',(1.22464679914737E-16,1.05549193406135E-14,1.));
#5428=DIRECTION('',(-4.2643243826569E-17,-0.859441915451179,0.511233404586994));
#5429=DIRECTION('',(1.67624033763648E-16,0.862219815366037,0.50653429300508));
#5430=DIRECTION('',(1.22464679914737E-16,1.01007270445394E-14,1.));
#5431=DIRECTION('',(-1.67752994532372E-16,-0.86070770306419,-0.509099449897528));
#5432=DIRECTION('',(-1.22464679914734E-16,-1.,1.21175468998859E-14));
#5433=DIRECTION('',(-1.22464679914737E-16,-1.11849726781555E-14,-1.));
#5434=DIRECTION('center_axis',(-4.355891364624E-17,0.50653429300508,-0.862219815366037));
#5435=DIRECTION('ref_axis',(-1.,1.22464679914735E-16,1.22464679914735E-16));
#5436=DIRECTION('',(1.,-1.22464679914735E-16,-1.22464679914735E-16));
#5437=DIRECTION('',(-1.67624033763648E-16,-0.862219815366037,-0.50653429300508));
#5438=DIRECTION('',(1.,-1.22464679914735E-16,-1.22464679914735E-16));
#5439=DIRECTION('center_axis',(1.67859314335502E-16,0.511233404586994,0.859441915451179));
#5440=DIRECTION('ref_axis',(-1.,1.22464679914735E-16,1.22464679914735E-16));
#5441=DIRECTION('',(1.,-1.22464679914735E-16,-1.22464679914735E-16));
#5442=DIRECTION('',(4.2643243826569E-17,0.859441915451179,-0.511233404586994));
#5443=DIRECTION('center_axis',(1.22464679914734E-16,1.,-1.05549193406135E-14));
#5444=DIRECTION('ref_axis',(-1.,1.22464679914735E-16,1.22464679914735E-16));
#5445=DIRECTION('',(1.,-1.22464679914735E-16,-1.22464679914735E-16));
#5446=DIRECTION('',(-1.22464679914737E-16,-1.05549193406135E-14,-1.));
#5447=DIRECTION('center_axis',(-1.68206511391251E-16,-0.518329263750978,
-0.855181135397273));
#5448=DIRECTION('ref_axis',(1.,-1.22464679914735E-16,-1.22464679914735E-16));
#5449=DIRECTION('',(1.,-1.22464679914735E-16,-1.22464679914735E-16));
#5450=DIRECTION('',(-4.12524566398431E-17,-0.855181135397273,0.518329263750978));
#5451=DIRECTION('center_axis',(-1.22464679914737E-16,-1.01007270445393E-14,
-1.));
#5452=DIRECTION('ref_axis',(1.22464679914734E-16,1.,-1.01007270445393E-14));
#5453=DIRECTION('',(1.,-1.22464679914735E-16,-1.22464679914735E-16));
#5454=DIRECTION('',(-1.22464679914734E-16,-1.,1.01007270445393E-14));
#5455=DIRECTION('center_axis',(-1.22464679914734E-16,-1.,1.11849726781555E-14));
#5456=DIRECTION('ref_axis',(1.,-1.22464679914735E-16,-1.22464679914735E-16));
#5457=DIRECTION('',(1.,-1.22464679914735E-16,-1.22464679914735E-16));
#5458=DIRECTION('',(1.22464679914737E-16,1.11849726781555E-14,1.));
#5459=DIRECTION('center_axis',(1.22464679914737E-16,1.21175468998859E-14,
1.));
#5460=DIRECTION('ref_axis',(-1.22464679914734E-16,-1.,1.21175468998859E-14));
#5461=DIRECTION('',(1.,-1.22464679914735E-16,-1.22464679914735E-16));
#5462=DIRECTION('',(1.22464679914734E-16,1.,-1.21175468998859E-14));
#5463=DIRECTION('center_axis',(4.30595921794345E-17,-0.509099449897528,
0.86070770306419));
#5464=DIRECTION('ref_axis',(1.,-1.22464679914735E-16,-1.22464679914735E-16));
#5465=DIRECTION('',(1.,-1.22464679914735E-16,-1.22464679914735E-16));
#5466=DIRECTION('',(1.67752994532372E-16,0.86070770306419,0.509099449897528));
#5467=DIRECTION('center_axis',(1.22464679914734E-16,1.,-1.01007270445394E-14));
#5468=DIRECTION('ref_axis',(-1.,1.22464679914735E-16,1.22464679914735E-16));
#5469=DIRECTION('',(-1.22464679914737E-16,-1.01007270445394E-14,-1.));
#5470=DIRECTION('center_axis',(1.67289863829858E-16,0.500000000000001,0.866025403784438));
#5471=DIRECTION('ref_axis',(-4.4825183915123E-17,-0.866025403784438,0.500000000000001));
#5472=DIRECTION('',(4.4825183915123E-17,0.866025403784438,-0.500000000000001));
#5473=DIRECTION('',(1.,-1.22464679914735E-16,-1.22464679914735E-16));
#5474=DIRECTION('',(-4.4825183915123E-17,-0.866025403784438,0.500000000000001));
#5475=DIRECTION('',(1.,-1.22464679914735E-16,-1.22464679914735E-16));
#5476=DIRECTION('center_axis',(-4.4825183915123E-17,0.5,-0.866025403784439));
#5477=DIRECTION('ref_axis',(1.67289863829858E-16,0.866025403784439,0.5));
#5478=DIRECTION('',(-1.67289863829858E-16,-0.866025403784439,-0.5));
#5479=DIRECTION('',(1.67289863829858E-16,0.866025403784439,0.5));
#5480=DIRECTION('',(1.,-1.22464679914735E-16,-1.22464679914735E-16));
#5481=DIRECTION('center_axis',(-1.22464679914735E-16,-1.,2.22044604925031E-16));
#5482=DIRECTION('ref_axis',(-1.22464679914735E-16,-2.22044604925031E-16,
-1.));
#5483=DIRECTION('',(1.22464679914735E-16,2.22044604925031E-16,1.));
#5484=DIRECTION('',(-1.22464679914735E-16,-2.22044604925031E-16,-1.));
#5485=DIRECTION('center_axis',(1.,-1.22464679914735E-16,-1.22464679914735E-16));
#5486=DIRECTION('ref_axis',(1.22464679914735E-16,1.,-2.22044604925031E-16));
#5487=DIRECTION('center_axis',(1.22464679914735E-16,1.,-2.22044604925031E-16));
#5488=DIRECTION('ref_axis',(-1.,1.22464679914735E-16,1.22464679914735E-16));
#5489=DIRECTION('',(-1.22464679914735E-16,-2.22044604925031E-16,-1.));
#5490=DIRECTION('',(-1.,1.22464679914735E-16,1.22464679914735E-16));
#5491=DIRECTION('',(1.22464679914735E-16,2.22044604925031E-16,1.));
#5492=DIRECTION('',(1.,-1.22464679914735E-16,-1.22464679914735E-16));
#5493=DIRECTION('',(-0.57869116577885,2.51956988809729E-16,0.815546770362997));
#5494=DIRECTION('',(1.22464679914735E-16,2.22044604925031E-16,1.));
#5495=DIRECTION('',(1.,-1.22464679914735E-16,-1.22464679914735E-16));
#5496=DIRECTION('',(-1.22464679914735E-16,-2.22044604925031E-16,-1.));
#5497=DIRECTION('',(-1.,1.22464679914735E-16,1.22464679914735E-16));
#5498=DIRECTION('',(0.576683197598656,-2.52026629641196E-16,-0.816967863264761));
#5499=DIRECTION('center_axis',(-0.815546770362997,-2.86195770909699E-17,
-0.57869116577885));
#5500=DIRECTION('ref_axis',(-1.22464679914735E-16,-1.,2.22044604925031E-16));
#5501=DIRECTION('',(1.22464679914735E-16,1.,-2.22044604925031E-16));
#5502=DIRECTION('',(0.57869116577885,-2.51956988809729E-16,-0.815546770362997));
#5503=DIRECTION('',(1.22464679914735E-16,1.,-2.22044604925031E-16));
#5504=DIRECTION('center_axis',(1.22464679914735E-16,2.22044604925031E-16,
1.));
#5505=DIRECTION('ref_axis',(-1.22464679914735E-16,-1.,2.22044604925031E-16));
#5506=DIRECTION('',(1.22464679914735E-16,1.,-2.22044604925031E-16));
#5507=DIRECTION('',(-1.,1.22464679914735E-16,1.22464679914735E-16));
#5508=DIRECTION('center_axis',(-1.,1.22464679914735E-16,1.22464679914735E-16));
#5509=DIRECTION('ref_axis',(-1.22464679914735E-16,-1.,2.22044604925031E-16));
#5510=DIRECTION('',(1.22464679914735E-16,1.,-2.22044604925031E-16));
#5511=DIRECTION('',(-1.22464679914735E-16,-2.22044604925031E-16,-1.));
#5512=DIRECTION('center_axis',(-1.22464679914735E-16,-2.22044604925031E-16,
-1.));
#5513=DIRECTION('ref_axis',(1.22464679914735E-16,1.,-2.22044604925031E-16));
#5514=DIRECTION('',(1.22464679914735E-16,1.,-2.22044604925031E-16));
#5515=DIRECTION('',(1.,-1.22464679914735E-16,-1.22464679914735E-16));
#5516=DIRECTION('center_axis',(1.,-1.22464679914735E-16,-1.22464679914735E-16));
#5517=DIRECTION('ref_axis',(1.22464679914735E-16,1.,-2.22044604925031E-16));
#5518=DIRECTION('',(1.22464679914735E-16,1.,-2.22044604925031E-16));
#5519=DIRECTION('',(1.22464679914735E-16,2.22044604925031E-16,1.));
#5520=DIRECTION('center_axis',(0.816967863264761,2.7999684902353E-17,0.576683197598656));
#5521=DIRECTION('ref_axis',(1.22464679914735E-16,1.,-2.22044604925031E-16));
#5522=DIRECTION('',(1.22464679914735E-16,1.,-2.22044604925031E-16));
#5523=DIRECTION('',(-0.576683197598656,2.52026629641196E-16,0.816967863264761));
#5524=DIRECTION('center_axis',(-1.22464679914735E-16,-2.22044604925031E-16,
-1.));
#5525=DIRECTION('ref_axis',(1.22464679914735E-16,1.,-2.22044604925031E-16));
#5526=DIRECTION('',(1.22464679914735E-16,1.,-2.22044604925031E-16));
#5527=DIRECTION('',(1.,-1.22464679914735E-16,-1.22464679914735E-16));
#5528=DIRECTION('center_axis',(1.,-1.22464679914735E-16,-1.22464679914735E-16));
#5529=DIRECTION('ref_axis',(1.22464679914735E-16,1.,-2.22044604925031E-16));
#5530=DIRECTION('',(1.22464679914735E-16,1.,-2.22044604925031E-16));
#5531=DIRECTION('',(1.22464679914735E-16,2.22044604925031E-16,1.));
#5532=DIRECTION('center_axis',(1.22464679914735E-16,2.22044604925031E-16,
1.));
#5533=DIRECTION('ref_axis',(-1.22464679914735E-16,-1.,2.22044604925031E-16));
#5534=DIRECTION('',(1.22464679914735E-16,1.,-2.22044604925031E-16));
#5535=DIRECTION('',(-1.,1.22464679914735E-16,1.22464679914735E-16));
#5536=DIRECTION('center_axis',(-1.,1.22464679914735E-16,1.22464679914735E-16));
#5537=DIRECTION('ref_axis',(-1.22464679914735E-16,-1.,2.22044604925031E-16));
#5538=DIRECTION('',(-1.22464679914735E-16,-2.22044604925031E-16,-1.));
#5539=DIRECTION('center_axis',(0.866025403784439,4.96477859002493E-18,0.5));
#5540=DIRECTION('ref_axis',(0.5,-2.53528608595724E-16,-0.866025403784439));
#5541=DIRECTION('',(-0.5,2.53528608595724E-16,0.866025403784439));
#5542=DIRECTION('',(1.22464679914735E-16,1.,-2.22044604925031E-16));
#5543=DIRECTION('',(0.5,-2.53528608595724E-16,-0.866025403784439));
#5544=DIRECTION('',(1.22464679914735E-16,1.,-2.22044604925031E-16));
#5545=DIRECTION('center_axis',(-0.866025403784439,2.17079826335006E-16,
0.499999999999999));
#5546=DIRECTION('ref_axis',(0.499999999999999,1.31063928680989E-16,0.866025403784439));
#5547=DIRECTION('',(-0.499999999999999,-1.31063928680989E-16,-0.866025403784439));
#5548=DIRECTION('',(0.499999999999999,1.31063928680989E-16,0.866025403784439));
#5549=DIRECTION('',(1.22464679914735E-16,1.,-2.22044604925031E-16));
#5550=DIRECTION('center_axis',(2.62127857361978E-16,-2.22044604925031E-16,
-1.));
#5551=DIRECTION('ref_axis',(-1.,1.22464679914735E-16,-2.62127857361978E-16));
#5552=DIRECTION('',(1.,-1.22464679914735E-16,2.62127857361978E-16));
#5553=DIRECTION('',(-1.,1.22464679914735E-16,-2.62127857361978E-16));
#5554=DIRECTION('center_axis',(1.22464679914735E-16,1.,-2.22044604925031E-16));
#5555=DIRECTION('ref_axis',(-1.,1.22464679914735E-16,1.22464679914735E-16));
#5556=DIRECTION('center_axis',(-1.,1.22464679914735E-16,1.22464679914735E-16));
#5557=DIRECTION('ref_axis',(1.22464679914735E-16,2.22044604925031E-16,1.));
#5558=DIRECTION('',(1.22464679914735E-16,2.22044604925031E-16,1.));
#5559=DIRECTION('',(1.22464679914735E-16,1.,-2.22044604925031E-16));
#5560=DIRECTION('',(1.22464679914735E-16,2.22044604925031E-16,1.));
#5561=DIRECTION('',(1.22464679914735E-16,1.,-2.22044604925031E-16));
#5562=DIRECTION('center_axis',(-1.22464679914735E-16,-2.22044604925031E-16,
-1.));
#5563=DIRECTION('ref_axis',(-1.,1.22464679914735E-16,1.22464679914735E-16));
#5564=DIRECTION('',(-1.,1.22464679914735E-16,1.22464679914735E-16));
#5565=DIRECTION('',(1.22464679914735E-16,1.,-2.22044604925031E-16));
#5566=DIRECTION('',(-1.,1.22464679914735E-16,1.22464679914735E-16));
#5567=DIRECTION('center_axis',(1.,-1.22464679914735E-16,-1.22464679914735E-16));
#5568=DIRECTION('ref_axis',(-1.22464679914735E-16,-2.22044604925031E-16,
-1.));
#5569=DIRECTION('',(-1.22464679914735E-16,-2.22044604925031E-16,-1.));
#5570=DIRECTION('',(1.22464679914735E-16,1.,-2.22044604925031E-16));
#5571=DIRECTION('',(-1.22464679914735E-16,-2.22044604925031E-16,-1.));
#5572=DIRECTION('center_axis',(1.22464679914735E-16,2.22044604925031E-16,
1.));
#5573=DIRECTION('ref_axis',(1.,-1.22464679914735E-16,-1.22464679914735E-16));
#5574=DIRECTION('',(1.,-1.22464679914735E-16,-1.22464679914735E-16));
#5575=DIRECTION('',(1.,-1.22464679914735E-16,-1.22464679914735E-16));
#5576=DIRECTION('center_axis',(1.22464679914735E-16,1.,-2.22044604925031E-16));
#5577=DIRECTION('ref_axis',(-1.,1.22464679914735E-16,1.22464679914735E-16));
#5578=DIRECTION('center_axis',(-1.,1.22464679914735E-16,1.22464679914735E-16));
#5579=DIRECTION('ref_axis',(-1.22464679914735E-16,-1.,2.22044604925031E-16));
#5580=DIRECTION('',(-1.22464679914735E-16,-1.,2.22044604925031E-16));
#5581=DIRECTION('',(1.22464679914735E-16,2.22044604925031E-16,1.));
#5582=DIRECTION('',(-1.22464679914735E-16,-1.,2.22044604925031E-16));
#5583=DIRECTION('',(1.22464679914735E-16,2.22044604925031E-16,1.));
#5584=DIRECTION('center_axis',(1.22464679914735E-16,1.,-2.22044604925031E-16));
#5585=DIRECTION('ref_axis',(-1.,1.22464679914735E-16,1.22464679914735E-16));
#5586=DIRECTION('',(-1.,1.22464679914735E-16,1.22464679914735E-16));
#5587=DIRECTION('',(-1.,1.22464679914735E-16,1.22464679914735E-16));
#5588=DIRECTION('',(1.22464679914735E-16,2.22044604925031E-16,1.));
#5589=DIRECTION('center_axis',(1.,-1.22464679914735E-16,-1.22464679914735E-16));
#5590=DIRECTION('ref_axis',(1.22464679914735E-16,1.,-2.22044604925031E-16));
#5591=DIRECTION('',(1.22464679914735E-16,1.,-2.22044604925031E-16));
#5592=DIRECTION('',(1.22464679914735E-16,1.,-2.22044604925031E-16));
#5593=DIRECTION('',(1.22464679914735E-16,2.22044604925031E-16,1.));
#5594=DIRECTION('center_axis',(-1.22464679914735E-16,-1.,2.22044604925031E-16));
#5595=DIRECTION('ref_axis',(1.,-1.22464679914735E-16,-1.22464679914735E-16));
#5596=DIRECTION('',(1.,-1.22464679914735E-16,-1.22464679914735E-16));
#5597=DIRECTION('',(1.,-1.22464679914735E-16,-1.22464679914735E-16));
#5598=DIRECTION('center_axis',(1.22464679914735E-16,2.22044604925031E-16,
1.));
#5599=DIRECTION('ref_axis',(-1.22464679914735E-16,-1.,2.22044604925031E-16));
#5600=DIRECTION('center_axis',(1.22464679914735E-16,2.22044604925031E-16,
1.));
#5601=DIRECTION('ref_axis',(-1.22464679914735E-16,-1.,2.22044604925031E-16));
#5602=DIRECTION('',(0.,0.,1.));
#5603=DIRECTION('',(1.,0.,0.));
#5604=DIRECTION('',(0.,-1.94289029309402E-16,1.));
#5605=DIRECTION('',(1.,0.,0.));
#5606=DIRECTION('',(0.,0.,-1.));
#5607=DIRECTION('',(0.,-1.,0.));
#5608=CARTESIAN_POINT('',(0.,0.,0.));
#5609=CARTESIAN_POINT('',(0.,0.,0.));
#5610=CARTESIAN_POINT('',(0.,0.,0.));
#5611=CARTESIAN_POINT('Origin',(-5.00000000000001,57.,11.5));
#5612=CARTESIAN_POINT('',(-5.00000000000001,59.0000000000002,0.));
#5613=CARTESIAN_POINT('',(-7.00000000000001,57.0000008493662,0.));
#5614=CARTESIAN_POINT('Origin',(-5.00000000000001,57.,0.));
#5615=CARTESIAN_POINT('',(-5.00000000000001,59.0000000000002,11.5));
#5616=CARTESIAN_POINT('',(-5.00000000000001,59.0000000000002,11.5));
#5617=CARTESIAN_POINT('',(-7.00000000000001,57.0000008493662,11.5));
#5618=CARTESIAN_POINT('Origin',(-5.00000000000001,57.,11.5));
#5619=CARTESIAN_POINT('',(-7.00000000000001,57.0000008493662,11.5));
#5620=CARTESIAN_POINT('Origin',(-7.00000000000001,39.0000005811453,11.5));
#5621=CARTESIAN_POINT('',(-7.00000000000001,39.0000005811453,0.));
#5622=CARTESIAN_POINT('',(-7.00000000000001,33.8125002905726,0.));
#5623=CARTESIAN_POINT('',(-7.00000000000001,39.0000005811453,11.5));
#5624=CARTESIAN_POINT('',(-7.00000000000001,43.5000002905726,11.5));
#5625=CARTESIAN_POINT('',(-7.00000000000001,39.0000005811453,11.5));
#5626=CARTESIAN_POINT('',(-7.00000000000001,50.2355,8.5));
#5627=CARTESIAN_POINT('Origin',(-7.00000000000001,51.5,8.5));
#5628=CARTESIAN_POINT('',(-7.00000000000001,43.2355,8.5));
#5629=CARTESIAN_POINT('Origin',(-7.00000000000001,44.5,8.5));
#5630=CARTESIAN_POINT('Origin',(-5.,39.,11.5));
#5631=CARTESIAN_POINT('',(-5.,36.9999999999999,0.));
#5632=CARTESIAN_POINT('Origin',(-5.,39.,0.));
#5633=CARTESIAN_POINT('',(-5.,36.9999999999999,11.5));
#5634=CARTESIAN_POINT('Origin',(-5.,39.,11.5));
#5635=CARTESIAN_POINT('',(-5.,36.9999999999999,11.5));
#5636=CARTESIAN_POINT('Origin',(7.49999999999999,37.,0.));
#5637=CARTESIAN_POINT('',(7.49999999999999,37.,0.));
#5638=CARTESIAN_POINT('',(3.75,36.9999999999999,0.));
#5639=CARTESIAN_POINT('',(-9.50000000000001,37.,11.5));
#5640=CARTESIAN_POINT('',(-7.50000000000001,37.,11.5));
#5641=CARTESIAN_POINT('',(-9.50000000000001,37.,18.));
#5642=CARTESIAN_POINT('',(-9.50000000000001,37.,0.));
#5643=CARTESIAN_POINT('',(7.49999999999999,37.,18.));
#5644=CARTESIAN_POINT('',(-7.50000000000001,37.,18.));
#5645=CARTESIAN_POINT('',(7.49999999999999,37.,0.));
#5646=CARTESIAN_POINT('',(-4.7645,37.,15.));
#5647=CARTESIAN_POINT('Origin',(-3.5,37.,15.));
#5648=CARTESIAN_POINT('',(2.2355,37.,15.));
#5649=CARTESIAN_POINT('Origin',(3.5,37.,15.));
#5650=CARTESIAN_POINT('Origin',(-5.25000000000001,48.,11.5));
#5651=CARTESIAN_POINT('',(-9.50000000000001,59.,11.5));
#5652=CARTESIAN_POINT('',(-6.37500000000001,59.,11.5));
#5653=CARTESIAN_POINT('',(-9.5,53.5,11.5));
#5654=CARTESIAN_POINT('Origin',(-9.5,37.,0.));
#5655=CARTESIAN_POINT('',(-9.5,34.5,0.));
#5656=CARTESIAN_POINT('',(-9.5,34.5,18.));
#5657=CARTESIAN_POINT('',(-9.5,34.5,0.));
#5658=CARTESIAN_POINT('',(-9.5,42.5,18.));
#5659=CARTESIAN_POINT('',(-9.50000000000001,59.,18.));
#5660=CARTESIAN_POINT('',(-9.50000000000001,59.,0.));
#5661=CARTESIAN_POINT('',(-9.5,61.5,18.));
#5662=CARTESIAN_POINT('',(-9.5,54.75,18.));
#5663=CARTESIAN_POINT('',(-9.5,61.5,0.));
#5664=CARTESIAN_POINT('',(-9.5,61.5,0.));
#5665=CARTESIAN_POINT('',(-9.5,61.5,0.));
#5666=CARTESIAN_POINT('',(-9.5,50.2355,8.5));
#5667=CARTESIAN_POINT('Origin',(-9.5,51.5,8.5));
#5668=CARTESIAN_POINT('',(-9.5,43.2355,8.5));
#5669=CARTESIAN_POINT('Origin',(-9.5,44.5,8.5));
#5670=CARTESIAN_POINT('Origin',(-5.00000000000001,51.5,8.5));
#5671=CARTESIAN_POINT('',(-5.00000000000001,50.2355,8.5));
#5672=CARTESIAN_POINT('Origin',(-5.00000000000001,44.5,8.5));
#5673=CARTESIAN_POINT('',(-5.00000000000001,43.2355,8.5));
#5674=CARTESIAN_POINT('Origin',(3.5,34.5,15.));
#5675=CARTESIAN_POINT('',(2.2355,34.5,15.));
#5676=CARTESIAN_POINT('Origin',(3.5,34.5,15.));
#5677=CARTESIAN_POINT('',(2.2355,34.5,15.));
#5678=CARTESIAN_POINT('Origin',(3.5,34.5,15.));
#5679=CARTESIAN_POINT('',(2.23549999999999,59.,15.));
#5680=CARTESIAN_POINT('Origin',(3.49999999999999,59.,15.));
#5681=CARTESIAN_POINT('',(2.23549999999998,61.5,15.));
#5682=CARTESIAN_POINT('',(2.2355,34.5,15.));
#5683=CARTESIAN_POINT('Origin',(3.49999999999998,61.5,15.));
#5684=CARTESIAN_POINT('Origin',(-3.5,34.5,15.));
#5685=CARTESIAN_POINT('',(-4.7645,34.5,15.));
#5686=CARTESIAN_POINT('Origin',(-3.5,34.5,15.));
#5687=CARTESIAN_POINT('',(-4.7645,34.5,15.));
#5688=CARTESIAN_POINT('Origin',(-3.5,34.5,15.));
#5689=CARTESIAN_POINT('',(-4.76450000000002,59.,15.));
#5690=CARTESIAN_POINT('Origin',(-3.50000000000001,59.,15.));
#5691=CARTESIAN_POINT('',(-4.76450000000002,61.5,15.));
#5692=CARTESIAN_POINT('',(-4.7645,34.5,15.));
#5693=CARTESIAN_POINT('Origin',(-3.50000000000002,61.5,15.));
#5694=CARTESIAN_POINT('Origin',(-7.50000000000001,59.,0.));
#5695=CARTESIAN_POINT('',(7.49999999999999,59.,0.));
#5696=CARTESIAN_POINT('',(7.49999999999999,59.,18.));
#5697=CARTESIAN_POINT('',(7.49999999999999,59.,0.));
#5698=CARTESIAN_POINT('',(-3.75,59.,18.));
#5699=CARTESIAN_POINT('',(-3.00000000000001,59.,0.));
#5700=CARTESIAN_POINT('Origin',(1.66533453693773E-15,28.625,0.));
#5701=CARTESIAN_POINT('',(7.50000000000001,34.5,0.));
#5702=CARTESIAN_POINT('',(7.50000000000001,34.5,0.));
#5703=CARTESIAN_POINT('',(6.24999999999998,34.5,0.));
#5704=CARTESIAN_POINT('',(-7.50000000000001,34.5,0.));
#5705=CARTESIAN_POINT('',(4.24999999999996,32.5,0.));
#5706=CARTESIAN_POINT('Origin',(6.24999999999998,32.5,0.));
#5707=CARTESIAN_POINT('',(4.25,-0.25,0.));
#5708=CARTESIAN_POINT('',(4.25,-0.25,0.));
#5709=CARTESIAN_POINT('',(0.250000000000009,-4.25,0.));
#5710=CARTESIAN_POINT('Origin',(0.250000000000007,-0.25,0.));
#5711=CARTESIAN_POINT('',(-0.249999999999994,-4.25,0.));
#5712=CARTESIAN_POINT('',(-0.249999999999994,-4.25,0.));
#5713=CARTESIAN_POINT('',(-4.24999999999998,-0.25,0.));
#5714=CARTESIAN_POINT('Origin',(-0.249999999999995,-0.25,0.));
#5715=CARTESIAN_POINT('',(-4.24999999999999,32.5,0.));
#5716=CARTESIAN_POINT('',(-4.24999999999999,32.5,0.));
#5717=CARTESIAN_POINT('',(-6.24999999999999,34.5,0.));
#5718=CARTESIAN_POINT('Origin',(-6.24999999999999,32.5,0.));
#5719=CARTESIAN_POINT('',(-7.5,34.5,0.));
#5720=CARTESIAN_POINT('',(7.50000000000001,61.5,0.));
#5721=CARTESIAN_POINT('',(7.50000000000001,61.5,0.));
#5722=CARTESIAN_POINT('',(7.49999999999999,59.,0.));
#5723=CARTESIAN_POINT('',(2.25000000000001,0.,0.));
#5724=CARTESIAN_POINT('',(-2.25,0.,0.));
#5725=CARTESIAN_POINT('Origin',(2.44929359829471E-16,0.,0.));
#5726=CARTESIAN_POINT('',(2.24999999999999,30.25,0.));
#5727=CARTESIAN_POINT('',(2.24999999999999,30.25,0.));
#5728=CARTESIAN_POINT('',(-2.25,30.25,0.));
#5729=CARTESIAN_POINT('Origin',(1.28261901615675E-14,30.25,0.));
#5730=CARTESIAN_POINT('',(-2.25,0.,0.));
#5731=CARTESIAN_POINT('Origin',(7.50000000000001,61.5,0.));
#5732=CARTESIAN_POINT('',(7.50000000000001,61.5,18.));
#5733=CARTESIAN_POINT('',(3.75000000000001,61.5,18.));
#5734=CARTESIAN_POINT('',(7.50000000000001,61.5,0.));
#5735=CARTESIAN_POINT('Origin',(7.50000000000001,34.5,0.));
#5736=CARTESIAN_POINT('',(7.50000000000001,34.5,18.));
#5737=CARTESIAN_POINT('',(7.50000000000001,34.5,0.));
#5738=CARTESIAN_POINT('',(7.49999999999997,41.25,18.));
#5739=CARTESIAN_POINT('Origin',(-7.5,34.5,0.));
#5740=CARTESIAN_POINT('',(6.24999999999998,34.5,5.));
#5741=CARTESIAN_POINT('',(6.24999999999998,34.5,0.));
#5742=CARTESIAN_POINT('',(-7.5,34.5,18.));
#5743=CARTESIAN_POINT('',(-6.24999999999999,34.5,5.));
#5744=CARTESIAN_POINT('',(-6.24999999999999,34.5,0.));
#5745=CARTESIAN_POINT('',(-3.75,34.5,5.));
#5746=CARTESIAN_POINT('Origin',(1.66533453693773E-15,28.625,5.));
#5747=CARTESIAN_POINT('',(-4.24999999999999,32.5,5.));
#5748=CARTESIAN_POINT('',(-4.24999999999998,-0.25,5.));
#5749=CARTESIAN_POINT('',(-4.24999999999999,32.5,5.));
#5750=CARTESIAN_POINT('',(-0.249999999999994,-4.25,5.));
#5751=CARTESIAN_POINT('Origin',(-0.249999999999995,-0.25,5.));
#5752=CARTESIAN_POINT('',(0.250000000000009,-4.25,5.));
#5753=CARTESIAN_POINT('',(-0.249999999999994,-4.25,5.));
#5754=CARTESIAN_POINT('',(4.25,-0.25,5.));
#5755=CARTESIAN_POINT('Origin',(0.250000000000007,-0.25,5.));
#5756=CARTESIAN_POINT('',(4.24999999999996,32.5,5.));
#5757=CARTESIAN_POINT('',(4.25,-0.25,5.));
#5758=CARTESIAN_POINT('Origin',(6.24999999999998,32.5,5.));
#5759=CARTESIAN_POINT('Origin',(-6.24999999999999,32.5,5.));
#5760=CARTESIAN_POINT('',(-2.25,0.,5.));
#5761=CARTESIAN_POINT('',(-2.25,30.25,5.));
#5762=CARTESIAN_POINT('',(-2.25,0.,5.));
#5763=CARTESIAN_POINT('',(2.24999999999999,30.25,5.));
#5764=CARTESIAN_POINT('Origin',(1.28261901615675E-14,30.25,5.));
#5765=CARTESIAN_POINT('',(2.25000000000001,0.,5.));
#5766=CARTESIAN_POINT('',(2.24999999999999,30.25,5.));
#5767=CARTESIAN_POINT('Origin',(2.44929359829471E-16,0.,5.));
#5768=CARTESIAN_POINT('Origin',(7.49999999999999,59.,0.));
#5769=CARTESIAN_POINT('',(7.49999999999996,53.5,18.));
#5770=CARTESIAN_POINT('Origin',(2.24999999999999,30.25,0.));
#5771=CARTESIAN_POINT('',(2.25000000000001,0.,0.));
#5772=CARTESIAN_POINT('',(2.24999999999999,30.25,0.));
#5773=CARTESIAN_POINT('Origin',(1.28261901615675E-14,30.25,0.));
#5774=CARTESIAN_POINT('',(-2.25,30.25,0.));
#5775=CARTESIAN_POINT('Origin',(-2.25,0.,0.));
#5776=CARTESIAN_POINT('',(-2.25,0.,0.));
#5777=CARTESIAN_POINT('Origin',(2.44929359829471E-16,0.,0.));
#5778=CARTESIAN_POINT('Origin',(4.25,-0.25,0.));
#5779=CARTESIAN_POINT('',(4.24999999999996,32.5,0.));
#5780=CARTESIAN_POINT('',(4.25,-0.25,0.));
#5781=CARTESIAN_POINT('Origin',(0.250000000000007,-0.25,0.));
#5782=CARTESIAN_POINT('',(0.250000000000009,-4.25,0.));
#5783=CARTESIAN_POINT('Origin',(-0.249999999999994,-4.25,0.));
#5784=CARTESIAN_POINT('',(-0.249999999999994,-4.25,0.));
#5785=CARTESIAN_POINT('Origin',(-0.249999999999995,-0.25,0.));
#5786=CARTESIAN_POINT('',(-4.24999999999998,-0.25,0.));
#5787=CARTESIAN_POINT('Origin',(-4.24999999999999,32.5,0.));
#5788=CARTESIAN_POINT('',(-4.24999999999999,32.5,0.));
#5789=CARTESIAN_POINT('Origin',(-6.24999999999999,32.5,0.));
#5790=CARTESIAN_POINT('Origin',(6.24999999999998,32.5,0.));
#5791=CARTESIAN_POINT('Origin',(0.,48.,18.));
#5792=CARTESIAN_POINT('Origin',(0.,48.,18.));
#5793=CARTESIAN_POINT('',(0.,0.,0.));
#5794=CARTESIAN_POINT('Origin',(0.5,33.,1.5));
#5795=CARTESIAN_POINT('',(0.500000000000001,33.9963233306192,0.));
#5796=CARTESIAN_POINT('',(0.5,33.9963233306192,1.5));
#5797=CARTESIAN_POINT('',(0.5,33.9963233306192,0.75));
#5798=CARTESIAN_POINT('',(0.500000000000001,33.,0.));
#5799=CARTESIAN_POINT('',(0.499999999999999,16.5,0.));
#5800=CARTESIAN_POINT('',(0.5,33.,1.5));
#5801=CARTESIAN_POINT('',(0.5,33.,1.5));
#5802=CARTESIAN_POINT('',(0.499999999999998,16.5,1.5));
#5803=CARTESIAN_POINT('Origin',(-0.500000000000001,33.,0.));
#5804=CARTESIAN_POINT('',(-0.499999999999999,33.9963233306192,1.5));
#5805=CARTESIAN_POINT('',(-0.500000000000001,33.9963233306192,0.));
#5806=CARTESIAN_POINT('',(-0.5,33.9963233306192,0.75));
#5807=CARTESIAN_POINT('',(-0.499999999999999,33.,1.5));
#5808=CARTESIAN_POINT('',(-0.500000000000002,16.5,1.5));
#5809=CARTESIAN_POINT('',(-0.500000000000001,33.,0.));
#5810=CARTESIAN_POINT('',(-0.500000000000001,33.,0.));
#5811=CARTESIAN_POINT('',(-0.500000000000003,16.5,0.));
#5812=CARTESIAN_POINT('Origin',(-1.38777878078145E-16,33.,0.75));
#5813=CARTESIAN_POINT('',(0.,33.,1.5));
#5814=CARTESIAN_POINT('',(-17.,33.,1.5));
#5815=CARTESIAN_POINT('',(-17.,33.,1.5));
#5816=CARTESIAN_POINT('',(-15.25,33.,0.));
#5817=CARTESIAN_POINT('Origin',(-30.5,0.,0.));
#5818=CARTESIAN_POINT('Origin',(0.,0.,0.));
#5819=CARTESIAN_POINT('',(-6.36347431198837,-27.708413788607,0.));
#5820=CARTESIAN_POINT('',(-8.89607944229998,-29.1737856740651,0.));
#5821=CARTESIAN_POINT('Origin',(-8.31272997067375,-27.2607505478969,0.));
#5822=CARTESIAN_POINT('',(-6.38121785867367,-27.7856743399236,0.));
#5823=CARTESIAN_POINT('',(-3.22664839873786,-14.0497634781268,0.));
#5824=CARTESIAN_POINT('',(-4.12180787231736,-26.257532860266,0.));
#5825=CARTESIAN_POINT('Origin',(-4.43196219998829,-28.2333375806337,0.));
#5826=CARTESIAN_POINT('',(4.12180787231736,-26.257532860266,0.));
#5827=CARTESIAN_POINT('Origin',(0.,0.,0.));
#5828=CARTESIAN_POINT('',(6.38121785867367,-27.7856743399236,0.));
#5829=CARTESIAN_POINT('Origin',(4.43196219998829,-28.2333375806337,0.));
#5830=CARTESIAN_POINT('',(6.36347431198837,-27.708413788607,0.));
#5831=CARTESIAN_POINT('',(3.23552017208051,-14.0883937537851,0.));
#5832=CARTESIAN_POINT('',(8.89607944229998,-29.1737856740651,0.));
#5833=CARTESIAN_POINT('Origin',(8.31272997067375,-27.2607505478969,0.));
#5834=CARTESIAN_POINT('',(5.47274158859544,30.0049845776407,0.));
#5835=CARTESIAN_POINT('Origin',(0.,0.,0.));
#5836=CARTESIAN_POINT('',(3.47556919912595,29.1845974780385,0.));
#5837=CARTESIAN_POINT('Origin',(5.11387328770393,28.0374446053364,0.));
#5838=CARTESIAN_POINT('',(2.2582787898436,27.4461266063956,0.));
#5839=CARTESIAN_POINT('',(-4.04900980667183,18.4383849693348,0.));
#5840=CARTESIAN_POINT('',(0.576619827051243,26.5937494455944,0.));
#5841=CARTESIAN_POINT('Origin',(0.619974701265622,28.5932794790977,0.));
#5842=CARTESIAN_POINT('',(-0.576619827051254,26.5937494455944,0.));
#5843=CARTESIAN_POINT('Origin',(0.,0.,0.));
#5844=CARTESIAN_POINT('',(-2.25827878984361,27.4461266063956,0.));
#5845=CARTESIAN_POINT('Origin',(-0.619974701265633,28.5932794790977,0.));
#5846=CARTESIAN_POINT('',(-3.47556919912596,29.1845974780385,0.));
#5847=CARTESIAN_POINT('',(4.65765501131299,17.5691495335134,0.));
#5848=CARTESIAN_POINT('',(-5.47274158859545,30.0049845776407,0.));
#5849=CARTESIAN_POINT('Origin',(-5.11387328770394,28.0374446053364,0.));
#5850=CARTESIAN_POINT('Origin',(0.,0.,0.));
#5851=CARTESIAN_POINT('',(-1.8,-29.5832148836235,0.));
#5852=CARTESIAN_POINT('Origin',(-3.5,-29.5832148836235,0.));
#5853=CARTESIAN_POINT('',(1.69999999999999,29.8,0.));
#5854=CARTESIAN_POINT('Origin',(-5.85849617233753E-15,29.8,0.));
#5855=CARTESIAN_POINT('',(5.2,-29.5832148836235,0.));
#5856=CARTESIAN_POINT('Origin',(3.5,-29.5832148836235,0.));
#5857=CARTESIAN_POINT('Origin',(-34.,0.,6.5));
#5858=CARTESIAN_POINT('',(34.,-4.163799117101E-15,6.5));
#5859=CARTESIAN_POINT('Origin',(0.,0.,6.5));
#5860=CARTESIAN_POINT('',(-1.8,-29.5832148836235,6.5));
#5861=CARTESIAN_POINT('Origin',(-3.5,-29.5832148836235,6.5));
#5862=CARTESIAN_POINT('',(-8.89607944229998,-29.1737856740651,6.5));
#5863=CARTESIAN_POINT('',(-5.47274158859545,30.0049845776407,6.5));
#5864=CARTESIAN_POINT('Origin',(0.,0.,6.5));
#5865=CARTESIAN_POINT('',(-3.47556919912596,29.1845974780385,6.5));
#5866=CARTESIAN_POINT('Origin',(-5.11387328770394,28.0374446053364,6.5));
#5867=CARTESIAN_POINT('',(-2.25827878984361,27.4461266063956,6.5));
#5868=CARTESIAN_POINT('',(-3.47556919912596,29.1845974780385,6.5));
#5869=CARTESIAN_POINT('',(-0.576619827051254,26.5937494455944,6.5));
#5870=CARTESIAN_POINT('Origin',(-0.619974701265633,28.5932794790977,6.5));
#5871=CARTESIAN_POINT('',(0.576619827051243,26.5937494455944,6.5));
#5872=CARTESIAN_POINT('Origin',(0.,0.,6.5));
#5873=CARTESIAN_POINT('',(2.2582787898436,27.4461266063956,6.5));
#5874=CARTESIAN_POINT('Origin',(0.619974701265622,28.5932794790977,6.5));
#5875=CARTESIAN_POINT('',(3.47556919912595,29.1845974780385,6.5));
#5876=CARTESIAN_POINT('',(2.2582787898436,27.4461266063956,6.5));
#5877=CARTESIAN_POINT('',(5.47274158859544,30.0049845776407,6.5));
#5878=CARTESIAN_POINT('Origin',(5.11387328770393,28.0374446053364,6.5));
#5879=CARTESIAN_POINT('',(8.89607944229998,-29.1737856740651,6.5));
#5880=CARTESIAN_POINT('Origin',(0.,0.,6.5));
#5881=CARTESIAN_POINT('',(6.36347431198837,-27.708413788607,6.5));
#5882=CARTESIAN_POINT('Origin',(8.31272997067375,-27.2607505478969,6.5));
#5883=CARTESIAN_POINT('',(6.38121785867367,-27.7856743399236,6.5));
#5884=CARTESIAN_POINT('',(6.36347431198837,-27.708413788607,6.5));
#5885=CARTESIAN_POINT('',(4.12180787231736,-26.257532860266,6.5));
#5886=CARTESIAN_POINT('Origin',(4.43196219998829,-28.2333375806337,6.5));
#5887=CARTESIAN_POINT('',(-4.12180787231736,-26.257532860266,6.5));
#5888=CARTESIAN_POINT('Origin',(0.,0.,6.5));
#5889=CARTESIAN_POINT('',(-6.38121785867367,-27.7856743399236,6.5));
#5890=CARTESIAN_POINT('Origin',(-4.43196219998829,-28.2333375806337,6.5));
#5891=CARTESIAN_POINT('',(-6.36347431198837,-27.708413788607,6.5));
#5892=CARTESIAN_POINT('',(-6.38121785867367,-27.7856743399236,6.5));
#5893=CARTESIAN_POINT('Origin',(-8.31272997067375,-27.2607505478969,6.5));
#5894=CARTESIAN_POINT('',(1.69999999999999,29.8,6.5));
#5895=CARTESIAN_POINT('Origin',(-5.85849617233753E-15,29.8,6.5));
#5896=CARTESIAN_POINT('',(5.2,-29.5832148836235,6.5));
#5897=CARTESIAN_POINT('Origin',(3.5,-29.5832148836235,6.5));
#5898=CARTESIAN_POINT('Origin',(-6.36347431198837,-27.708413788607,6.5));
#5899=CARTESIAN_POINT('',(-6.36347431198837,-27.708413788607,6.5));
#5900=CARTESIAN_POINT('',(-6.38121785867367,-27.7856743399236,6.5));
#5901=CARTESIAN_POINT('Origin',(-8.31272997067375,-27.2607505478969,6.5));
#5902=CARTESIAN_POINT('',(-8.89607944229998,-29.1737856740651,6.5));
#5903=CARTESIAN_POINT('Origin',(-3.5,-29.5832148836235,6.5));
#5904=CARTESIAN_POINT('',(-1.8,-29.5832148836235,6.5));
#5905=CARTESIAN_POINT('Origin',(3.5,-29.5832148836235,6.5));
#5906=CARTESIAN_POINT('',(5.2,-29.5832148836235,6.5));
#5907=CARTESIAN_POINT('Origin',(8.31272997067375,-27.2607505478969,6.5));
#5908=CARTESIAN_POINT('',(6.36347431198837,-27.708413788607,6.5));
#5909=CARTESIAN_POINT('',(8.89607944229998,-29.1737856740651,6.5));
#5910=CARTESIAN_POINT('Origin',(6.38121785867367,-27.7856743399236,6.5));
#5911=CARTESIAN_POINT('',(6.38121785867367,-27.7856743399236,6.5));
#5912=CARTESIAN_POINT('Origin',(4.43196219998829,-28.2333375806337,6.5));
#5913=CARTESIAN_POINT('',(4.12180787231736,-26.257532860266,6.5));
#5914=CARTESIAN_POINT('Origin',(0.,0.,6.5));
#5915=CARTESIAN_POINT('',(-4.12180787231736,-26.257532860266,6.5));
#5916=CARTESIAN_POINT('Origin',(-4.43196219998829,-28.2333375806337,6.5));
#5917=CARTESIAN_POINT('Origin',(-2.25827878984361,27.4461266063956,6.5));
#5918=CARTESIAN_POINT('',(-2.25827878984361,27.4461266063956,6.5));
#5919=CARTESIAN_POINT('',(-3.47556919912596,29.1845974780385,6.5));
#5920=CARTESIAN_POINT('Origin',(-5.11387328770394,28.0374446053364,6.5));
#5921=CARTESIAN_POINT('',(-5.47274158859545,30.0049845776407,6.5));
#5922=CARTESIAN_POINT('Origin',(-5.85849617233753E-15,29.8,6.5));
#5923=CARTESIAN_POINT('',(1.69999999999999,29.8,6.5));
#5924=CARTESIAN_POINT('Origin',(5.11387328770393,28.0374446053364,6.5));
#5925=CARTESIAN_POINT('',(5.47274158859544,30.0049845776407,6.5));
#5926=CARTESIAN_POINT('',(3.47556919912595,29.1845974780385,6.5));
#5927=CARTESIAN_POINT('Origin',(3.47556919912595,29.1845974780385,6.5));
#5928=CARTESIAN_POINT('',(2.2582787898436,27.4461266063956,6.5));
#5929=CARTESIAN_POINT('Origin',(0.619974701265622,28.5932794790977,6.5));
#5930=CARTESIAN_POINT('',(0.576619827051243,26.5937494455944,6.5));
#5931=CARTESIAN_POINT('Origin',(0.,0.,6.5));
#5932=CARTESIAN_POINT('',(-0.576619827051254,26.5937494455944,6.5));
#5933=CARTESIAN_POINT('Origin',(-0.619974701265633,28.5932794790977,6.5));
#5934=CARTESIAN_POINT('Origin',(0.,0.,3.25));
#5935=CARTESIAN_POINT('Origin',(0.,0.,3.25));
#5936=CARTESIAN_POINT('Origin',(0.,0.,5.75));
#5937=CARTESIAN_POINT('',(34.,-4.163799117101E-15,5.));
#5938=CARTESIAN_POINT('Origin',(0.,0.,5.));
#5939=CARTESIAN_POINT('',(34.,-4.163799117101E-15,5.75));
#5940=CARTESIAN_POINT('Origin',(-33.,0.,5.));
#5941=CARTESIAN_POINT('',(33.,-4.04133443718627E-15,5.));
#5942=CARTESIAN_POINT('Origin',(0.,0.,5.));
#5943=CARTESIAN_POINT('Origin',(0.,0.,3.25));
#5944=CARTESIAN_POINT('',(33.,-4.04133443718627E-15,1.5));
#5945=CARTESIAN_POINT('Origin',(0.,0.,1.5));
#5946=CARTESIAN_POINT('Origin',(0.,0.,1.5));
#5947=CARTESIAN_POINT('',(33.,-4.04133443718627E-15,3.25));
#5948=CARTESIAN_POINT('Origin',(-34.,0.,1.5));
#5949=CARTESIAN_POINT('Origin',(0.,0.,1.5));
#5950=CARTESIAN_POINT('Origin',(0.,0.,0.75));
#5951=CARTESIAN_POINT('Origin',(0.,0.,1.67655172413793));
#5952=CARTESIAN_POINT('',(33.4857194330284,-4.10081791208046E-15,1.7348275862069));
#5953=CARTESIAN_POINT('Origin',(0.,0.,1.7348275862069));
#5954=CARTESIAN_POINT('',(33.4857194330284,-4.10081791208046E-15,1.61827586206896));
#5955=CARTESIAN_POINT('Origin',(33.4999996256083,-4.10256673129388E-15,
1.67655172413793));
#5956=CARTESIAN_POINT('Origin',(0.,0.,1.61827586206896));
#5957=CARTESIAN_POINT('Origin',(0.,0.,1.79310344827586));
#5958=CARTESIAN_POINT('',(33.4857194330284,-4.10081791208046E-15,1.85137931034483));
#5959=CARTESIAN_POINT('Origin',(0.,0.,1.85137931034483));
#5960=CARTESIAN_POINT('Origin',(33.4999996256083,-4.10256673129388E-15,
1.79310344827586));
#5961=CARTESIAN_POINT('Origin',(0.,0.,1.90965517241379));
#5962=CARTESIAN_POINT('',(33.4857194330284,-4.10081791208046E-15,1.96793103448276));
#5963=CARTESIAN_POINT('Origin',(0.,0.,1.96793103448276));
#5964=CARTESIAN_POINT('Origin',(33.4999996256083,-4.10256673129388E-15,
1.90965517241379));
#5965=CARTESIAN_POINT('Origin',(0.,0.,2.02620689655172));
#5966=CARTESIAN_POINT('',(33.4857194330284,-4.10081791208046E-15,2.08448275862069));
#5967=CARTESIAN_POINT('Origin',(0.,0.,2.08448275862069));
#5968=CARTESIAN_POINT('Origin',(33.4999996256083,-4.10256673129388E-15,
2.02620689655172));
#5969=CARTESIAN_POINT('Origin',(0.,0.,2.14275862068965));
#5970=CARTESIAN_POINT('',(33.4857194330284,-4.10081791208046E-15,2.20103448275862));
#5971=CARTESIAN_POINT('Origin',(0.,0.,2.20103448275862));
#5972=CARTESIAN_POINT('Origin',(33.4999996256083,-4.10256673129388E-15,
2.14275862068965));
#5973=CARTESIAN_POINT('Origin',(0.,0.,2.25931034482759));
#5974=CARTESIAN_POINT('',(33.4857194330284,-4.10081791208046E-15,2.31758620689655));
#5975=CARTESIAN_POINT('Origin',(0.,0.,2.31758620689655));
#5976=CARTESIAN_POINT('Origin',(33.4999996256083,-4.10256673129388E-15,
2.25931034482759));
#5977=CARTESIAN_POINT('Origin',(0.,0.,2.37586206896552));
#5978=CARTESIAN_POINT('',(33.4857194330284,-4.10081791208046E-15,2.43413793103448));
#5979=CARTESIAN_POINT('Origin',(0.,0.,2.43413793103448));
#5980=CARTESIAN_POINT('Origin',(33.4999996256083,-4.10256673129388E-15,
2.37586206896552));
#5981=CARTESIAN_POINT('Origin',(0.,0.,2.49241379310345));
#5982=CARTESIAN_POINT('',(33.4857194330284,-4.10081791208046E-15,2.55068965517241));
#5983=CARTESIAN_POINT('Origin',(0.,0.,2.55068965517241));
#5984=CARTESIAN_POINT('Origin',(33.4999996256083,-4.10256673129388E-15,
2.49241379310345));
#5985=CARTESIAN_POINT('Origin',(0.,0.,2.60896551724138));
#5986=CARTESIAN_POINT('',(33.4857194330284,-4.10081791208046E-15,2.66724137931034));
#5987=CARTESIAN_POINT('Origin',(0.,0.,2.66724137931034));
#5988=CARTESIAN_POINT('Origin',(33.4999996256083,-4.10256673129388E-15,
2.60896551724138));
#5989=CARTESIAN_POINT('Origin',(0.,0.,2.72551724137931));
#5990=CARTESIAN_POINT('',(33.4857194330284,-4.10081791208046E-15,2.78379310344828));
#5991=CARTESIAN_POINT('Origin',(0.,0.,2.78379310344828));
#5992=CARTESIAN_POINT('Origin',(33.4999996256083,-4.10256673129388E-15,
2.72551724137931));
#5993=CARTESIAN_POINT('Origin',(0.,0.,2.84206896551724));
#5994=CARTESIAN_POINT('',(33.4857194330284,-4.10081791208046E-15,2.90034482758621));
#5995=CARTESIAN_POINT('Origin',(0.,0.,2.90034482758621));
#5996=CARTESIAN_POINT('Origin',(33.4999996256083,-4.10256673129388E-15,
2.84206896551724));
#5997=CARTESIAN_POINT('Origin',(0.,0.,2.95862068965517));
#5998=CARTESIAN_POINT('',(33.4857194330284,-4.10081791208046E-15,3.01689655172414));
#5999=CARTESIAN_POINT('Origin',(0.,0.,3.01689655172414));
#6000=CARTESIAN_POINT('Origin',(33.4999996256083,-4.10256673129388E-15,
2.95862068965517));
#6001=CARTESIAN_POINT('Origin',(0.,0.,3.0751724137931));
#6002=CARTESIAN_POINT('',(33.4857194330284,-4.10081791208046E-15,3.13344827586207));
#6003=CARTESIAN_POINT('Origin',(0.,0.,3.13344827586207));
#6004=CARTESIAN_POINT('Origin',(33.4999996256083,-4.10256673129388E-15,
3.0751724137931));
#6005=CARTESIAN_POINT('Origin',(0.,0.,3.19172413793103));
#6006=CARTESIAN_POINT('',(33.4857194330284,-4.10081791208046E-15,3.25));
#6007=CARTESIAN_POINT('Origin',(0.,0.,3.25));
#6008=CARTESIAN_POINT('Origin',(33.4999996256083,-4.10256673129388E-15,
3.19172413793103));
#6009=CARTESIAN_POINT('Origin',(0.,0.,3.30827586206897));
#6010=CARTESIAN_POINT('',(33.4857194330284,-4.10081791208046E-15,3.36655172413793));
#6011=CARTESIAN_POINT('Origin',(0.,0.,3.36655172413793));
#6012=CARTESIAN_POINT('Origin',(33.4999996256083,-4.10256673129388E-15,
3.30827586206897));
#6013=CARTESIAN_POINT('Origin',(0.,0.,3.4248275862069));
#6014=CARTESIAN_POINT('',(33.4857194330284,-4.10081791208046E-15,3.48310344827586));
#6015=CARTESIAN_POINT('Origin',(0.,0.,3.48310344827586));
#6016=CARTESIAN_POINT('Origin',(33.4999996256083,-4.10256673129388E-15,
3.4248275862069));
#6017=CARTESIAN_POINT('Origin',(0.,0.,3.54137931034483));
#6018=CARTESIAN_POINT('',(33.4857194330284,-4.10081791208046E-15,3.59965517241379));
#6019=CARTESIAN_POINT('Origin',(0.,0.,3.59965517241379));
#6020=CARTESIAN_POINT('Origin',(33.4999996256083,-4.10256673129388E-15,
3.54137931034483));
#6021=CARTESIAN_POINT('Origin',(0.,0.,3.65793103448276));
#6022=CARTESIAN_POINT('',(33.4857194330284,-4.10081791208046E-15,3.71620689655172));
#6023=CARTESIAN_POINT('Origin',(0.,0.,3.71620689655172));
#6024=CARTESIAN_POINT('Origin',(33.4999996256083,-4.10256673129388E-15,
3.65793103448276));
#6025=CARTESIAN_POINT('Origin',(0.,0.,3.77448275862069));
#6026=CARTESIAN_POINT('',(33.4857194330284,-4.10081791208046E-15,3.83275862068965));
#6027=CARTESIAN_POINT('Origin',(0.,0.,3.83275862068965));
#6028=CARTESIAN_POINT('Origin',(33.4999996256083,-4.10256673129388E-15,
3.77448275862069));
#6029=CARTESIAN_POINT('Origin',(0.,0.,3.89103448275862));
#6030=CARTESIAN_POINT('',(33.4857194330284,-4.10081791208046E-15,3.94931034482759));
#6031=CARTESIAN_POINT('Origin',(0.,0.,3.94931034482759));
#6032=CARTESIAN_POINT('Origin',(33.4999996256083,-4.10256673129388E-15,
3.89103448275862));
#6033=CARTESIAN_POINT('Origin',(0.,0.,4.00758620689655));
#6034=CARTESIAN_POINT('',(33.4857194330284,-4.10081791208046E-15,4.06586206896552));
#6035=CARTESIAN_POINT('Origin',(0.,0.,4.06586206896552));
#6036=CARTESIAN_POINT('Origin',(33.4999996256083,-4.10256673129388E-15,
4.00758620689655));
#6037=CARTESIAN_POINT('Origin',(0.,0.,4.12413793103448));
#6038=CARTESIAN_POINT('',(33.4857194330284,-4.10081791208046E-15,4.18241379310345));
#6039=CARTESIAN_POINT('Origin',(0.,0.,4.18241379310345));
#6040=CARTESIAN_POINT('Origin',(33.4999996256083,-4.10256673129388E-15,
4.12413793103448));
#6041=CARTESIAN_POINT('Origin',(0.,0.,4.24068965517241));
#6042=CARTESIAN_POINT('',(33.4857194330284,-4.10081791208046E-15,4.29896551724138));
#6043=CARTESIAN_POINT('Origin',(0.,0.,4.29896551724138));
#6044=CARTESIAN_POINT('Origin',(33.4999996256083,-4.10256673129388E-15,
4.24068965517241));
#6045=CARTESIAN_POINT('Origin',(0.,0.,4.35724137931035));
#6046=CARTESIAN_POINT('',(33.4857194330284,-4.10081791208046E-15,4.41551724137931));
#6047=CARTESIAN_POINT('Origin',(0.,0.,4.41551724137931));
#6048=CARTESIAN_POINT('Origin',(33.4999996256083,-4.10256673129388E-15,
4.35724137931035));
#6049=CARTESIAN_POINT('Origin',(0.,0.,4.47379310344828));
#6050=CARTESIAN_POINT('',(33.4857194330284,-4.10081791208046E-15,4.53206896551724));
#6051=CARTESIAN_POINT('Origin',(0.,0.,4.53206896551724));
#6052=CARTESIAN_POINT('Origin',(33.4999996256083,-4.10256673129388E-15,
4.47379310344828));
#6053=CARTESIAN_POINT('Origin',(0.,0.,4.59034482758621));
#6054=CARTESIAN_POINT('',(33.4857194330284,-4.10081791208046E-15,4.64862068965517));
#6055=CARTESIAN_POINT('Origin',(0.,0.,4.64862068965517));
#6056=CARTESIAN_POINT('Origin',(33.4999996256083,-4.10256673129388E-15,
4.59034482758621));
#6057=CARTESIAN_POINT('Origin',(0.,0.,4.70689655172414));
#6058=CARTESIAN_POINT('',(33.4857194330284,-4.10081791208046E-15,4.7651724137931));
#6059=CARTESIAN_POINT('Origin',(0.,0.,4.7651724137931));
#6060=CARTESIAN_POINT('Origin',(33.4999996256083,-4.10256673129388E-15,
4.70689655172414));
#6061=CARTESIAN_POINT('Origin',(0.,0.,4.82344827586207));
#6062=CARTESIAN_POINT('',(33.4857194330284,-4.10081791208046E-15,4.88172413793103));
#6063=CARTESIAN_POINT('Origin',(0.,0.,4.88172413793103));
#6064=CARTESIAN_POINT('Origin',(33.4999996256083,-4.10256673129388E-15,
4.82344827586207));
#6065=CARTESIAN_POINT('Origin',(0.,0.,4.94));
#6066=CARTESIAN_POINT('',(33.5142798181882,-4.10431555050729E-15,4.88172413793103));
#6067=CARTESIAN_POINT('Origin',(0.,0.,4.88172413793103));
#6068=CARTESIAN_POINT('Origin',(33.4999996256083,-4.10256673129388E-15,
4.94));
#6069=CARTESIAN_POINT('Origin',(0.,0.,4.82344827586207));
#6070=CARTESIAN_POINT('',(33.5142798181882,-4.10431555050729E-15,4.7651724137931));
#6071=CARTESIAN_POINT('Origin',(0.,0.,4.7651724137931));
#6072=CARTESIAN_POINT('Origin',(33.4999996256083,-4.10256673129388E-15,
4.82344827586207));
#6073=CARTESIAN_POINT('Origin',(0.,0.,4.70689655172414));
#6074=CARTESIAN_POINT('',(33.5142798181882,-4.10431555050729E-15,4.64862068965517));
#6075=CARTESIAN_POINT('Origin',(0.,0.,4.64862068965517));
#6076=CARTESIAN_POINT('Origin',(33.4999996256083,-4.10256673129388E-15,
4.70689655172414));
#6077=CARTESIAN_POINT('Origin',(0.,0.,4.59034482758621));
#6078=CARTESIAN_POINT('',(33.5142798181882,-4.10431555050729E-15,4.53206896551724));
#6079=CARTESIAN_POINT('Origin',(0.,0.,4.53206896551724));
#6080=CARTESIAN_POINT('Origin',(33.4999996256083,-4.10256673129388E-15,
4.59034482758621));
#6081=CARTESIAN_POINT('Origin',(0.,0.,4.47379310344828));
#6082=CARTESIAN_POINT('',(33.5142798181882,-4.10431555050729E-15,4.41551724137931));
#6083=CARTESIAN_POINT('Origin',(0.,0.,4.41551724137931));
#6084=CARTESIAN_POINT('Origin',(33.4999996256083,-4.10256673129388E-15,
4.47379310344828));
#6085=CARTESIAN_POINT('Origin',(0.,0.,4.35724137931035));
#6086=CARTESIAN_POINT('',(33.5142798181882,-4.10431555050729E-15,4.29896551724138));
#6087=CARTESIAN_POINT('Origin',(0.,0.,4.29896551724138));
#6088=CARTESIAN_POINT('Origin',(33.4999996256083,-4.10256673129388E-15,
4.35724137931035));
#6089=CARTESIAN_POINT('Origin',(0.,0.,4.24068965517241));
#6090=CARTESIAN_POINT('',(33.5142798181882,-4.10431555050729E-15,4.18241379310345));
#6091=CARTESIAN_POINT('Origin',(0.,0.,4.18241379310345));
#6092=CARTESIAN_POINT('Origin',(33.4999996256083,-4.10256673129388E-15,
4.24068965517241));
#6093=CARTESIAN_POINT('Origin',(0.,0.,4.12413793103448));
#6094=CARTESIAN_POINT('',(33.5142798181882,-4.10431555050729E-15,4.06586206896552));
#6095=CARTESIAN_POINT('Origin',(0.,0.,4.06586206896552));
#6096=CARTESIAN_POINT('Origin',(33.4999996256083,-4.10256673129388E-15,
4.12413793103448));
#6097=CARTESIAN_POINT('Origin',(0.,0.,4.00758620689655));
#6098=CARTESIAN_POINT('',(33.5142798181882,-4.10431555050729E-15,3.94931034482759));
#6099=CARTESIAN_POINT('Origin',(0.,0.,3.94931034482759));
#6100=CARTESIAN_POINT('Origin',(33.4999996256083,-4.10256673129388E-15,
4.00758620689655));
#6101=CARTESIAN_POINT('Origin',(0.,0.,3.89103448275862));
#6102=CARTESIAN_POINT('',(33.5142798181882,-4.10431555050729E-15,3.83275862068965));
#6103=CARTESIAN_POINT('Origin',(0.,0.,3.83275862068965));
#6104=CARTESIAN_POINT('Origin',(33.4999996256083,-4.10256673129388E-15,
3.89103448275862));
#6105=CARTESIAN_POINT('Origin',(0.,0.,3.77448275862069));
#6106=CARTESIAN_POINT('',(33.5142798181882,-4.10431555050729E-15,3.71620689655172));
#6107=CARTESIAN_POINT('Origin',(0.,0.,3.71620689655172));
#6108=CARTESIAN_POINT('Origin',(33.4999996256083,-4.10256673129388E-15,
3.77448275862069));
#6109=CARTESIAN_POINT('Origin',(0.,0.,3.65793103448276));
#6110=CARTESIAN_POINT('',(33.5142798181882,-4.10431555050729E-15,3.59965517241379));
#6111=CARTESIAN_POINT('Origin',(0.,0.,3.59965517241379));
#6112=CARTESIAN_POINT('Origin',(33.4999996256083,-4.10256673129388E-15,
3.65793103448276));
#6113=CARTESIAN_POINT('Origin',(0.,0.,3.54137931034483));
#6114=CARTESIAN_POINT('',(33.5142798181882,-4.10431555050729E-15,3.48310344827586));
#6115=CARTESIAN_POINT('Origin',(0.,0.,3.48310344827586));
#6116=CARTESIAN_POINT('Origin',(33.4999996256083,-4.10256673129388E-15,
3.54137931034483));
#6117=CARTESIAN_POINT('Origin',(0.,0.,3.4248275862069));
#6118=CARTESIAN_POINT('',(33.5142798181882,-4.10431555050729E-15,3.36655172413793));
#6119=CARTESIAN_POINT('Origin',(0.,0.,3.36655172413793));
#6120=CARTESIAN_POINT('Origin',(33.4999996256083,-4.10256673129388E-15,
3.4248275862069));
#6121=CARTESIAN_POINT('Origin',(0.,0.,3.30827586206897));
#6122=CARTESIAN_POINT('',(33.5142798181882,-4.10431555050729E-15,3.25));
#6123=CARTESIAN_POINT('Origin',(0.,0.,3.25));
#6124=CARTESIAN_POINT('Origin',(33.4999996256083,-4.10256673129388E-15,
3.30827586206897));
#6125=CARTESIAN_POINT('Origin',(0.,0.,3.19172413793103));
#6126=CARTESIAN_POINT('',(33.5142798181882,-4.10431555050729E-15,3.13344827586207));
#6127=CARTESIAN_POINT('Origin',(0.,0.,3.13344827586207));
#6128=CARTESIAN_POINT('Origin',(33.4999996256083,-4.10256673129388E-15,
3.19172413793103));
#6129=CARTESIAN_POINT('Origin',(0.,0.,3.0751724137931));
#6130=CARTESIAN_POINT('',(33.5142798181882,-4.10431555050729E-15,3.01689655172414));
#6131=CARTESIAN_POINT('Origin',(0.,0.,3.01689655172414));
#6132=CARTESIAN_POINT('Origin',(33.4999996256083,-4.10256673129388E-15,
3.0751724137931));
#6133=CARTESIAN_POINT('Origin',(0.,0.,2.95862068965517));
#6134=CARTESIAN_POINT('',(33.5142798181882,-4.10431555050729E-15,2.90034482758621));
#6135=CARTESIAN_POINT('Origin',(0.,0.,2.90034482758621));
#6136=CARTESIAN_POINT('Origin',(33.4999996256083,-4.10256673129388E-15,
2.95862068965517));
#6137=CARTESIAN_POINT('Origin',(0.,0.,2.84206896551724));
#6138=CARTESIAN_POINT('',(33.5142798181882,-4.10431555050729E-15,2.78379310344828));
#6139=CARTESIAN_POINT('Origin',(0.,0.,2.78379310344828));
#6140=CARTESIAN_POINT('Origin',(33.4999996256083,-4.10256673129388E-15,
2.84206896551724));
#6141=CARTESIAN_POINT('Origin',(0.,0.,2.72551724137931));
#6142=CARTESIAN_POINT('',(33.5142798181882,-4.10431555050729E-15,2.66724137931034));
#6143=CARTESIAN_POINT('Origin',(0.,0.,2.66724137931034));
#6144=CARTESIAN_POINT('Origin',(33.4999996256083,-4.10256673129388E-15,
2.72551724137931));
#6145=CARTESIAN_POINT('Origin',(0.,0.,2.60896551724138));
#6146=CARTESIAN_POINT('',(33.5142798181882,-4.10431555050729E-15,2.55068965517241));
#6147=CARTESIAN_POINT('Origin',(0.,0.,2.55068965517241));
#6148=CARTESIAN_POINT('Origin',(33.4999996256083,-4.10256673129388E-15,
2.60896551724138));
#6149=CARTESIAN_POINT('Origin',(0.,0.,2.49241379310345));
#6150=CARTESIAN_POINT('',(33.5142798181882,-4.10431555050729E-15,2.43413793103448));
#6151=CARTESIAN_POINT('Origin',(0.,0.,2.43413793103448));
#6152=CARTESIAN_POINT('Origin',(33.4999996256083,-4.10256673129388E-15,
2.49241379310345));
#6153=CARTESIAN_POINT('Origin',(0.,0.,2.37586206896552));
#6154=CARTESIAN_POINT('',(33.5142798181882,-4.10431555050729E-15,2.31758620689655));
#6155=CARTESIAN_POINT('Origin',(0.,0.,2.31758620689655));
#6156=CARTESIAN_POINT('Origin',(33.4999996256083,-4.10256673129388E-15,
2.37586206896552));
#6157=CARTESIAN_POINT('Origin',(0.,0.,2.25931034482759));
#6158=CARTESIAN_POINT('',(33.5142798181882,-4.10431555050729E-15,2.20103448275862));
#6159=CARTESIAN_POINT('Origin',(0.,0.,2.20103448275862));
#6160=CARTESIAN_POINT('Origin',(33.4999996256083,-4.10256673129388E-15,
2.25931034482759));
#6161=CARTESIAN_POINT('Origin',(0.,0.,2.14275862068965));
#6162=CARTESIAN_POINT('',(33.5142798181882,-4.10431555050729E-15,2.08448275862069));
#6163=CARTESIAN_POINT('Origin',(0.,0.,2.08448275862069));
#6164=CARTESIAN_POINT('Origin',(33.4999996256083,-4.10256673129388E-15,
2.14275862068965));
#6165=CARTESIAN_POINT('Origin',(0.,0.,2.02620689655172));
#6166=CARTESIAN_POINT('',(33.5142798181882,-4.10431555050729E-15,1.96793103448276));
#6167=CARTESIAN_POINT('Origin',(0.,0.,1.96793103448276));
#6168=CARTESIAN_POINT('Origin',(33.4999996256083,-4.10256673129388E-15,
2.02620689655172));
#6169=CARTESIAN_POINT('Origin',(0.,0.,1.90965517241379));
#6170=CARTESIAN_POINT('',(33.5142798181882,-4.10431555050729E-15,1.85137931034483));
#6171=CARTESIAN_POINT('Origin',(0.,0.,1.85137931034483));
#6172=CARTESIAN_POINT('Origin',(33.4999996256083,-4.10256673129388E-15,
1.90965517241379));
#6173=CARTESIAN_POINT('Origin',(0.,0.,1.79310344827586));
#6174=CARTESIAN_POINT('',(33.5142798181882,-4.10431555050729E-15,1.7348275862069));
#6175=CARTESIAN_POINT('Origin',(0.,0.,1.7348275862069));
#6176=CARTESIAN_POINT('Origin',(33.4999996256083,-4.10256673129388E-15,
1.79310344827586));
#6177=CARTESIAN_POINT('Origin',(0.,0.,1.67655172413793));
#6178=CARTESIAN_POINT('',(33.5142798181882,-4.10431555050729E-15,1.61827586206896));
#6179=CARTESIAN_POINT('Origin',(0.,0.,1.61827586206896));
#6180=CARTESIAN_POINT('Origin',(33.4999996256083,-4.10256673129388E-15,
1.67655172413793));
#6181=CARTESIAN_POINT('Origin',(0.,0.,1.56));
#6182=CARTESIAN_POINT('Origin',(33.4999996256083,-4.10256673129388E-15,
1.56));
#6183=CARTESIAN_POINT('',(0.,0.,0.));
#6184=CARTESIAN_POINT('Origin',(6.9980437574596E-16,2.5,5.25));
#6185=CARTESIAN_POINT('',(-1.23259516440783E-31,2.5,6.5));
#6186=CARTESIAN_POINT('',(-1.23259516440783E-31,2.5,4.));
#6187=CARTESIAN_POINT('Ctrl Pts',(5.89805981832114E-16,2.5,6.5));
#6188=CARTESIAN_POINT('Ctrl Pts',(-0.15994412638586,2.5,6.5));
#6189=CARTESIAN_POINT('Ctrl Pts',(-0.328681344361068,2.48323996043832,6.46745488233641));
#6190=CARTESIAN_POINT('Ctrl Pts',(-0.635925947642967,2.42283105129935,6.33895634990573));
#6191=CARTESIAN_POINT('Ctrl Pts',(-0.774620837257828,2.37983326258812,6.24314611570854));
#6192=CARTESIAN_POINT('Ctrl Pts',(-0.993444785163792,2.29712558443605,6.02432216780258));
#6193=CARTESIAN_POINT('Ctrl Pts',(-1.08903588717028,2.25149501557585,5.88572794938478));
#6194=CARTESIAN_POINT('Ctrl Pts',(-1.21735698059595,2.18478179494117,5.57892325157911));
#6195=CARTESIAN_POINT('Ctrl Pts',(-1.25,2.1650635094611,5.41038133370061));
#6196=CARTESIAN_POINT('Ctrl Pts',(-1.25,2.1650635094611,5.08961866629939));
#6197=CARTESIAN_POINT('Ctrl Pts',(-1.21735698059595,2.18478179494117,4.92107674842089));
#6198=CARTESIAN_POINT('Ctrl Pts',(-1.08903588717028,2.25149501557585,4.61427205061522));
#6199=CARTESIAN_POINT('Ctrl Pts',(-0.993444785163792,2.29712558443605,4.47567783219742));
#6200=CARTESIAN_POINT('Ctrl Pts',(-0.774620837257828,2.37983326258812,4.25685388429146));
#6201=CARTESIAN_POINT('Ctrl Pts',(-0.635925947642968,2.42283105129935,4.16104365009427));
#6202=CARTESIAN_POINT('Ctrl Pts',(-0.328681344361068,2.48323996043832,4.03254511766359));
#6203=CARTESIAN_POINT('Ctrl Pts',(-0.15994412638586,2.5,4.));
#6204=CARTESIAN_POINT('Ctrl Pts',(6.24500451351651E-16,2.5,4.));
#6205=CARTESIAN_POINT('',(1.25,2.1650635094611,5.25));
#6206=CARTESIAN_POINT('Ctrl Pts',(1.25,2.1650635094611,5.25));
#6207=CARTESIAN_POINT('Ctrl Pts',(1.25,2.1650635094611,5.41038133370061));
#6208=CARTESIAN_POINT('Ctrl Pts',(1.21735698059595,2.18478179494117,5.57892325157911));
#6209=CARTESIAN_POINT('Ctrl Pts',(1.08903588717028,2.25149501557585,5.88572794938478));
#6210=CARTESIAN_POINT('Ctrl Pts',(0.993444785163794,2.29712558443605,6.02432216780258));
#6211=CARTESIAN_POINT('Ctrl Pts',(0.774620837257829,2.37983326258812,6.24314611570854));
#6212=CARTESIAN_POINT('Ctrl Pts',(0.635925947642969,2.42283105129935,6.33895634990573));
#6213=CARTESIAN_POINT('Ctrl Pts',(0.32868134436107,2.48323996043832,6.46745488233641));
#6214=CARTESIAN_POINT('Ctrl Pts',(0.159944126385862,2.5,6.5));
#6215=CARTESIAN_POINT('Ctrl Pts',(6.24500451351651E-16,2.5,6.5));
#6216=CARTESIAN_POINT('',(1.25,0.,5.25));
#6217=CARTESIAN_POINT('',(1.25,2.5,5.25));
#6218=CARTESIAN_POINT('',(-1.25,0.,5.25));
#6219=CARTESIAN_POINT('Origin',(6.9980437574596E-16,0.,5.25));
#6220=CARTESIAN_POINT('Origin',(6.9980437574596E-16,0.,5.25));
#6221=CARTESIAN_POINT('Ctrl Pts',(4.85722573273506E-16,2.5,4.));
#6222=CARTESIAN_POINT('Ctrl Pts',(0.159944126385862,2.5,4.));
#6223=CARTESIAN_POINT('Ctrl Pts',(0.328681344361069,2.48323996043832,4.03254511766359));
#6224=CARTESIAN_POINT('Ctrl Pts',(0.635925947642969,2.42283105129935,4.16104365009427));
#6225=CARTESIAN_POINT('Ctrl Pts',(0.774620837257829,2.37983326258812,4.25685388429146));
#6226=CARTESIAN_POINT('Ctrl Pts',(0.993444785163794,2.29712558443605,4.47567783219742));
#6227=CARTESIAN_POINT('Ctrl Pts',(1.08903588717028,2.25149501557585,4.61427205061522));
#6228=CARTESIAN_POINT('Ctrl Pts',(1.21735698059595,2.18478179494117,4.92107674842089));
#6229=CARTESIAN_POINT('Ctrl Pts',(1.25,2.1650635094611,5.08961866629939));
#6230=CARTESIAN_POINT('Ctrl Pts',(1.25,2.1650635094611,5.25));
#6231=CARTESIAN_POINT('Origin',(2.72047159433909E-15,2.5,21.75));
#6232=CARTESIAN_POINT('',(0.,2.5,23.));
#6233=CARTESIAN_POINT('',(0.,2.5,20.5));
#6234=CARTESIAN_POINT('Ctrl Pts',(2.74086309204336E-15,2.5,23.));
#6235=CARTESIAN_POINT('Ctrl Pts',(-0.159944126385858,2.5,23.));
#6236=CARTESIAN_POINT('Ctrl Pts',(-0.328681344361066,2.48323996043832,22.9674548823364));
#6237=CARTESIAN_POINT('Ctrl Pts',(-0.635925947642967,2.42283105129935,22.8389563499057));
#6238=CARTESIAN_POINT('Ctrl Pts',(-0.774620837257826,2.37983326258812,22.7431461157085));
#6239=CARTESIAN_POINT('Ctrl Pts',(-0.99344478516379,2.29712558443605,22.5243221678026));
#6240=CARTESIAN_POINT('Ctrl Pts',(-1.08903588717028,2.25149501557585,22.3857279493848));
#6241=CARTESIAN_POINT('Ctrl Pts',(-1.21735698059595,2.18478179494117,22.0789232515791));
#6242=CARTESIAN_POINT('Ctrl Pts',(-1.25,2.1650635094611,21.9103813337006));
#6243=CARTESIAN_POINT('Ctrl Pts',(-1.25,2.1650635094611,21.5896186662994));
#6244=CARTESIAN_POINT('Ctrl Pts',(-1.21735698059595,2.18478179494117,21.4210767484209));
#6245=CARTESIAN_POINT('Ctrl Pts',(-1.08903588717028,2.25149501557585,21.1142720506152));
#6246=CARTESIAN_POINT('Ctrl Pts',(-0.99344478516379,2.29712558443605,20.9756778321974));
#6247=CARTESIAN_POINT('Ctrl Pts',(-0.774620837257826,2.37983326258812,20.7568538842915));
#6248=CARTESIAN_POINT('Ctrl Pts',(-0.635925947642967,2.42283105129935,20.6610436500943));
#6249=CARTESIAN_POINT('Ctrl Pts',(-0.328681344361066,2.48323996043832,20.5325451176636));
#6250=CARTESIAN_POINT('Ctrl Pts',(-0.159944126385859,2.5,20.5));
#6251=CARTESIAN_POINT('Ctrl Pts',(2.56739074444567E-15,2.5,20.5));
#6252=CARTESIAN_POINT('',(1.25,2.16506350946109,21.75));
#6253=CARTESIAN_POINT('Ctrl Pts',(1.25,2.16506350946109,21.75));
#6254=CARTESIAN_POINT('Ctrl Pts',(1.25,2.16506350946109,21.9103813337006));
#6255=CARTESIAN_POINT('Ctrl Pts',(1.21735698059595,2.18478179494117,22.0789232515791));
#6256=CARTESIAN_POINT('Ctrl Pts',(1.08903588717029,2.25149501557585,22.3857279493848));
#6257=CARTESIAN_POINT('Ctrl Pts',(0.993444785163795,2.29712558443604,22.5243221678026));
#6258=CARTESIAN_POINT('Ctrl Pts',(0.774620837257831,2.37983326258812,22.7431461157085));
#6259=CARTESIAN_POINT('Ctrl Pts',(0.635925947642972,2.42283105129935,22.8389563499057));
#6260=CARTESIAN_POINT('Ctrl Pts',(0.328681344361072,2.48323996043832,22.9674548823364));
#6261=CARTESIAN_POINT('Ctrl Pts',(0.159944126385864,2.5,23.));
#6262=CARTESIAN_POINT('Ctrl Pts',(2.77555756156289E-15,2.5,23.));
#6263=CARTESIAN_POINT('',(1.25,0.,21.75));
#6264=CARTESIAN_POINT('',(1.25,2.5,21.75));
#6265=CARTESIAN_POINT('',(-1.25,0.,21.75));
#6266=CARTESIAN_POINT('Origin',(2.72047159433909E-15,0.,21.75));
#6267=CARTESIAN_POINT('Origin',(2.72047159433909E-15,0.,21.75));
#6268=CARTESIAN_POINT('Ctrl Pts',(2.70616862252382E-15,2.5,20.5));
#6269=CARTESIAN_POINT('Ctrl Pts',(0.159944126385864,2.5,20.5));
#6270=CARTESIAN_POINT('Ctrl Pts',(0.328681344361071,2.48323996043832,20.5325451176636));
#6271=CARTESIAN_POINT('Ctrl Pts',(0.635925947642972,2.42283105129935,20.6610436500943));
#6272=CARTESIAN_POINT('Ctrl Pts',(0.774620837257831,2.37983326258812,20.7568538842915));
#6273=CARTESIAN_POINT('Ctrl Pts',(0.993444785163795,2.29712558443604,20.9756778321974));
#6274=CARTESIAN_POINT('Ctrl Pts',(1.08903588717029,2.25149501557585,21.1142720506152));
#6275=CARTESIAN_POINT('Ctrl Pts',(1.21735698059595,2.18478179494117,21.4210767484209));
#6276=CARTESIAN_POINT('Ctrl Pts',(1.25,2.16506350946109,21.5896186662994));
#6277=CARTESIAN_POINT('Ctrl Pts',(1.25,2.16506350946109,21.75));
#6278=CARTESIAN_POINT('Origin',(0.,0.,0.));
#6279=CARTESIAN_POINT('',(1.25,1.53080849893419E-16,27.));
#6280=CARTESIAN_POINT('Origin',(0.,0.,27.));
#6281=CARTESIAN_POINT('',(1.25,1.53080849893419E-16,0.));
#6282=CARTESIAN_POINT('',(1.25,1.53080849893419E-16,0.));
#6283=CARTESIAN_POINT('',(1.25,1.53080849893419E-16,0.));
#6284=CARTESIAN_POINT('',(1.25,1.53080849893419E-16,0.));
#6285=CARTESIAN_POINT('Origin',(0.,0.,0.));
#6286=CARTESIAN_POINT('Origin',(0.,0.,0.));
#6287=CARTESIAN_POINT('',(-2.5,-3.06161699786838E-16,27.));
#6288=CARTESIAN_POINT('Origin',(0.,0.,27.));
#6289=CARTESIAN_POINT('',(-2.5,-3.06161699786838E-16,0.));
#6290=CARTESIAN_POINT('',(-2.5,-3.06161699786838E-16,0.));
#6291=CARTESIAN_POINT('Origin',(0.,0.,0.));
#6292=CARTESIAN_POINT('Origin',(0.,0.,27.));
#6293=CARTESIAN_POINT('Origin',(0.,0.,0.));
#6294=CARTESIAN_POINT('',(5.55111512312578E-16,34.5,44.5832148836235));
#6295=CARTESIAN_POINT('',(0.,0.,0.));
#6296=CARTESIAN_POINT('',(-1.11022302462516E-15,61.5,44.5832148836235));
#6297=CARTESIAN_POINT('',(-5.55111512312578E-15,61.5,74.3832148836235));
#6298=CARTESIAN_POINT('',(0.,0.,0.));
#6299=CARTESIAN_POINT('Origin',(18.9325693237965,-6.03999999999998,32.473));
#6300=CARTESIAN_POINT('',(12.9401386475931,-7.28999999999999,32.473));
#6301=CARTESIAN_POINT('',(24.925,-7.28999999999998,32.473));
#6302=CARTESIAN_POINT('',(12.9401386475931,-7.28999999999998,32.473));
#6303=CARTESIAN_POINT('',(24.925,-4.78999999999998,32.473));
#6304=CARTESIAN_POINT('',(24.925,-7.28999999999998,32.473));
#6305=CARTESIAN_POINT('',(12.9401386475931,-4.78999999999999,32.473));
#6306=CARTESIAN_POINT('',(24.925,-4.78999999999998,32.473));
#6307=CARTESIAN_POINT('',(12.9401386475931,-4.78999999999999,32.473));
#6308=CARTESIAN_POINT('Origin',(18.925,22.48,32.473));
#6309=CARTESIAN_POINT('',(24.925,23.73,32.473));
#6310=CARTESIAN_POINT('',(12.925,23.73,32.473));
#6311=CARTESIAN_POINT('',(24.925,23.73,32.473));
#6312=CARTESIAN_POINT('',(12.925,21.23,32.473));
#6313=CARTESIAN_POINT('',(12.925,23.73,32.473));
#6314=CARTESIAN_POINT('',(24.925,21.23,32.473));
#6315=CARTESIAN_POINT('',(12.925,21.23,32.473));
#6316=CARTESIAN_POINT('',(24.925,21.23,32.473));
#6317=CARTESIAN_POINT('Origin',(1.24999999999999,8.22000000000001,32.473));
#6318=CARTESIAN_POINT('',(-6.10622663543836E-15,-0.559999999999988,32.473));
#6319=CARTESIAN_POINT('',(2.49999999999999,-0.559999999999988,32.473));
#6320=CARTESIAN_POINT('',(-6.10622663543836E-15,-0.559999999999988,32.473));
#6321=CARTESIAN_POINT('',(2.49999999999998,17.,32.473));
#6322=CARTESIAN_POINT('',(2.49999999999999,-0.559999999999988,32.473));
#6323=CARTESIAN_POINT('',(-1.0547118733939E-14,17.,32.473));
#6324=CARTESIAN_POINT('',(12.925,17.,32.473));
#6325=CARTESIAN_POINT('',(-1.0547118733939E-14,17.,32.473));
#6326=CARTESIAN_POINT('Origin',(36.6,8.22000000000002,32.473));
#6327=CARTESIAN_POINT('',(37.85,-0.559999999999985,32.473));
#6328=CARTESIAN_POINT('',(37.85,17.,32.473));
#6329=CARTESIAN_POINT('',(37.85,-0.559999999999985,32.473));
#6330=CARTESIAN_POINT('',(35.35,17.,32.473));
#6331=CARTESIAN_POINT('',(37.85,17.,32.473));
#6332=CARTESIAN_POINT('',(35.35,-0.559999999999986,32.473));
#6333=CARTESIAN_POINT('',(35.35,17.,32.473));
#6334=CARTESIAN_POINT('',(35.35,-0.559999999999986,32.473));
#6335=CARTESIAN_POINT('Origin',(3.15,8.50000000000001,8.7365));
#6336=CARTESIAN_POINT('',(3.15,9.75,10.473));
#6337=CARTESIAN_POINT('',(3.15,9.75,15.473));
#6338=CARTESIAN_POINT('',(3.15,9.75,9.60475));
#6339=CARTESIAN_POINT('',(3.15,7.25,10.473));
#6340=CARTESIAN_POINT('',(3.15,7.875,10.473));
#6341=CARTESIAN_POINT('',(3.15,7.25,15.473));
#6342=CARTESIAN_POINT('',(3.15,7.25,12.10475));
#6343=CARTESIAN_POINT('',(3.15,2.22044604925031E-15,15.473));
#6344=CARTESIAN_POINT('',(3.15,8.36,15.473));
#6345=CARTESIAN_POINT('',(3.15,0.,4.44089209850063E-15));
#6346=CARTESIAN_POINT('',(3.15,1.11022302462516E-15,4.36825));
#6347=CARTESIAN_POINT('',(3.15,17.,-4.44089209850063E-15));
#6348=CARTESIAN_POINT('',(3.15,12.75,-3.33066907387547E-15));
#6349=CARTESIAN_POINT('',(3.15,17.,15.473));
#6350=CARTESIAN_POINT('',(3.15,17.,13.10475));
#6351=CARTESIAN_POINT('',(3.15,8.36,15.473));
#6352=CARTESIAN_POINT('',(3.15,12.,3.3));
#6353=CARTESIAN_POINT('Origin',(3.15,12.,5.));
#6354=CARTESIAN_POINT('',(3.15,5.,3.3));
#6355=CARTESIAN_POINT('Origin',(3.15,5.,5.));
#6356=CARTESIAN_POINT('Origin',(5.15,2.77555756156289E-16,4.44089209850063E-15));
#6357=CARTESIAN_POINT('',(-2.22044604925031E-15,1.38777878078145E-15,15.473));
#6358=CARTESIAN_POINT('',(12.0375,3.33066907387547E-15,15.473));
#6359=CARTESIAN_POINT('',(0.,0.,0.));
#6360=CARTESIAN_POINT('',(0.,5.55111512312578E-16,3.86825));
#6361=CARTESIAN_POINT('',(5.15,2.77555756156289E-16,4.44089209850063E-15));
#6362=CARTESIAN_POINT('Origin',(27.65,7.87500000000001,12.973));
#6363=CARTESIAN_POINT('',(25.15,9.75,10.473));
#6364=CARTESIAN_POINT('',(30.15,9.75,15.473));
#6365=CARTESIAN_POINT('',(21.4,9.75000000000001,6.72300000000001));
#6366=CARTESIAN_POINT('',(30.15,7.25000000000001,15.473));
#6367=CARTESIAN_POINT('',(30.15,8.36000000000001,15.473));
#6368=CARTESIAN_POINT('',(25.15,7.25,10.473));
#6369=CARTESIAN_POINT('',(22.65,7.25,7.97300000000001));
#6370=CARTESIAN_POINT('',(25.15,7.875,10.473));
#6371=CARTESIAN_POINT('Origin',(5.15,9.75,10.473));
#6372=CARTESIAN_POINT('',(5.15,9.75,10.473));
#6373=CARTESIAN_POINT('',(12.0375,9.75,15.473));
#6374=CARTESIAN_POINT('Origin',(5.15,7.25,10.473));
#6375=CARTESIAN_POINT('',(5.15,7.25,10.473));
#6376=CARTESIAN_POINT('Origin',(21.925,-6.78999999999999,15.973));
#6377=CARTESIAN_POINT('',(12.925,-7.29,16.473));
#6378=CARTESIAN_POINT('',(12.925,-6.28999999999999,15.473));
#6379=CARTESIAN_POINT('',(12.925,-7.29,16.473));
#6380=CARTESIAN_POINT('',(24.925,-6.28999999999999,15.473));
#6381=CARTESIAN_POINT('',(21.925,-6.28999999999999,15.473));
#6382=CARTESIAN_POINT('',(24.925,-7.28999999999999,16.473));
#6383=CARTESIAN_POINT('',(24.925,-5.60750000000001,14.7905));
#6384=CARTESIAN_POINT('',(21.925,-7.28999999999999,16.473));
#6385=CARTESIAN_POINT('Origin',(24.925,-0.559999999999993,17.473));
#6386=CARTESIAN_POINT('',(24.925,-0.559999999999993,15.473));
#6387=CARTESIAN_POINT('',(24.925,-7.28999999999999,15.473));
#6388=CARTESIAN_POINT('',(24.925,-0.559999999999993,17.473));
#6389=CARTESIAN_POINT('',(24.925,-0.559999999999993,17.473));
#6390=CARTESIAN_POINT('',(24.925,-4.78999999999999,17.473));
#6391=CARTESIAN_POINT('',(24.925,-7.28999999999999,17.473));
#6392=CARTESIAN_POINT('',(24.925,-4.78999999999999,17.473));
#6393=CARTESIAN_POINT('',(24.925,-7.28999999999999,17.473));
#6394=CARTESIAN_POINT('Origin',(18.925,8.22000000000001,15.473));
#6395=CARTESIAN_POINT('',(12.925,-0.559999999999995,15.473));
#6396=CARTESIAN_POINT('',(12.925,-0.559999999999995,15.473));
#6397=CARTESIAN_POINT('',(-2.22044604925031E-15,-0.559999999999994,15.473));
#6398=CARTESIAN_POINT('',(-2.22044604925031E-15,-0.559999999999994,15.473));
#6399=CARTESIAN_POINT('',(-6.66133814775094E-15,17.,15.473));
#6400=CARTESIAN_POINT('',(12.0375,7.25000000000001,15.473));
#6401=CARTESIAN_POINT('',(12.925,17.,15.473));
#6402=CARTESIAN_POINT('',(5.15,17.,15.473));
#6403=CARTESIAN_POINT('',(12.925,22.73,15.473));
#6404=CARTESIAN_POINT('',(12.925,23.73,15.473));
#6405=CARTESIAN_POINT('',(24.925,22.73,15.473));
#6406=CARTESIAN_POINT('',(15.925,22.73,15.473));
#6407=CARTESIAN_POINT('',(24.925,17.,15.473));
#6408=CARTESIAN_POINT('',(24.925,17.,15.473));
#6409=CARTESIAN_POINT('',(36.85,17.,15.473));
#6410=CARTESIAN_POINT('',(37.85,17.,15.473));
#6411=CARTESIAN_POINT('',(36.85,-0.559999999999992,15.473));
#6412=CARTESIAN_POINT('',(36.85,12.61,15.473));
#6413=CARTESIAN_POINT('',(24.925,-0.559999999999993,15.473));
#6414=CARTESIAN_POINT('Origin',(37.35,12.61,15.973));
#6415=CARTESIAN_POINT('',(37.85,-0.559999999999992,16.473));
#6416=CARTESIAN_POINT('',(37.85,-0.559999999999991,16.473));
#6417=CARTESIAN_POINT('',(37.85,17.,16.473));
#6418=CARTESIAN_POINT('',(34.61875,17.,13.24175));
#6419=CARTESIAN_POINT('',(37.85,12.61,16.473));
#6420=CARTESIAN_POINT('Origin',(24.925,17.,17.473));
#6421=CARTESIAN_POINT('',(24.925,17.,17.473));
#6422=CARTESIAN_POINT('',(24.925,17.,17.473));
#6423=CARTESIAN_POINT('',(35.35,17.,17.473));
#6424=CARTESIAN_POINT('',(37.85,17.,17.473));
#6425=CARTESIAN_POINT('',(35.35,17.,17.473));
#6426=CARTESIAN_POINT('',(37.85,17.,17.473));
#6427=CARTESIAN_POINT('Origin',(15.925,23.23,15.973));
#6428=CARTESIAN_POINT('',(24.925,23.73,16.473));
#6429=CARTESIAN_POINT('',(24.925,23.73,16.473));
#6430=CARTESIAN_POINT('',(12.925,23.73,16.473));
#6431=CARTESIAN_POINT('',(12.925,22.0475,14.7905));
#6432=CARTESIAN_POINT('',(15.925,23.73,16.473));
#6433=CARTESIAN_POINT('Origin',(12.925,17.,17.473));
#6434=CARTESIAN_POINT('',(12.925,17.,17.473));
#6435=CARTESIAN_POINT('',(12.925,17.,17.473));
#6436=CARTESIAN_POINT('',(12.925,21.23,17.473));
#6437=CARTESIAN_POINT('',(12.925,23.73,17.473));
#6438=CARTESIAN_POINT('',(12.925,21.23,17.473));
#6439=CARTESIAN_POINT('',(12.925,23.73,17.473));
#6440=CARTESIAN_POINT('Origin',(5.15,7.25,15.473));
#6441=CARTESIAN_POINT('Origin',(12.925,21.23,17.473));
#6442=CARTESIAN_POINT('',(24.925,21.23,17.473));
#6443=CARTESIAN_POINT('',(9.03749999999999,21.23,17.473));
#6444=CARTESIAN_POINT('',(24.925,21.23,17.473));
#6445=CARTESIAN_POINT('Origin',(35.35,17.,17.473));
#6446=CARTESIAN_POINT('',(35.35,-0.559999999999992,17.473));
#6447=CARTESIAN_POINT('',(35.35,8.50000000000002,17.473));
#6448=CARTESIAN_POINT('',(35.35,-0.559999999999992,17.473));
#6449=CARTESIAN_POINT('Origin',(2.49999999999999,-0.559999999999994,17.473));
#6450=CARTESIAN_POINT('',(2.49999999999999,17.,17.473));
#6451=CARTESIAN_POINT('',(2.49999999999999,-0.559999999999994,17.473));
#6452=CARTESIAN_POINT('',(2.49999999999999,-0.279999999999996,17.473));
#6453=CARTESIAN_POINT('',(2.49999999999999,17.,17.473));
#6454=CARTESIAN_POINT('',(2.49999999999999,-0.559999999999994,17.473));
#6455=CARTESIAN_POINT('Origin',(12.9401386475931,-4.79,17.473));
#6456=CARTESIAN_POINT('',(12.9401386475931,-7.29,17.473));
#6457=CARTESIAN_POINT('',(12.9401386475931,-4.79,17.473));
#6458=CARTESIAN_POINT('',(12.9401386475931,-2.395,17.473));
#6459=CARTESIAN_POINT('',(12.9401386475931,-7.29,17.473));
#6460=CARTESIAN_POINT('',(12.9401386475931,-4.79,17.473));
#6461=CARTESIAN_POINT('Origin',(24.925,-4.78999999999999,17.473));
#6462=CARTESIAN_POINT('',(15.0375,-4.79,17.473));
#6463=CARTESIAN_POINT('Origin',(-2.22044604925031E-15,-0.559999999999994,
17.473));
#6464=CARTESIAN_POINT('',(-4.44089209850063E-15,17.,0.));
#6465=CARTESIAN_POINT('',(-6.66133814775094E-15,17.,17.473));
#6466=CARTESIAN_POINT('',(-2.22044604925031E-15,12.75,0.));
#6467=CARTESIAN_POINT('',(-2.22044604925031E-15,-0.559999999999994,17.473));
#6468=CARTESIAN_POINT('',(-1.11022302462516E-15,12.,3.3));
#6469=CARTESIAN_POINT('Origin',(-2.22044604925031E-15,12.,5.));
#6470=CARTESIAN_POINT('',(-1.11022302462516E-15,5.,3.3));
#6471=CARTESIAN_POINT('Origin',(-1.11022302462516E-15,5.,5.));
#6472=CARTESIAN_POINT('Origin',(12.925,-0.560000000000004,17.473));
#6473=CARTESIAN_POINT('',(12.925,-0.559999999999995,17.473));
#6474=CARTESIAN_POINT('',(12.925,-0.559999999999995,17.473));
#6475=CARTESIAN_POINT('',(-2.22044604925031E-15,-0.559999999999994,17.473));
#6476=CARTESIAN_POINT('Origin',(12.925,-7.29,17.473));
#6477=CARTESIAN_POINT('',(12.925,-7.29,17.473));
#6478=CARTESIAN_POINT('',(12.925,-7.29,17.473));
#6479=CARTESIAN_POINT('',(12.925,-0.559999999999995,17.473));
#6480=CARTESIAN_POINT('Origin',(24.925,-7.28999999999999,17.473));
#6481=CARTESIAN_POINT('',(12.925,-7.29,17.473));
#6482=CARTESIAN_POINT('Origin',(37.85,-0.559999999999991,17.473));
#6483=CARTESIAN_POINT('',(37.85,-0.559999999999991,17.473));
#6484=CARTESIAN_POINT('',(24.925,-0.559999999999993,17.473));
#6485=CARTESIAN_POINT('Origin',(37.85,17.,17.473));
#6486=CARTESIAN_POINT('Origin',(24.925,23.73,17.473));
#6487=CARTESIAN_POINT('',(24.925,23.73,17.473));
#6488=CARTESIAN_POINT('',(24.925,17.,17.473));
#6489=CARTESIAN_POINT('Origin',(12.925,23.73,17.473));
#6490=CARTESIAN_POINT('Origin',(5.15,17.,17.473));
#6491=CARTESIAN_POINT('',(5.15,17.,-4.44089209850063E-15));
#6492=CARTESIAN_POINT('',(5.15,17.,17.473));
#6493=CARTESIAN_POINT('Origin',(5.15,5.,5.));
#6494=CARTESIAN_POINT('',(5.15,5.,3.3));
#6495=CARTESIAN_POINT('Origin',(5.15,12.,5.));
#6496=CARTESIAN_POINT('',(5.15,12.,3.3));
#6497=CARTESIAN_POINT('Origin',(5.15,17.,-4.44089209850063E-15));
#6498=CARTESIAN_POINT('Origin',(5.15,2.4980018054066E-15,17.473));
#6499=CARTESIAN_POINT('',(0.,0.,0.));
#6500=CARTESIAN_POINT('Origin',(12.51,15.925,-1.00000000000001));
#6501=CARTESIAN_POINT('',(4.0494876034006,22.4571224078474,-1.00000000000001));
#6502=CARTESIAN_POINT('',(4.79049247479528,23.6723703969347,-1.00000000000001));
#6503=CARTESIAN_POINT('',(4.11478509109946,22.5642102876735,-1.00000000000001));
#6504=CARTESIAN_POINT('',(5.25485552753596,23.6723703969347,-1.00000000000001));
#6505=CARTESIAN_POINT('',(8.88242776376797,23.6723703969347,-1.00000000000001));
#6506=CARTESIAN_POINT('',(4.30142925967479,22.1261402319578,-1.00000000000001));
#6507=CARTESIAN_POINT('',(4.04686393269923,21.7132959452046,-1.00000000000001));
#6508=CARTESIAN_POINT('',(5.25485552753596,20.6243703592645,-1.00000000000001));
#6509=CARTESIAN_POINT('',(7.36015894084556,17.3082447756059,-1.00000000000001));
#6510=CARTESIAN_POINT('',(4.81766265341308,20.6243703592645,-1.00000000000001));
#6511=CARTESIAN_POINT('',(8.66383132670654,20.6243703592645,-1.00000000000001));
#6512=CARTESIAN_POINT('',(4.0766577820184,21.81738820221,-1.00000000000001));
#6513=CARTESIAN_POINT('',(6.57103255214446,17.801444822307,-1.00000000000001));
#6514=CARTESIAN_POINT('',(3.35047300805162,20.6243703592645,-1.00000000000001));
#6515=CARTESIAN_POINT('',(3.5450040664921,20.943957098131,-1.00000000000001));
#6516=CARTESIAN_POINT('',(2.88610995531094,20.6243703592645,-1.00000000000001));
#6517=CARTESIAN_POINT('',(7.69805497765547,20.6243703592645,-1.00000000000001));
#6518=CARTESIAN_POINT('',(3.8271861419822,22.1459003618616,-1.00000000000001));
#6519=CARTESIAN_POINT('',(3.63693831463028,21.8383080740696,-1.00000000000001));
#6520=CARTESIAN_POINT('',(2.85646976045514,23.6723703969347,-1.00000000000001));
#6521=CARTESIAN_POINT('',(6.00037608101246,18.7285177096461,-1.00000000000001));
#6522=CARTESIAN_POINT('',(3.29366263457802,23.6723703969347,-1.00000000000001));
#6523=CARTESIAN_POINT('',(7.90183131728901,23.6723703969347,-1.00000000000001));
#6524=CARTESIAN_POINT('',(6.69415938105061,18.2049050398611,-1.00000000000001));
#6525=CARTESIAN_POINT('Origin',(4.07665778201841,21.81738820221,50.7414524821669));
#6526=CARTESIAN_POINT('',(4.81766265341308,20.6243703592645,-9.43689570931383E-15));
#6527=CARTESIAN_POINT('',(4.81766265341309,20.6243703592645,50.7414524821669));
#6528=CARTESIAN_POINT('',(4.0766577820184,21.81738820221,-9.71445146547012E-15));
#6529=CARTESIAN_POINT('',(6.57103255214446,17.801444822307,-9.15933995315754E-15));
#6530=CARTESIAN_POINT('',(4.07665778201841,21.81738820221,50.7414524821669));
#6531=CARTESIAN_POINT('Origin',(4.81766265341309,20.6243703592645,50.7414524821669));
#6532=CARTESIAN_POINT('',(5.25485552753596,20.6243703592645,-9.71445146547012E-15));
#6533=CARTESIAN_POINT('',(5.25485552753596,20.6243703592645,50.7414524821669));
#6534=CARTESIAN_POINT('',(8.66383132670654,20.6243703592645,-9.99200722162641E-15));
#6535=CARTESIAN_POINT('Origin',(5.25485552753596,20.6243703592645,50.7414524821669));
#6536=CARTESIAN_POINT('',(4.30142925967479,22.1261402319578,-9.71445146547012E-15));
#6537=CARTESIAN_POINT('',(4.3014292596748,22.1261402319578,50.7414524821669));
#6538=CARTESIAN_POINT('',(7.36015894084556,17.3082447756059,-1.80411241501588E-14));
#6539=CARTESIAN_POINT('Origin',(4.3014292596748,22.1261402319578,50.7414524821669));
#6540=CARTESIAN_POINT('',(5.25485552753596,23.6723703969347,-1.47104550762833E-14));
#6541=CARTESIAN_POINT('',(5.25485552753596,23.6723703969347,50.7414524821669));
#6542=CARTESIAN_POINT('',(4.04686393269923,21.7132959452046,-9.71445146547012E-15));
#6543=CARTESIAN_POINT('Origin',(5.25485552753596,23.6723703969347,50.7414524821669));
#6544=CARTESIAN_POINT('',(4.79049247479528,23.6723703969347,-1.47104550762833E-14));
#6545=CARTESIAN_POINT('',(4.79049247479529,23.6723703969347,50.7414524821669));
#6546=CARTESIAN_POINT('',(8.88242776376797,23.6723703969347,-1.52655665885959E-14));
#6547=CARTESIAN_POINT('Origin',(4.79049247479529,23.6723703969347,50.7414524821669));
#6548=CARTESIAN_POINT('',(4.0494876034006,22.4571224078474,-9.71445146547012E-15));
#6549=CARTESIAN_POINT('',(4.04948760340061,22.4571224078474,50.7414524821669));
#6550=CARTESIAN_POINT('',(4.11478509109946,22.5642102876735,-9.99200722162641E-15));
#6551=CARTESIAN_POINT('Origin',(4.04948760340061,22.4571224078474,50.7414524821669));
#6552=CARTESIAN_POINT('',(3.29366263457802,23.6723703969347,-1.4432899320127E-14));
#6553=CARTESIAN_POINT('',(3.29366263457803,23.6723703969347,50.7414524821669));
#6554=CARTESIAN_POINT('',(6.69415938105061,18.2049050398611,-1.80411241501588E-14));
#6555=CARTESIAN_POINT('Origin',(3.29366263457803,23.6723703969347,50.7414524821669));
#6556=CARTESIAN_POINT('',(2.85646976045514,23.6723703969347,-1.4432899320127E-14));
#6557=CARTESIAN_POINT('',(2.85646976045515,23.6723703969347,50.7414524821669));
#6558=CARTESIAN_POINT('',(7.90183131728901,23.6723703969347,-1.49880108324396E-14));
#6559=CARTESIAN_POINT('Origin',(2.85646976045515,23.6723703969347,50.7414524821669));
#6560=CARTESIAN_POINT('',(3.8271861419822,22.1459003618616,-9.71445146547012E-15));
#6561=CARTESIAN_POINT('',(3.82718614198221,22.1459003618616,50.7414524821669));
#6562=CARTESIAN_POINT('',(6.00037608101246,18.7285177096461,-9.15933995315754E-15));
#6563=CARTESIAN_POINT('Origin',(3.82718614198221,22.1459003618616,50.7414524821669));
#6564=CARTESIAN_POINT('',(2.88610995531094,20.6243703592645,-9.43689570931383E-15));
#6565=CARTESIAN_POINT('',(2.88610995531095,20.6243703592645,50.7414524821669));
#6566=CARTESIAN_POINT('',(3.63693831463028,21.8383080740696,-9.71445146547012E-15));
#6567=CARTESIAN_POINT('Origin',(2.88610995531095,20.6243703592645,50.7414524821669));
#6568=CARTESIAN_POINT('',(3.35047300805162,20.6243703592645,-9.43689570931383E-15));
#6569=CARTESIAN_POINT('',(3.35047300805162,20.6243703592645,50.7414524821669));
#6570=CARTESIAN_POINT('',(7.69805497765547,20.6243703592645,-9.99200722162641E-15));
#6571=CARTESIAN_POINT('Origin',(3.35047300805162,20.6243703592645,50.7414524821669));
#6572=CARTESIAN_POINT('',(3.5450040664921,20.943957098131,-5.55111512312578E-16));
#6573=CARTESIAN_POINT('Origin',(12.23,22.2,-1.08246744900953E-14));
#6574=CARTESIAN_POINT('',(7.22999999999999,19.3132486540519,-9.43689570931383E-15));
#6575=CARTESIAN_POINT('',(12.23,22.2,-1.08246744900953E-14));
#6576=CARTESIAN_POINT('',(10.9764226478132,21.4762467782649,-1.0547118733939E-14));
#6577=CARTESIAN_POINT('',(7.22999999999999,19.3132486540519,-1.00000000000001));
#6578=CARTESIAN_POINT('',(7.22999999999999,19.3132486540519,-9.43689570931383E-15));
#6579=CARTESIAN_POINT('',(12.23,22.2,-1.00000000000001));
#6580=CARTESIAN_POINT('',(12.23,22.2,-1.00000000000001));
#6581=CARTESIAN_POINT('',(12.23,22.2,-1.08246744900953E-14));
#6582=CARTESIAN_POINT('Origin',(7.22999999999999,25.0867513459481,-1.52655665885959E-14));
#6583=CARTESIAN_POINT('',(7.22999999999999,25.0867513459481,-1.52655665885959E-14));
#6584=CARTESIAN_POINT('',(11.1935773521868,22.7983788947092,-1.08246744900953E-14));
#6585=CARTESIAN_POINT('',(7.22999999999999,25.0867513459481,-1.00000000000001));
#6586=CARTESIAN_POINT('',(7.22999999999999,25.0867513459481,-1.00000000000001));
#6587=CARTESIAN_POINT('',(7.22999999999999,25.0867513459481,-1.52655665885959E-14));
#6588=CARTESIAN_POINT('Origin',(7.22999999999999,19.3132486540519,-9.43689570931383E-15));
#6589=CARTESIAN_POINT('',(7.22999999999999,17.6191243270259,-1.80411241501588E-14));
#6590=CARTESIAN_POINT('',(7.22999999999999,19.3132486540519,-1.00000000000001));
#6591=CARTESIAN_POINT('Origin',(9.72999999999999,22.2,-1.00000000000001));
#6592=CARTESIAN_POINT('Origin',(26.02,-2.22044604925031E-15,-3.05311331771918E-15));
#6593=CARTESIAN_POINT('',(26.02,5.22957409445672,16.7838122648566));
#6594=CARTESIAN_POINT('',(26.02,6.57820296039505,16.7838122648566));
#6595=CARTESIAN_POINT('',(26.02,3.28910148019761,16.7838122648566));
#6596=CARTESIAN_POINT('',(26.02,8.27757413212685,15.753815493618));
#6597=CARTESIAN_POINT('',(26.02,8.74229595553487,15.4721454349535));
#6598=CARTESIAN_POINT('',(26.02,8.27757413212685,16.1835983190269));
#6599=CARTESIAN_POINT('',(26.02,8.27757413212677,8.09179915951339));
#6600=CARTESIAN_POINT('',(26.02,6.93635531490248,16.9814135638952));
#6601=CARTESIAN_POINT('',(26.02,8.10522699033849,16.2861178895566));
#6602=CARTESIAN_POINT('',(26.02,8.27757413212687,17.7693487438115));
#6603=CARTESIAN_POINT('',(26.02,1.32037721747486,13.6821557129203));
#6604=CARTESIAN_POINT('',(26.02,8.27757413212687,18.2188916991243));
#6605=CARTESIAN_POINT('',(26.02,8.27757413212678,9.10944584956209));
#6606=CARTESIAN_POINT('',(26.02,6.53621268434935,17.1888949278857));
#6607=CARTESIAN_POINT('',(26.02,0.349176503249247,13.5293288462989));
#6608=CARTESIAN_POINT('',(26.02,5.22957409445673,17.1888949278857));
#6609=CARTESIAN_POINT('',(26.02,2.61478704722847,17.1888949278857));
#6610=CARTESIAN_POINT('',(26.02,5.22957409445663,8.39190613242827));
#6611=CARTESIAN_POINT('Origin',(-25.164409929778,8.27757413212688,17.7693487438115));
#6612=CARTESIAN_POINT('',(25.02,6.93635531490248,16.9814135638952));
#6613=CARTESIAN_POINT('',(-25.164409929778,6.93635531490249,16.9814135638952));
#6614=CARTESIAN_POINT('',(25.02,8.27757413212687,17.7693487438115));
#6615=CARTESIAN_POINT('',(25.02,1.32037721747486,13.6821557129203));
#6616=CARTESIAN_POINT('',(-25.164409929778,8.27757413212688,17.7693487438115));
#6617=CARTESIAN_POINT('Origin',(-25.164409929778,6.93635531490249,16.9814135638952));
#6618=CARTESIAN_POINT('',(25.02,8.27757413212685,16.1835983190269));
#6619=CARTESIAN_POINT('',(-25.164409929778,8.27757413212686,16.1835983190269));
#6620=CARTESIAN_POINT('',(25.02,8.10522699033849,16.2861178895566));
#6621=CARTESIAN_POINT('Origin',(-25.164409929778,8.27757413212686,16.1835983190269));
#6622=CARTESIAN_POINT('',(25.02,8.27757413212685,15.753815493618));
#6623=CARTESIAN_POINT('',(-25.164409929778,8.27757413212685,15.753815493618));
#6624=CARTESIAN_POINT('',(25.02,8.27757413212677,8.09179915951339));
#6625=CARTESIAN_POINT('Origin',(-25.164409929778,8.27757413212685,15.753815493618));
#6626=CARTESIAN_POINT('',(25.02,6.57820296039505,16.7838122648566));
#6627=CARTESIAN_POINT('',(-25.164409929778,6.57820296039505,16.7838122648566));
#6628=CARTESIAN_POINT('',(25.02,8.74229595553487,15.4721454349535));
#6629=CARTESIAN_POINT('Origin',(-25.164409929778,6.57820296039505,16.7838122648566));
#6630=CARTESIAN_POINT('',(25.02,5.22957409445672,16.7838122648566));
#6631=CARTESIAN_POINT('',(-25.164409929778,5.22957409445673,16.7838122648566));
#6632=CARTESIAN_POINT('',(25.02,3.2891014801976,16.7838122648566));
#6633=CARTESIAN_POINT('Origin',(-25.164409929778,5.22957409445673,16.7838122648566));
#6634=CARTESIAN_POINT('',(25.02,5.22957409445673,17.1888949278857));
#6635=CARTESIAN_POINT('',(-25.164409929778,5.22957409445673,17.1888949278857));
#6636=CARTESIAN_POINT('',(25.02,5.22957409445663,8.39190613242827));
#6637=CARTESIAN_POINT('Origin',(-25.164409929778,5.22957409445673,17.1888949278857));
#6638=CARTESIAN_POINT('',(25.02,6.53621268434935,17.1888949278857));
#6639=CARTESIAN_POINT('',(-25.164409929778,6.53621268434936,17.1888949278857));
#6640=CARTESIAN_POINT('',(25.02,2.61478704722847,17.1888949278857));
#6641=CARTESIAN_POINT('Origin',(-25.164409929778,6.53621268434936,17.1888949278857));
#6642=CARTESIAN_POINT('',(25.02,8.27757413212687,18.2188916991243));
#6643=CARTESIAN_POINT('',(-25.164409929778,8.27757413212688,18.2188916991243));
#6644=CARTESIAN_POINT('',(25.02,0.349176503249247,13.5293288462989));
#6645=CARTESIAN_POINT('Origin',(-25.164409929778,8.27757413212688,18.2188916991243));
#6646=CARTESIAN_POINT('',(25.02,8.27757413212679,9.10944584956209));
#6647=CARTESIAN_POINT('Origin',(25.02,13.62,16.83));
#6648=CARTESIAN_POINT('',(25.02,8.62,19.7167513459481));
#6649=CARTESIAN_POINT('',(25.02,13.62,16.83));
#6650=CARTESIAN_POINT('',(25.02,12.156301886423,17.675066499886));
#6651=CARTESIAN_POINT('',(26.02,8.62,19.7167513459481));
#6652=CARTESIAN_POINT('',(25.02,8.62,19.7167513459481));
#6653=CARTESIAN_POINT('',(26.02,13.62,16.83));
#6654=CARTESIAN_POINT('',(26.02,13.62,16.83));
#6655=CARTESIAN_POINT('',(25.02,13.62,16.83));
#6656=CARTESIAN_POINT('Origin',(25.02,8.62,13.9432486540519));
#6657=CARTESIAN_POINT('',(25.02,8.62,13.9432486540519));
#6658=CARTESIAN_POINT('',(25.02,2.36869811357697,10.3340578271399));
#6659=CARTESIAN_POINT('',(26.02,8.62,13.9432486540519));
#6660=CARTESIAN_POINT('',(26.02,8.62,13.9432486540519));
#6661=CARTESIAN_POINT('',(25.02,8.62,13.9432486540519));
#6662=CARTESIAN_POINT('Origin',(25.02,8.62,19.7167513459481));
#6663=CARTESIAN_POINT('',(25.02,8.62,9.85837567297405));
#6664=CARTESIAN_POINT('',(26.02,8.62,19.7167513459481));
#6665=CARTESIAN_POINT('Origin',(26.02,11.12,16.83));
#6666=CARTESIAN_POINT('Origin',(25.02,32.85,-1.9151347174784E-14));
#6667=CARTESIAN_POINT('',(12.2946846081378,32.85,11.0329867294521));
#6668=CARTESIAN_POINT('',(12.2946846081378,32.85,10.6550742450408));
#6669=CARTESIAN_POINT('',(12.2946846081378,32.85,5.3275371225204));
#6670=CARTESIAN_POINT('',(10.165530610997,32.85,10.6550742450408));
#6671=CARTESIAN_POINT('',(17.5927653054985,32.85,10.6550742450408));
#6672=CARTESIAN_POINT('',(10.165530610997,32.85,11.0156966157862));
#6673=CARTESIAN_POINT('',(10.165530610997,32.85,5.50784830789311));
#6674=CARTESIAN_POINT('',(11.8550217177769,32.85,11.0156966157862));
#6675=CARTESIAN_POINT('',(18.4375108588885,32.85,11.0156966157862));
#6676=CARTESIAN_POINT('',(10.2075208870427,32.85,13.3375118794896));
#6677=CARTESIAN_POINT('',(15.8350654953484,32.85,5.4066394180093));
#6678=CARTESIAN_POINT('',(10.2075208870427,32.85,13.703074282711));
#6679=CARTESIAN_POINT('',(10.2075208870427,32.85,6.85153714135547));
#6680=CARTESIAN_POINT('',(12.2205841209983,32.85,13.703074282711));
#6681=CARTESIAN_POINT('',(18.6202920604991,32.85,13.703074282711));
#6682=CARTESIAN_POINT('',(12.2205841209983,32.85,13.3424519119655));
#6683=CARTESIAN_POINT('',(12.2205841209983,32.85,6.67122595598276));
#6684=CARTESIAN_POINT('',(10.6644738910695,32.85,13.3424519119655));
#6685=CARTESIAN_POINT('',(17.8422369455347,32.85,13.3424519119655));
#6686=CARTESIAN_POINT('',(17.0096669513669,32.85,4.35342840987756));
#6687=CARTESIAN_POINT('Origin',(10.2075208870427,-17.8232825571252,13.3375118794896));
#6688=CARTESIAN_POINT('',(11.8550217177769,31.85,11.0156966157862));
#6689=CARTESIAN_POINT('',(11.8550217177769,-17.8232825571252,11.0156966157862));
#6690=CARTESIAN_POINT('',(10.2075208870427,31.85,13.3375118794896));
#6691=CARTESIAN_POINT('',(15.8350654953484,31.85,5.4066394180093));
#6692=CARTESIAN_POINT('',(10.2075208870427,-17.8232825571252,13.3375118794896));
#6693=CARTESIAN_POINT('Origin',(11.8550217177769,-17.8232825571252,11.0156966157862));
#6694=CARTESIAN_POINT('',(10.165530610997,31.85,11.0156966157862));
#6695=CARTESIAN_POINT('',(10.165530610997,-17.8232825571252,11.0156966157862));
#6696=CARTESIAN_POINT('',(18.4375108588885,31.85,11.0156966157862));
#6697=CARTESIAN_POINT('Origin',(10.165530610997,-17.8232825571252,11.0156966157862));
#6698=CARTESIAN_POINT('',(10.165530610997,31.85,10.6550742450408));
#6699=CARTESIAN_POINT('',(10.165530610997,-17.8232825571252,10.6550742450408));
#6700=CARTESIAN_POINT('',(10.165530610997,31.85,5.50784830789311));
#6701=CARTESIAN_POINT('Origin',(10.165530610997,-17.8232825571252,10.6550742450408));
#6702=CARTESIAN_POINT('',(12.2946846081378,31.85,10.6550742450408));
#6703=CARTESIAN_POINT('',(12.2946846081378,-17.8232825571252,10.6550742450408));
#6704=CARTESIAN_POINT('',(17.5927653054985,31.85,10.6550742450408));
#6705=CARTESIAN_POINT('Origin',(12.2946846081378,-17.8232825571252,10.6550742450408));
#6706=CARTESIAN_POINT('',(12.2946846081378,31.85,11.0329867294521));
#6707=CARTESIAN_POINT('',(12.2946846081378,-17.8232825571252,11.0329867294521));
#6708=CARTESIAN_POINT('',(12.2946846081378,31.85,5.3275371225204));
#6709=CARTESIAN_POINT('Origin',(12.2946846081378,-17.8232825571252,11.0329867294521));
#6710=CARTESIAN_POINT('',(10.6644738910695,31.85,13.3424519119655));
#6711=CARTESIAN_POINT('',(10.6644738910695,-17.8232825571252,13.3424519119656));
#6712=CARTESIAN_POINT('',(17.0096669513669,31.85,4.35342840987756));
#6713=CARTESIAN_POINT('Origin',(10.6644738910695,-17.8232825571252,13.3424519119656));
#6714=CARTESIAN_POINT('',(12.2205841209983,31.85,13.3424519119655));
#6715=CARTESIAN_POINT('',(12.2205841209983,-17.8232825571252,13.3424519119656));
#6716=CARTESIAN_POINT('',(17.8422369455347,31.85,13.3424519119655));
#6717=CARTESIAN_POINT('Origin',(12.2205841209983,-17.8232825571252,13.3424519119656));
#6718=CARTESIAN_POINT('',(12.2205841209983,31.85,13.703074282711));
#6719=CARTESIAN_POINT('',(12.2205841209983,-17.8232825571252,13.703074282711));
#6720=CARTESIAN_POINT('',(12.2205841209983,31.85,6.67122595598276));
#6721=CARTESIAN_POINT('Origin',(12.2205841209983,-17.8232825571252,13.703074282711));
#6722=CARTESIAN_POINT('',(10.2075208870427,31.85,13.703074282711));
#6723=CARTESIAN_POINT('',(10.2075208870427,-17.8232825571252,13.703074282711));
#6724=CARTESIAN_POINT('',(18.6202920604991,31.85,13.703074282711));
#6725=CARTESIAN_POINT('Origin',(10.2075208870427,-17.8232825571252,13.703074282711));
#6726=CARTESIAN_POINT('',(10.2075208870427,31.85,6.85153714135547));
#6727=CARTESIAN_POINT('Origin',(11.31,31.85,19.21));
#6728=CARTESIAN_POINT('',(14.1967513459481,31.85,14.21));
#6729=CARTESIAN_POINT('',(11.31,31.85,19.21));
#6730=CARTESIAN_POINT('',(17.1828370016748,31.85,9.03794792852882));
#6731=CARTESIAN_POINT('',(14.1967513459481,32.85,14.21));
#6732=CARTESIAN_POINT('',(14.1967513459481,31.85,14.21));
#6733=CARTESIAN_POINT('',(11.31,32.85,19.21));
#6734=CARTESIAN_POINT('',(11.31,32.85,19.21));
#6735=CARTESIAN_POINT('',(11.31,31.85,19.21));
#6736=CARTESIAN_POINT('Origin',(8.42324865405187,31.85,14.21));
#6737=CARTESIAN_POINT('',(8.42324865405187,31.85,14.21));
#6738=CARTESIAN_POINT('',(7.42128732535116,31.85,12.4745520714711));
#6739=CARTESIAN_POINT('',(8.42324865405187,32.85,14.21));
#6740=CARTESIAN_POINT('',(8.42324865405187,32.85,14.21));
#6741=CARTESIAN_POINT('',(8.42324865405187,31.85,14.21));
#6742=CARTESIAN_POINT('Origin',(14.1967513459481,31.85,14.21));
#6743=CARTESIAN_POINT('',(19.6083756729741,31.85,14.21));
#6744=CARTESIAN_POINT('',(14.1967513459481,32.85,14.21));
#6745=CARTESIAN_POINT('Origin',(11.31,32.85,16.71));
#6746=CARTESIAN_POINT('Origin',(8.50999999999999,-2.22044604925031E-15,
2.761));
#6747=CARTESIAN_POINT('',(8.50999999999999,-2.22044604925031E-15,2.761));
#6748=CARTESIAN_POINT('',(8.50999999999999,0.,4.76099999999999));
#6749=CARTESIAN_POINT('',(8.50999999999999,-2.22044604925031E-15,1.3805));
#6750=CARTESIAN_POINT('',(8.50999999999999,3.,2.76099999999999));
#6751=CARTESIAN_POINT('',(8.50999999999999,-2.22044604925031E-15,2.761));
#6752=CARTESIAN_POINT('',(8.50999999999999,3.,4.76099999999999));
#6753=CARTESIAN_POINT('',(8.50999999999999,3.,4.76099999999999));
#6754=CARTESIAN_POINT('',(8.50999999999999,0.,4.76099999999999));
#6755=CARTESIAN_POINT('Origin',(16.51,-2.22044604925031E-15,2.76099999999999));
#6756=CARTESIAN_POINT('',(16.51,-2.22044604925031E-15,2.76099999999999));
#6757=CARTESIAN_POINT('',(8.255,0.,2.761));
#6758=CARTESIAN_POINT('',(16.51,3.,2.76099999999999));
#6759=CARTESIAN_POINT('',(16.51,-2.22044604925031E-15,2.76099999999999));
#6760=CARTESIAN_POINT('',(8.50999999999999,3.,2.76099999999999));
#6761=CARTESIAN_POINT('Origin',(16.51,-2.22044604925031E-15,4.76099999999999));
#6762=CARTESIAN_POINT('',(16.51,-2.22044604925031E-15,4.76099999999999));
#6763=CARTESIAN_POINT('',(16.51,-2.22044604925031E-15,2.38049999999999));
#6764=CARTESIAN_POINT('',(16.51,3.,4.76099999999999));
#6765=CARTESIAN_POINT('',(16.51,-2.22044604925031E-15,4.76099999999999));
#6766=CARTESIAN_POINT('',(16.51,3.,2.76099999999999));
#6767=CARTESIAN_POINT('Origin',(8.50999999999999,0.,4.76099999999999));
#6768=CARTESIAN_POINT('',(4.255,0.,4.76099999999999));
#6769=CARTESIAN_POINT('',(16.51,3.,4.76099999999999));
#6770=CARTESIAN_POINT('Origin',(12.51,3.,3.76099999999999));
#6771=CARTESIAN_POINT('Origin',(0.,31.85,-1.58206781009085E-14));
#6772=CARTESIAN_POINT('',(0.,31.85,-1.58206781009085E-14));
#6773=CARTESIAN_POINT('',(0.,0.,0.));
#6774=CARTESIAN_POINT('',(0.,31.85,-1.58206781009085E-14));
#6775=CARTESIAN_POINT('',(0.,4.44089209850063E-15,27.61));
#6776=CARTESIAN_POINT('',(0.,0.,0.));
#6777=CARTESIAN_POINT('',(8.88178419700125E-15,31.85,27.61));
#6778=CARTESIAN_POINT('',(8.88178419700125E-15,31.85,27.61));
#6779=CARTESIAN_POINT('',(0.,31.85,-1.58206781009085E-14));
#6780=CARTESIAN_POINT('Origin',(25.02,31.85,-1.88737914186277E-14));
#6781=CARTESIAN_POINT('',(25.02,31.85,-1.88737914186277E-14));
#6782=CARTESIAN_POINT('',(25.02,31.85,-1.88737914186277E-14));
#6783=CARTESIAN_POINT('',(25.02,31.85,27.61));
#6784=CARTESIAN_POINT('',(25.02,31.85,27.61));
#6785=CARTESIAN_POINT('',(25.02,31.85,-1.88737914186277E-14));
#6786=CARTESIAN_POINT('Origin',(25.02,-4.44089209850063E-15,-3.05311331771918E-15));
#6787=CARTESIAN_POINT('',(25.02,-4.44089209850063E-15,-3.05311331771918E-15));
#6788=CARTESIAN_POINT('',(25.02,-4.44089209850063E-15,-3.05311331771918E-15));
#6789=CARTESIAN_POINT('',(25.02,2.22044604925031E-15,27.61));
#6790=CARTESIAN_POINT('',(25.02,2.22044604925031E-15,27.61));
#6791=CARTESIAN_POINT('',(25.02,-4.44089209850063E-15,-3.05311331771918E-15));
#6792=CARTESIAN_POINT('Origin',(0.,0.,0.));
#6793=CARTESIAN_POINT('',(0.,0.,0.));
#6794=CARTESIAN_POINT('',(0.,4.44089209850063E-15,27.61));
#6795=CARTESIAN_POINT('Origin',(12.51,15.925,27.61));
#6796=CARTESIAN_POINT('Origin',(12.51,15.925,-1.83186799063151E-14));
#6797=CARTESIAN_POINT('',(0.,0.,0.));
#6798=CARTESIAN_POINT('',(-12.65,39.5,3.50000000000001));
#6799=CARTESIAN_POINT('',(22.2,60.23,48.583));
#6800=UNCERTAINTY_MEASURE_WITH_UNIT(LENGTH_MEASURE(0.01),#6816,
'DISTANCE_ACCURACY_VALUE',
'Maximum model space distance between geometric entities at asserted c
onnectivities');
#6801=UNCERTAINTY_MEASURE_WITH_UNIT(LENGTH_MEASURE(0.01),#6816,
'DISTANCE_ACCURACY_VALUE',
'Maximum model space distance between geometric entities at asserted c
onnectivities');
#6802=UNCERTAINTY_MEASURE_WITH_UNIT(LENGTH_MEASURE(0.01),#6816,
'DISTANCE_ACCURACY_VALUE',
'Maximum model space distance between geometric entities at asserted c
onnectivities');
#6803=UNCERTAINTY_MEASURE_WITH_UNIT(LENGTH_MEASURE(0.01),#6816,
'DISTANCE_ACCURACY_VALUE',
'Maximum model space distance between geometric entities at asserted c
onnectivities');
#6804=UNCERTAINTY_MEASURE_WITH_UNIT(LENGTH_MEASURE(0.01),#6816,
'DISTANCE_ACCURACY_VALUE',
'Maximum model space distance between geometric entities at asserted c
onnectivities');
#6805=UNCERTAINTY_MEASURE_WITH_UNIT(LENGTH_MEASURE(0.01),#6816,
'DISTANCE_ACCURACY_VALUE',
'Maximum model space distance between geometric entities at asserted c
onnectivities');
#6806=UNCERTAINTY_MEASURE_WITH_UNIT(LENGTH_MEASURE(0.01),#6816,
'DISTANCE_ACCURACY_VALUE',
'Maximum model space distance between geometric entities at asserted c
onnectivities');
#6807=UNCERTAINTY_MEASURE_WITH_UNIT(LENGTH_MEASURE(0.01),#6816,
'DISTANCE_ACCURACY_VALUE',
'Maximum model space distance between geometric entities at asserted c
onnectivities');
#6808=(
GEOMETRIC_REPRESENTATION_CONTEXT(3)
GLOBAL_UNCERTAINTY_ASSIGNED_CONTEXT((#6800))
GLOBAL_UNIT_ASSIGNED_CONTEXT((#6816,#6818,#6819))
REPRESENTATION_CONTEXT('','3D')
);
#6809=(
GEOMETRIC_REPRESENTATION_CONTEXT(3)
GLOBAL_UNCERTAINTY_ASSIGNED_CONTEXT((#6801))
GLOBAL_UNIT_ASSIGNED_CONTEXT((#6816,#6818,#6819))
REPRESENTATION_CONTEXT('','3D')
);
#6810=(
GEOMETRIC_REPRESENTATION_CONTEXT(3)
GLOBAL_UNCERTAINTY_ASSIGNED_CONTEXT((#6802))
GLOBAL_UNIT_ASSIGNED_CONTEXT((#6816,#6818,#6819))
REPRESENTATION_CONTEXT('','3D')
);
#6811=(
GEOMETRIC_REPRESENTATION_CONTEXT(3)
GLOBAL_UNCERTAINTY_ASSIGNED_CONTEXT((#6803))
GLOBAL_UNIT_ASSIGNED_CONTEXT((#6816,#6818,#6819))
REPRESENTATION_CONTEXT('','3D')
);
#6812=(
GEOMETRIC_REPRESENTATION_CONTEXT(3)
GLOBAL_UNCERTAINTY_ASSIGNED_CONTEXT((#6804))
GLOBAL_UNIT_ASSIGNED_CONTEXT((#6816,#6818,#6819))
REPRESENTATION_CONTEXT('','3D')
);
#6813=(
GEOMETRIC_REPRESENTATION_CONTEXT(3)
GLOBAL_UNCERTAINTY_ASSIGNED_CONTEXT((#6805))
GLOBAL_UNIT_ASSIGNED_CONTEXT((#6816,#6818,#6819))
REPRESENTATION_CONTEXT('','3D')
);
#6814=(
GEOMETRIC_REPRESENTATION_CONTEXT(3)
GLOBAL_UNCERTAINTY_ASSIGNED_CONTEXT((#6806))
GLOBAL_UNIT_ASSIGNED_CONTEXT((#6816,#6818,#6819))
REPRESENTATION_CONTEXT('','3D')
);
#6815=(
GEOMETRIC_REPRESENTATION_CONTEXT(3)
GLOBAL_UNCERTAINTY_ASSIGNED_CONTEXT((#6807))
GLOBAL_UNIT_ASSIGNED_CONTEXT((#6816,#6818,#6819))
REPRESENTATION_CONTEXT('','3D')
);
#6816=(
LENGTH_UNIT()
NAMED_UNIT(*)
SI_UNIT(.MILLI.,.METRE.)
);
#6817=(
LENGTH_UNIT()
NAMED_UNIT(*)
SI_UNIT($,.METRE.)
);
#6818=(
NAMED_UNIT(*)
PLANE_ANGLE_UNIT()
SI_UNIT($,.RADIAN.)
);
#6819=(
NAMED_UNIT(*)
SI_UNIT($,.STERADIAN.)
SOLID_ANGLE_UNIT()
);
#6820=SHAPE_DEFINITION_REPRESENTATION(#6827,#6841);
#6821=SHAPE_DEFINITION_REPRESENTATION(#6828,#6842);
#6822=SHAPE_DEFINITION_REPRESENTATION(#6829,#6843);
#6823=SHAPE_DEFINITION_REPRESENTATION(#6830,#6844);
#6824=SHAPE_DEFINITION_REPRESENTATION(#6831,#6845);
#6825=SHAPE_DEFINITION_REPRESENTATION(#6836,#6846);
#6826=SHAPE_DEFINITION_REPRESENTATION(#6837,#6847);
#6827=PRODUCT_DEFINITION_SHAPE('',$,#6849);
#6828=PRODUCT_DEFINITION_SHAPE('',$,#6850);
#6829=PRODUCT_DEFINITION_SHAPE('',$,#6851);
#6830=PRODUCT_DEFINITION_SHAPE('',$,#6852);
#6831=PRODUCT_DEFINITION_SHAPE('',$,#6853);
#6832=PRODUCT_DEFINITION_SHAPE($,$,#32);
#6833=PRODUCT_DEFINITION_SHAPE($,$,#33);
#6834=PRODUCT_DEFINITION_SHAPE($,$,#34);
#6835=PRODUCT_DEFINITION_SHAPE($,$,#35);
#6836=PRODUCT_DEFINITION_SHAPE('',$,#6854);
#6837=PRODUCT_DEFINITION_SHAPE('',$,#6855);
#6838=PRODUCT_DEFINITION_SHAPE($,$,#36);
#6839=PRODUCT_DEFINITION_SHAPE($,$,#37);
#6840=PRODUCT_DEFINITION_SHAPE($,$,#38);
#6841=SHAPE_REPRESENTATION('',(#3989,#4410,#4411,#4412),#6808);
#6842=SHAPE_REPRESENTATION('',(#3990,#4308,#4309,#4310,#4311),#6809);
#6843=SHAPE_REPRESENTATION('',(#3991),#6810);
#6844=SHAPE_REPRESENTATION('',(#4052),#6811);
#6845=SHAPE_REPRESENTATION('',(#4293),#6812);
#6846=SHAPE_REPRESENTATION('',(#4312),#6813);
#6847=SHAPE_REPRESENTATION('',(#4352),#6814);
#6848=PRODUCT_DEFINITION_CONTEXT('part definition',#6871,'design');
#6849=PRODUCT_DEFINITION('2026-07-08-09-09-48-981',
'Cryomagsens_Calibration_Assembly',#6856,#6848);
#6850=PRODUCT_DEFINITION('2026-07-06-11-00-04-709','HelmholtzCoil',#6857,
#6848);
#6851=PRODUCT_DEFINITION('Coil Mount','Coil Mount',#6858,#6848);
#6852=PRODUCT_DEFINITION('coil','Coil',#6859,#6848);
#6853=PRODUCT_DEFINITION('2026-07-06-09-15-30-304','Coil Spacer',#6860,
#6848);
#6854=PRODUCT_DEFINITION('2026-07-07-08-19-25-138','MR3 Holder',#6861,#6848);
#6855=PRODUCT_DEFINITION('2026-07-07-08-36-49-162','MR3_Recreation',#6862,
#6848);
#6856=PRODUCT_DEFINITION_FORMATION('',$,#6873);
#6857=PRODUCT_DEFINITION_FORMATION('',$,#6874);
#6858=PRODUCT_DEFINITION_FORMATION('',$,#6875);
#6859=PRODUCT_DEFINITION_FORMATION('',$,#6876);
#6860=PRODUCT_DEFINITION_FORMATION('',$,#6877);
#6861=PRODUCT_DEFINITION_FORMATION('',$,#6878);
#6862=PRODUCT_DEFINITION_FORMATION('',$,#6879);
#6863=PRODUCT_RELATED_PRODUCT_CATEGORY(
'Cryomagsens_Calibration_Assembly','Cryomagsens_Calibration_Assembly',(#6873));
#6864=PRODUCT_RELATED_PRODUCT_CATEGORY('HelmholtzCoil','HelmholtzCoil',
(#6874));
#6865=PRODUCT_RELATED_PRODUCT_CATEGORY('Coil Mount','Coil Mount',(#6875));
#6866=PRODUCT_RELATED_PRODUCT_CATEGORY('Coil','Coil',(#6876));
#6867=PRODUCT_RELATED_PRODUCT_CATEGORY('Coil Spacer','Coil Spacer',(#6877));
#6868=PRODUCT_RELATED_PRODUCT_CATEGORY('MR3 Holder','MR3 Holder',(#6878));
#6869=PRODUCT_RELATED_PRODUCT_CATEGORY('MR3_Recreation',
'MR3_Recreation',(#6879));
#6870=APPLICATION_PROTOCOL_DEFINITION('international standard',
'automotive_design',2009,#6871);
#6871=APPLICATION_CONTEXT(
'Core Data for Automotive Mechanical Design Process');
#6872=PRODUCT_CONTEXT('part definition',#6871,'mechanical');
#6873=PRODUCT('2026-07-08-09-09-48-981',
'Cryomagsens_Calibration_Assembly',$,(#6872));
#6874=PRODUCT('2026-07-06-11-00-04-709','HelmholtzCoil',$,(#6872));
#6875=PRODUCT('Coil Mount','Coil Mount',$,(#6872));
#6876=PRODUCT('coil','Coil',$,(#6872));
#6877=PRODUCT('2026-07-06-09-15-30-304','Coil Spacer',$,(#6872));
#6878=PRODUCT('2026-07-07-08-19-25-138','MR3 Holder',$,(#6872));
#6879=PRODUCT('2026-07-07-08-36-49-162','MR3_Recreation',$,(#6872));
#6880=PRESENTATION_STYLE_ASSIGNMENT((#6886));
#6881=PRESENTATION_STYLE_ASSIGNMENT((#6887));
#6882=PRESENTATION_STYLE_ASSIGNMENT((#6888));
#6883=PRESENTATION_STYLE_ASSIGNMENT((#6889));
#6884=PRESENTATION_STYLE_ASSIGNMENT((#6890));
#6885=PRESENTATION_STYLE_ASSIGNMENT((#6891));
#6886=SURFACE_STYLE_USAGE(.BOTH.,#6892);
#6887=SURFACE_STYLE_USAGE(.BOTH.,#6893);
#6888=SURFACE_STYLE_USAGE(.BOTH.,#6894);
#6889=SURFACE_STYLE_USAGE(.BOTH.,#6895);
#6890=SURFACE_STYLE_USAGE(.BOTH.,#6896);
#6891=SURFACE_STYLE_USAGE(.BOTH.,#6897);
#6892=SURFACE_SIDE_STYLE('',(#6898));
#6893=SURFACE_SIDE_STYLE('',(#6899));
#6894=SURFACE_SIDE_STYLE('',(#6900));
#6895=SURFACE_SIDE_STYLE('',(#6901));
#6896=SURFACE_SIDE_STYLE('',(#6902));
#6897=SURFACE_SIDE_STYLE('',(#6903));
#6898=SURFACE_STYLE_FILL_AREA(#6904);
#6899=SURFACE_STYLE_FILL_AREA(#6905);
#6900=SURFACE_STYLE_FILL_AREA(#6906);
#6901=SURFACE_STYLE_FILL_AREA(#6907);
#6902=SURFACE_STYLE_FILL_AREA(#6908);
#6903=SURFACE_STYLE_FILL_AREA(#6909);
#6904=FILL_AREA_STYLE('Steel - Satin',(#6910));
#6905=FILL_AREA_STYLE('Brass - Polished',(#6911));
#6906=FILL_AREA_STYLE('Aluminum - Anodized Glossy (Red)',(#6912));
#6907=FILL_AREA_STYLE('Plastic - Matte (Black)',(#6913));
#6908=FILL_AREA_STYLE('Default',(#6914));
#6909=FILL_AREA_STYLE('Anodized - Black',(#6915));
#6910=FILL_AREA_STYLE_COLOUR('Steel - Satin',#6916);
#6911=FILL_AREA_STYLE_COLOUR('Brass - Polished',#6917);
#6912=FILL_AREA_STYLE_COLOUR('Aluminum - Anodized Glossy (Red)',#6918);
#6913=FILL_AREA_STYLE_COLOUR('Plastic - Matte (Black)',#6919);
#6914=FILL_AREA_STYLE_COLOUR('Default',#6920);
#6915=FILL_AREA_STYLE_COLOUR('Anodized - Black',#6921);
#6916=COLOUR_RGB('Steel - Satin',0.627450980392157,0.627450980392157,0.627450980392157);
#6917=COLOUR_RGB('Brass - Polished',0.952941176470588,0.796078431372549,
0.486274509803922);
#6918=COLOUR_RGB('Aluminum - Anodized Glossy (Red)',0.854901960784314,0.349019607843137,
0.349019607843137);
#6919=COLOUR_RGB('Plastic - Matte (Black)',0.0980392156862745,0.0980392156862745,
0.0980392156862745);
#6920=COLOUR_RGB('Default',0.749019607843137,0.749019607843137,0.749019607843137);
#6921=COLOUR_RGB('Anodized - Black',0.0392156862745098,0.0392156862745098,
0.0392156862745098);
ENDSEC;
END-ISO-10303-21;
